model,fold,perturbation,n_pseudobulk_replicates,mse_all,rmse_all,pearson_all,spearman_all,pearson_delta,spearman_delta,cosine_delta,mse_de,pearson_de,spearman_de,top_20_recovery,top_50_recovery,top_100_recovery
ridge,unseen_combo_fold0,AHR_FEV,8,0.0046434546820819,0.0681428983807563,0.9735129475593568,0.9708171959346856,0.9244573712348938,0.8107568758889323,0.9284808039665222,0.0627786964178085,0.9547311663627625,0.8581938193819382,0.6,0.72,0.68
ridge,unseen_combo_fold0,BCL2L11_BAK1,8,0.000565244234167,0.023774866014719,0.9951484203338624,0.972449867497629,0.3534085154533386,0.1266889972396667,0.3546790480613708,0.0057472442276775,0.5221102237701416,0.5465706570657066,0.35,0.22,0.27
ridge,unseen_combo_fold0,BCL2L11_TGFBR2,8,0.000511864956934,0.0226244330406188,0.9957714080810548,0.979992221326182,0.7679426074028015,0.2959075601295301,0.7668936252593994,0.0055741197429597,0.9210236668586732,0.8137773777377738,0.65,0.44,0.45
ridge,unseen_combo_fold0,BPGM_SAMD1,8,0.0012435080716386,0.0352634079754352,0.9905807971954346,0.975844857386993,0.9587621092796326,0.7449071673556349,0.9580898284912108,0.015316798351705,0.988353431224823,0.9157035703570358,0.85,0.76,0.8
ridge,unseen_combo_fold0,CDKN1B_CDKN1A,8,0.0014530001208186,0.0381182394921779,0.986686110496521,0.9672603971477064,0.9513878226280212,0.6951550780288938,0.9512310028076172,0.0151732908561825,0.9891099333763124,0.9436783678367836,0.9,0.88,0.83
ridge,unseen_combo_fold0,CEBPE_CEBPA,8,0.0020899299997836,0.0457157529890537,0.98602956533432,0.9678875722103352,0.9692912101745604,0.8687624131602999,0.9703476428985596,0.01643050275743,0.9787687659263612,0.95984398439844,0.85,0.84,0.85
ridge,unseen_combo_fold0,CEBPE_PTPN12,8,0.0011431297753006,0.0338102020323276,0.9901297092437744,0.9717260616539912,0.8795530796051025,0.6850999113356747,0.8800047039985657,0.0067682238295674,0.9487571716308594,0.9357335733573358,0.65,0.72,0.67
ridge,unseen_combo_fold0,CEBPE_RUNX1T1,8,0.0004963795654475,0.0222795773297548,0.9956236481666564,0.98628422342268,0.9568995833396912,0.8496901875898454,0.9574072360992432,0.0039783529937267,0.9760838747024536,0.9228082808280827,0.8,0.84,0.81
ridge,unseen_combo_fold0,DUSP9_PRTG,8,0.001345362747088,0.0366791859269142,0.9906011819839478,0.9701036969387568,0.9654243588447572,0.7986723764130914,0.9658861756324768,0.0125218937173485,0.9864336252212524,0.9574557455745576,0.6,0.88,0.82
ridge,unseen_combo_fold0,ETS2_IGDCC3,8,0.0008474669302813,0.0291112847626209,0.9928792715072632,0.9782736145574732,0.8777511119842529,0.6844207051248848,0.8794053196907043,0.0045684720389544,0.9655745625495912,0.918079807980798,0.7,0.66,0.69
ridge,unseen_combo_fold0,FOXA1_FOXF1,8,0.0006411846843548,0.0253216251730918,0.994157075881958,0.9789799754880104,0.9529853463172911,0.8077723326450968,0.9540767073631288,0.0043604495003819,0.9865673184394836,0.9583558355835584,0.7,0.86,0.83
ridge,unseen_combo_fold0,FOXA3_FOXL2,8,0.0034151200670748,0.0584390275180339,0.9717743396759032,0.9630525757601576,0.9291654825210572,0.8158480618799875,0.9307947754859924,0.0334954783320426,0.971628963947296,0.916999699969997,0.8,0.74,0.78
ridge,unseen_combo_fold0,IRF1_SET,8,0.0042354920879006,0.0650806576013565,0.9650822281837464,0.9697155583989054,0.9133563041687012,0.8031856739619561,0.9151344895362854,0.0634718164801597,0.9423974752426147,0.8910651065106511,0.8,0.72,0.69
ridge,unseen_combo_fold0,KIF18B_KIF2C,8,0.0012569506652653,0.0354534983634948,0.98893940448761,0.9573088168098142,0.5955420136451721,0.2849200005539483,0.597930908203125,0.010195585899055,0.8165943622589111,0.7986198619861986,0.45,0.5,0.44
ridge,unseen_combo_fold0,KLF1_CEBPA,8,0.0045258370228111,0.0672743394970893,0.9667580127716064,0.9722875951876055,0.9059248566627502,0.814139260111619,0.9082952737808228,0.046786580234766,0.939441442489624,0.9313891389138914,0.8,0.74,0.77
ridge,unseen_combo_fold0,MAP2K3_IKZF3,8,0.0024371903855353,0.0493679083883762,0.984882652759552,0.973645826246742,0.9568102359771729,0.7322525414570884,0.956862211227417,0.039249263703823,0.9706847667694092,0.934965496549655,0.85,0.72,0.77
ridge,unseen_combo_fold0,POU3F2_CBFA2T3,8,0.0016256051603704,0.0403187945485115,0.9857529401779176,0.9731475091711984,0.892336905002594,0.7400024697040473,0.8952213525772095,0.0156495906412601,0.9573861956596376,0.9025382538253826,0.7,0.7,0.69
ridge,unseen_combo_fold0,POU3F2_FOXL2,8,0.0021123285405337,0.0459600761532783,0.9828882217407228,0.9745381640146576,0.9415128827095032,0.8271945267597373,0.9427189826965332,0.0247327871620655,0.9751847982406616,0.9451185118511852,0.7,0.82,0.82
ridge,unseen_combo_fold0,PRDM1_CBFA2T3,8,0.0060609611682593,0.0778521746397018,0.9538823962211608,0.948444891589608,0.891607940196991,0.7122611242104895,0.8932700753211975,0.073663406074047,0.949349582195282,0.9273447344734472,0.7,0.74,0.73
ridge,unseen_combo_fold0,SAMD1_PTPN12,8,0.0008997252443805,0.0299954209476709,0.9929940104484558,0.9708765009361044,0.9736275672912598,0.7927286327648472,0.9735130667686462,0.0089860428124666,0.9943371415138244,0.9304770477047704,0.95,0.78,0.82
ridge,unseen_combo_fold0,SAMD1_TGFBR2,8,0.0019449741812422,0.0441018603742122,0.983373999595642,0.9560660090563756,0.8829812407493591,0.57120492573713,0.8832330107688904,0.015961904078722,0.9722001552581788,0.8965616561656166,0.8,0.62,0.6
ridge,unseen_combo_fold0,SET_CEBPE,8,0.0026620121207088,0.0515946894884109,0.9773933291435242,0.9671987773722968,0.811565637588501,0.6710554545714982,0.8119508028030396,0.0199277456849813,0.8934366703033447,0.8941374137413741,0.6,0.58,0.59
ridge,unseen_combo_fold0,SET_KLF1,8,0.0018573692068457,0.0430972054600715,0.98684424161911,0.9753362665154632,0.8890659213066101,0.684047400553238,0.88736891746521,0.0215707570314407,0.942202627658844,0.8971017101710171,0.55,0.6,0.7
ridge,unseen_combo_fold0,SGK1_S1PR2,8,0.0037960619665682,0.0616121888160705,0.968886137008667,0.9710297241808052,0.8882243037223816,0.7708066830667409,0.8885121941566467,0.0567903742194175,0.9209102392196656,0.891029102910291,0.65,0.68,0.7
ridge,unseen_combo_fold0,SGK1_TBX3,8,0.0032523265108466,0.0570291727781295,0.9723084568977356,0.976270187277915,0.9405888319015504,0.7348635798120348,0.9405945539474488,0.056051205843687,0.9673642516136168,0.9011221122112212,0.65,0.68,0.78
ridge,unseen_combo_fold0,TBX3_TBX2,8,0.0015356669900938,0.0391875877976417,0.9868234992027284,0.9841960978386992,0.9709272980690002,0.7958341135162935,0.9704621434211732,0.0266384817659854,0.987010419368744,0.9292529252925292,0.95,0.84,0.78
ridge,unseen_combo_fold0,ZBTB10_PTPN12,8,0.001982488669455,0.044525146484375,0.9828671813011168,0.9637055698404302,0.8734292387962341,0.7651132597162459,0.8751440048217773,0.008937451057136,0.959733247756958,0.9097509750975098,0.6,0.68,0.69
ridge,unseen_combo_fold1,BPGM_ZBTB1,8,0.000757499190513,0.0275227036327123,0.9945327043533324,0.9541107792872564,0.9640719294548036,0.6913832836529089,0.9632263779640198,0.0037338198162615,0.989670991897583,0.9454905490549056,0.9,0.76,0.77
ridge,unseen_combo_fold1,CBL_CNN1,8,0.0017724146600812,0.0421000570058822,0.9876399636268616,0.957114028213186,0.965125560760498,0.7648322245860003,0.9648297429084778,0.0216873958706855,0.9823204278945924,0.9354335433543356,0.75,0.86,0.76
ridge,unseen_combo_fold1,CBL_PTPN12,8,0.0008275210857391,0.0287666656076908,0.9938278794288636,0.9476698609774932,0.9640595316886902,0.7063987026904798,0.9634471535682678,0.0058280830271542,0.9868128299713136,0.9311371137113712,0.7,0.76,0.76
ridge,unseen_combo_fold1,CEBPB_OSR2,8,0.0022093735169619,0.047003973275423,0.9827202558517456,0.9638463660819266,0.9313324689865112,0.8288064914769004,0.9343470335006714,0.0175739862024784,0.9557484984397888,0.9283528352835284,0.75,0.8,0.72
ridge,unseen_combo_fold1,CEBPE_CEBPB,8,0.0041809175163507,0.0646600127220153,0.9669289588928224,0.9530377768538792,0.9112240672111512,0.7900119821424949,0.9140971899032592,0.038033403456211,0.9476978778839112,0.9027182718271828,0.8,0.72,0.78
ridge,unseen_combo_fold1,CEBPE_SPI1,8,0.0089590149000287,0.0946520715951919,0.9367199540138244,0.9478840546826416,0.914286732673645,0.8102436331904291,0.9133716821670532,0.1145713925361633,0.9354789853096008,0.8802520252025202,0.65,0.68,0.7
ridge,unseen_combo_fold1,CNN1_MAPK1,8,0.001233400311321,0.0351197980344295,0.9893669486045836,0.969340916139216,0.8566868901252747,0.6451139157500224,0.8571472764015198,0.0074146087281405,0.9439072012901306,0.9068226822682268,0.8,0.68,0.79
ridge,unseen_combo_fold1,CNN1_UBASH3A,8,0.0030148152727633,0.0549073331058025,0.976938784122467,0.955542389325765,0.9455780982971193,0.6961725703932222,0.9455773234367372,0.0403855331242084,0.9711381196975708,0.9043504350435044,0.8,0.72,0.71
ridge,unseen_combo_fold1,ETS2_IKZF3,8,0.0009370322222821,0.0306109823286533,0.9949821829795836,0.9776471938341476,0.9798274040222168,0.8718116917333978,0.9801153540611268,0.0110749937593936,0.990882396697998,0.97020102010201,0.7,0.86,0.88
ridge,unseen_combo_fold1,FOSB_CEBPB,8,0.0048198155127465,0.0694248899817466,0.961860418319702,0.943305388797348,0.8959222435951233,0.7367677284291143,0.8986511826515198,0.0497451908886432,0.9351213574409484,0.8881728172817281,0.75,0.68,0.75
ridge,unseen_combo_fold1,FOSB_CEBPE,8,0.0048564272001385,0.0696880742907524,0.9638713598251344,0.9603779289431912,0.9068443179130554,0.7853749728553499,0.9087209701538086,0.05094925314188,0.9515894651412964,0.9147194719471948,0.8,0.72,0.72
ridge,unseen_combo_fold1,FOSB_UBASH3B,8,0.0011782890651375,0.0343262143433094,0.9893828630447388,0.9724799403709368,0.790884256362915,0.5590746882879147,0.7927272915840149,0.0083082728087902,0.8897126317024231,0.8698829882988299,0.7,0.54,0.7
ridge,unseen_combo_fold1,FOXF1_HOXB9,8,0.000911790120881,0.0301958620548248,0.9917508363723756,0.9690958469201376,0.938370943069458,0.781234453182173,0.9400464296340942,0.0042782621458172,0.9785569310188292,0.943030303030303,0.7,0.78,0.78
ridge,unseen_combo_fold1,JUN_CEBPA,8,0.0066709667444229,0.0816759839653968,0.9596543312072754,0.9286122531114592,0.9217036962509156,0.7597547358104468,0.9245253205299376,0.0539705976843833,0.9527324438095092,0.906054605460546,0.65,0.7,0.8
ridge,unseen_combo_fold1,KLF1_COL2A1,8,0.0022138957865536,0.0470520555973053,0.982635259628296,0.957791181144378,0.8697561025619507,0.6701130990767846,0.8706114292144775,0.0204581208527088,0.9206973910331726,0.8812721272127213,0.7,0.7,0.63
ridge,unseen_combo_fold1,KLF1_FOXA1,8,0.0014234917471185,0.037729188799858,0.9890962839126588,0.966593702474101,0.883055567741394,0.6692790126400758,0.8830978870391846,0.0151868378743529,0.9040032625198364,0.8889048904890489,0.7,0.78,0.74
ridge,unseen_combo_fold1,KLF1_TGFBR2,8,0.0004775106499437,0.0218520164489746,0.9966909885406494,0.965701378041348,0.9662122130393982,0.5920113296722309,0.9658606052398682,0.0036348637659102,0.9885419011116028,0.9618001800180018,0.8,0.9,0.77
ridge,unseen_combo_fold1,MAP2K3_ELMSAN1,8,0.0007374059641733,0.0271552205085754,0.9943627119064332,0.9542791452087112,0.9002112150192261,0.6686311545302275,0.8998729586601257,0.0053510828875005,0.9670614004135132,0.918043804380438,0.6,0.72,0.77
ridge,unseen_combo_fold1,MAP2K3_MAP2K6,8,0.0009892075322568,0.0314516685903072,0.9925113320350648,0.9481130815148608,0.8232315182685852,0.5869278479536799,0.8228479027748108,0.0063413954339921,0.9193243384361268,0.8918811881188119,0.6,0.68,0.75
ridge,unseen_combo_fold1,MAP2K3_SLC38A2,8,0.0007805422646924,0.0279381871223449,0.9937408566474916,0.9473382618345798,0.8059678077697754,0.5007891588992032,0.8055659532546997,0.0032724663615226,0.9315459728240968,0.8803840384038404,0.6,0.68,0.68
ridge,unseen_combo_fold1,MAPK1_PRTG,8,0.0012555932626128,0.0354343503713607,0.9895046949386596,0.9703280810453394,0.8708916902542114,0.6966672580231459,0.8723554015159607,0.010796669870615,0.9086652994155884,0.878019801980198,0.7,0.64,0.68
ridge,unseen_combo_fold1,PLK4_STIL,8,0.0036405378486961,0.0603368692100048,0.9669045805931092,0.9317096969448676,0.6065335273742676,0.3758090413598682,0.599353015422821,0.0329696722328662,0.8478712439537048,0.8383318331833184,0.4,0.38,0.4
ridge,unseen_combo_fold1,PTPN12_PTPN9,8,0.0009018410928547,0.0300306696444749,0.9925388693809508,0.9566058409123032,0.9501659870147704,0.7065045904798389,0.949302852153778,0.0074439817108213,0.9833816289901732,0.9064986498649864,0.9,0.74,0.79
ridge,unseen_combo_fold1,UBASH3B_PTPN12,8,0.0009873979724943,0.0314228907227516,0.992564618587494,0.9390703753752272,0.9566515684127808,0.7016326698166152,0.9546879529953004,0.0064013600349426,0.9870944619178772,0.9184878487848784,0.75,0.72,0.79
ridge,unseen_combo_fold1,UBASH3B_UBASH3A,8,0.0014005949487909,0.0374245233833789,0.987764060497284,0.9679438703359534,0.9157233238220216,0.6404965810993659,0.9156765937805176,0.0141334664076566,0.960261046886444,0.9064746474647464,0.7,0.72,0.69
ridge,unseen_combo_fold1,ZC3HAV1_CEBPA,8,0.0028803953900933,0.0536693148314952,0.9798411130905152,0.9548484481400484,0.9445406794548036,0.7770384298573064,0.9456821084022522,0.0231259576976299,0.966504693031311,0.9398019801980196,0.8,0.84,0.81
ridge,unseen_combo_fold2,AHR_KLF1,8,0.0016894289292395,0.0411026626825332,0.988074004650116,0.9605605642965152,0.8920712471008301,0.5024732019435793,0.8940596580505371,0.0106880059465765,0.9461658000946044,0.8688988898889889,0.75,0.68,0.65
ridge,unseen_combo_fold2,CBL_TGFBR2,8,0.0007510508876293,0.0274053085595369,0.9935916662216188,0.9645839818110497,0.93633633852005,0.6025697825244792,0.9361216425895692,0.0038565990980714,0.9815945029258728,0.9113351335133514,0.5,0.7,0.73
ridge,unseen_combo_fold2,CEBPB_MAPK1,8,0.0014690683456137,0.0383284278213977,0.9880412817001344,0.9614655695944064,0.9473341107368468,0.816902138211404,0.9485164284706116,0.0100151309743523,0.976433038711548,0.9732973297329732,0.8,0.82,0.79
ridge,unseen_combo_fold2,DUSP9_ETS2,8,0.0016062593786045,0.0400781668722629,0.9873327612876892,0.9755168767758124,0.8634110689163208,0.671070762667463,0.8647652268409729,0.0159585308283567,0.9148996472358704,0.8913771377137714,0.65,0.76,0.73
ridge,unseen_combo_fold2,ETS2_MAP7D1,8,0.0015953492838889,0.0399418249726295,0.9862781763076782,0.9664745323858108,0.904451549053192,0.6329875297618296,0.9053878784179688,0.0189637467265129,0.9510837197303772,0.9422382238223822,0.65,0.8,0.73
ridge,unseen_combo_fold2,ETS2_MAPK1,8,0.0031879057642072,0.0564615428447723,0.97654128074646,0.95045479163609,0.9026066064834596,0.7089869445492392,0.902522623538971,0.035521987825632,0.934607982635498,0.9287968796879688,0.8,0.84,0.66
ridge,unseen_combo_fold2,FEV_CBFA2T3,8,0.0043364390730857,0.0658516436815261,0.9722877144813538,0.9587475966429312,0.9180014729499816,0.775410051969464,0.9217588305473328,0.0514313168823719,0.9389342665672302,0.9010621062106212,0.8,0.74,0.77
ridge,unseen_combo_fold2,FOXA1_FOXL2,8,0.0008268827223218,0.0287555679678916,0.992372989654541,0.9708210698269816,0.9495055079460144,0.8017632992521754,0.9507812857627868,0.0034892093390226,0.9850059747695924,0.9522112211221122,0.7,0.84,0.78
ridge,unseen_combo_fold2,FOXA3_FOXF1,8,0.0011328953551128,0.0336585119366645,0.989029049873352,0.9681985973577898,0.9198521971702576,0.764951955762194,0.9216118454933168,0.0041110087186098,0.9761781692504884,0.9364176417641764,0.8,0.76,0.78
ridge,unseen_combo_fold2,IGDCC3_PRTG,8,0.0028816480189561,0.05368098244071,0.9780972599983216,0.9390710875762062,0.9171830415725708,0.6676625221417556,0.9166167974472046,0.0262824017554521,0.9667508006095886,0.928028802880288,0.6,0.72,0.69
ridge,unseen_combo_fold2,KLF1_BAK1,8,0.0004522474482655,0.0212661102414131,0.9966739416122437,0.9605649111773984,0.9580522179603576,0.5938337714559541,0.9575156569480896,0.0034760651178658,0.9874387383461,0.9615961596159616,0.85,0.82,0.75
ridge,unseen_combo_fold2,KLF1_CLDN6,8,0.0019107343396171,0.0437119491398334,0.9865711331367492,0.952210235661304,0.9305394291877748,0.6424714010943571,0.9287216067314148,0.0194788854569196,0.956617832183838,0.937041704170417,0.8,0.74,0.7
ridge,unseen_combo_fold2,LHX1_ELMSAN1,8,0.0011272439733147,0.03357445448637,0.9904797077178956,0.9680059324711098,0.8982812762260437,0.5602011274515571,0.8992025852203369,0.0105870207771658,0.9490057826042176,0.9154395439543954,0.7,0.72,0.67
ridge,unseen_combo_fold2,LYL1_IER5L,8,0.0020679477602243,0.0454746931791305,0.9827407002449036,0.9482703306910288,0.8527915477752686,0.5816058833777833,0.8531532287597656,0.0167133752256631,0.92863929271698,0.8852925292529253,0.75,0.58,0.6
ridge,unseen_combo_fold2,MAP2K6_ELMSAN1,8,0.000381086836569,0.0195214450359344,0.9969335198402404,0.9645071495305207,0.919671595096588,0.6474152696790625,0.9195823073387146,0.0019793401006609,0.9700934886932372,0.9171437143714372,0.8,0.74,0.76
ridge,unseen_combo_fold2,MAP2K6_IKZF3,8,0.0008201178279705,0.0286376997828483,0.9945303201675416,0.9627419168240178,0.9732579588890076,0.7449789919458818,0.9734051823616028,0.0063533093780279,0.9879246354103088,0.9453345334533452,0.85,0.78,0.79
ridge,unseen_combo_fold2,MAP2K6_SPI1,8,0.0047621927224099,0.0690086409449577,0.9566158652305604,0.9473112617736228,0.7736690044403076,0.5801285088501206,0.7682209610939026,0.0349510870873928,0.8759348392486572,0.8641104110411041,0.55,0.56,0.61
ridge,unseen_combo_fold2,MAPK1_IKZF3,8,0.0009573927964083,0.0309417638927698,0.9931946992874146,0.96565110702222,0.959191083908081,0.799039472221275,0.9594760537147522,0.00648795068264,0.9807310104370116,0.9576717671767176,0.85,0.84,0.83
ridge,unseen_combo_fold2,PTPN12_OSR2,8,0.0018665919778868,0.0432040728628635,0.9837837815284728,0.9568115127223158,0.6712449789047241,0.4666886071980145,0.6820883750915527,0.0138731803745031,0.7623221278190613,0.7255445544554455,0.5,0.36,0.46
ridge,unseen_combo_fold2,PTPN12_SNAI1,8,0.0012124219210818,0.0348198488354682,0.9880963563919068,0.957348831656552,0.8454735279083252,0.6685993674738957,0.8455410003662109,0.0052820569835603,0.9439862370491028,0.9167836783678368,0.5,0.7,0.73
ridge,unseen_combo_fold2,PTPN12_UBASH3A,8,0.0019118206109851,0.0437243692576885,0.9850735068321228,0.9542450704229768,0.9561766386032104,0.6912797901431504,0.9559868574142456,0.0272150803357362,0.985932230949402,0.9374017401740176,0.85,0.8,0.79
ridge,unseen_combo_fold2,TGFBR2_PRTG,8,0.0007067138212732,0.0265840888023376,0.9941099286079408,0.9658631810163172,0.9509668350219728,0.7170568330681826,0.950847864151001,0.004047283437103,0.9825425148010254,0.936069606960696,0.75,0.86,0.77
ridge,unseen_combo_fold2,UBASH3B_CNN1,8,0.0015827696770429,0.0397840365767478,0.9890923500061036,0.959528430435934,0.9756575226783752,0.7831714993068186,0.9753382205963136,0.0222181677818298,0.9900701642036438,0.9338733873387338,0.8,0.84,0.84
ridge,unseen_combo_fold2,UBASH3B_OSR2,8,0.0021174969151616,0.0460162684321403,0.9811108708381652,0.9672646060221204,0.6454027891159058,0.5164313549535337,0.6605061292648315,0.0151758575811982,0.7368287444114685,0.7281968196819681,0.55,0.48,0.42
ridge,unseen_combo_fold2,ZBTB10_ELMSAN1,8,0.0020956574007868,0.0457783490419387,0.9818965792655944,0.958599502653433,0.9020043015480042,0.7506603341161968,0.904474914073944,0.0156392566859722,0.9658694267272948,0.9312571257125712,0.8,0.66,0.7
ridge,unseen_combo_fold2,ZBTB10_SNAI1,8,0.003502081381157,0.0591783858835697,0.9701714515686036,0.9409650157279712,0.9130105376243592,0.7821549745534719,0.914038360118866,0.0248485561460256,0.9619168043136596,0.938001800180018,0.75,0.72,0.76
ridge,unseen_combo_fold3,CBL_PTPN9,8,0.0006855385727249,0.0261827912181615,0.9947966933250428,0.969126071303828,0.965969741344452,0.7070606463503942,0.9645070433616638,0.0035053864121437,0.9914856553077698,0.9316531653165316,0.85,0.8,0.81
ridge,unseen_combo_fold3,CDKN1C_CDKN1B,8,0.0014299983158707,0.0378153175115585,0.9871007204055786,0.9587825391572332,0.9114737510681152,0.6067967909960684,0.9116133451461792,0.0061320937238633,0.975296437740326,0.9332133213321332,0.75,0.78,0.71
ridge,unseen_combo_fold3,CEBPB_CEBPA,8,0.0065958285704255,0.0812147036194801,0.9612827301025392,0.9379373832707304,0.9396045804023744,0.7844490581916194,0.9420151710510254,0.0419171676039695,0.979142725467682,0.9461986198619862,0.9,0.84,0.8
ridge,unseen_combo_fold3,CEBPE_KLF1,8,0.0027972869575023,0.052889384329319,0.9788564443588256,0.9619220663249358,0.7955495715141296,0.5708930181519445,0.7981305718421936,0.0213833339512348,0.865676999092102,0.8772757275727573,0.55,0.58,0.66
ridge,unseen_combo_fold3,DUSP9_IGDCC3,8,0.0008501345291733,0.0291570667177438,0.994116187095642,0.9611199537737314,0.972688615322113,0.8114002512747054,0.972025454044342,0.0056724334135651,0.9885369539260864,0.9675487548754876,0.8,0.86,0.82
ridge,unseen_combo_fold3,DUSP9_KLF1,8,0.0016907700337469,0.0411189757287502,0.9895168542861938,0.9634752048583446,0.955290675163269,0.7249670715436578,0.9557979702949524,0.0219056699424982,0.9673894047737122,0.931821182118212,0.75,0.8,0.82
ridge,unseen_combo_fold3,DUSP9_MAPK1,8,0.001715624355711,0.0414200946688652,0.9865208268165588,0.9658696617464464,0.8461107611656189,0.5651317865899298,0.8509135842323303,0.0088421562686562,0.9467681646347046,0.884008400840084,0.65,0.64,0.6
ridge,unseen_combo_fold3,DUSP9_SNAI1,8,0.0057143718004226,0.075593464076519,0.9530422687530518,0.9576728573211216,0.819693386554718,0.746661811663341,0.8231778144836426,0.0453439392149448,0.9354974627494812,0.8971497149714972,0.55,0.64,0.65
ridge,unseen_combo_fold3,FEV_ISL2,8,0.0014665501657873,0.0382955633103847,0.9904500246047974,0.9669659155256288,0.9564367532730104,0.7854503299055847,0.9583498239517212,0.0126148462295532,0.9812945127487184,0.96001200120012,0.8,0.86,0.79
ridge,unseen_combo_fold3,FEV_MAP7D1,8,0.0015785855939611,0.0397314168512821,0.9892434477806092,0.9676119456263412,0.9302920699119568,0.7543420309188451,0.9315019249916076,0.011697837151587,0.9615647196769714,0.9205160516051604,0.8,0.8,0.79
ridge,unseen_combo_fold3,FOSB_OSR2,8,0.0023047404829412,0.0480077117681503,0.98330819606781,0.9709937760637602,0.9247440099716188,0.7998734812972256,0.9273471832275392,0.0258508250117301,0.9492521286010742,0.918163816381638,0.8,0.78,0.8
ridge,unseen_combo_fold3,FOXA3_HOXB9,8,0.0008813662570901,0.029687812551856,0.9926791191101074,0.9749063772819776,0.9653911590576172,0.8740235215662117,0.9663744568824768,0.005652645137161,0.9880794882774352,0.9377737773777378,0.75,0.8,0.91
ridge,unseen_combo_fold3,FOXL2_HOXB9,8,0.0018897505942732,0.0434712618589401,0.9842669367790222,0.9611366630845916,0.923044502735138,0.7679989389013389,0.9251572489738464,0.0097957588732242,0.974004864692688,0.9191839183918392,0.55,0.74,0.77
ridge,unseen_combo_fold3,FOXL2_MEIS1,8,0.0010584975825622,0.0325345583260059,0.9908758401870728,0.9683159782232276,0.91975998878479,0.7292792444489732,0.9216965436935424,0.007422549650073,0.9699341654777528,0.9057905790579058,0.8,0.74,0.82
ridge,unseen_combo_fold3,IGDCC3_MAPK1,8,0.0012299945810809,0.0350712798535823,0.9894388318061828,0.966394633429186,0.8747680187225342,0.6633513442776546,0.8756027817726135,0.0092888204380869,0.9272165894508362,0.8793639363936394,0.6,0.72,0.69
ridge,unseen_combo_fold3,JUN_CEBPB,8,0.0042825662530958,0.0654413178563118,0.9669445753097534,0.9351001139926184,0.8873702883720398,0.6880232090479825,0.8914900422096252,0.0261278841644525,0.9578794240951538,0.916999699969997,0.7,0.74,0.68
ridge,unseen_combo_fold3,MAPK1_TGFBR2,8,0.0007284805760718,0.0269903801381587,0.9939997792243958,0.9707802415257948,0.9455983638763428,0.6951305280755955,0.9459542632102966,0.0060713510029017,0.9796963930130004,0.9645484548454846,1.0,0.9,0.75
ridge,unseen_combo_fold3,RHOXF2_SET,8,0.001999101601541,0.0447113141417503,0.9852498173713684,0.9567200140628436,0.9069589972496032,0.798881062996515,0.9092778563499452,0.0175968576222658,0.9344067573547364,0.9052625262526252,0.65,0.74,0.75
ridge,unseen_combo_fold3,RHOXF2_ZBTB25,8,0.0010994597105309,0.0331581011414527,0.9918521046638488,0.96765371519309,0.9562524557113647,0.766695080059028,0.9562729001045228,0.0046329628676176,0.9885681867599488,0.9375697569756976,0.75,0.74,0.84
ridge,unseen_combo_fold3,SAMD1_ZBTB1,8,0.0009815189987421,0.0313292033970356,0.9926837682724,0.96879983169644,0.9610300660133362,0.7567621425192288,0.9615069031715392,0.005085458047688,0.9897075295448304,0.9561596159615962,0.9,0.82,0.81
ridge,unseen_combo_fold3,TGFBR2_C19orf26,8,0.0016532303998246,0.0406599342823028,0.9861357808113098,0.9663857383507126,0.8545809984207153,0.4944619563301977,0.8550123572349548,0.018533706665039,0.9345069527626038,0.8857485748574857,0.7,0.66,0.65
ridge,unseen_combo_fold3,TGFBR2_IGDCC3,8,0.0005511508788913,0.0234766025096178,0.9953939914703368,0.9668837108019666,0.9491612315177916,0.6770180152533912,0.9489102363586426,0.0027944177854806,0.984916090965271,0.9423582358235824,0.8,0.8,0.72
ridge,unseen_combo_fold3,ZBTB10_DLX2,8,0.0048534488305449,0.0696666985750198,0.9579339027404784,0.9423584888610718,0.9022552967071532,0.7565954056594042,0.9030588865280152,0.0483033657073974,0.9517861008644104,0.9123792379237924,0.75,0.68,0.76
ridge,unseen_combo_fold3,ZC3HAV1_CEBPE,8,0.001867045648396,0.043209321796894,0.9842825531959534,0.9593015080310252,0.8791202902793884,0.6071392838435883,0.8781702518463135,0.0148853315040469,0.9519331455230712,0.9127272727272728,0.7,0.8,0.66
ridge,unseen_combo_fold3,ZC3HAV1_HOXC13,8,0.0012489584041759,0.0353406071662902,0.989307165145874,0.9546088627488272,0.854115903377533,0.6305741202204026,0.856113612651825,0.00857815425843,0.924000918865204,0.909042904290429,0.6,0.72,0.71
ridge,unseen_combo_fold3,ZNF318_FOXL2,8,0.0014284271746873,0.0377945378422737,0.9870612025260924,0.965294343433965,0.8373434543609619,0.667059991129462,0.835629940032959,0.0081828171387314,0.9348533153533936,0.92008400840084,0.65,0.62,0.63
ridge,unseen_combo_fold4,C3orf72_FOXL2,8,0.0058996966108679,0.0768094807863235,0.9494953751564026,0.9205442147865468,0.7930859923362732,0.5871304069963955,0.7942942380905151,0.0342177748680114,0.9157435297966005,0.8951695169516952,0.5,0.6,0.58
ridge,unseen_combo_fold4,CBL_UBASH3A,8,0.0024292746093124,0.0492876730859279,0.9808036684989928,0.9373448271524564,0.8713259696960449,0.5188364337644685,0.8711140155792236,0.0153714045882225,0.9500482678413392,0.8982898289828983,0.65,0.64,0.6
ridge,unseen_combo_fold4,CBL_UBASH3B,8,0.0020379403140395,0.0451435521245002,0.9846709370613098,0.9536742476048502,0.9634245038032532,0.7531343718027536,0.9630974531173706,0.0276157949119806,0.9826000332832336,0.9247284728472848,0.75,0.74,0.78
ridge,unseen_combo_fold4,CDKN1C_CDKN1A,8,0.0017693690024316,0.042063869535923,0.9846768975257874,0.9546410354960524,0.938779890537262,0.6438426976207693,0.9390047788619996,0.0120330546051263,0.9830382466316224,0.9368136813681368,0.85,0.76,0.78
ridge,unseen_combo_fold4,CEBPB_PTPN12,8,0.0024856182280927,0.0498559735715389,0.9786104559898376,0.9551702792695144,0.8152379393577576,0.6573186772742025,0.8195662498474121,0.0169820412993431,0.9067102074623108,0.8505370537053706,0.4,0.6,0.67
ridge,unseen_combo_fold4,CEBPE_CNN1,8,0.002895203186199,0.0538070909678936,0.9744434356689452,0.9673815858776016,0.8186372518539429,0.6513078281909542,0.8212062120437622,0.0254393648356199,0.8893029093742371,0.8301110111011101,0.65,0.62,0.69
ridge,unseen_combo_fold4,ETS2_CEBPE,8,0.0012273242464289,0.0350331887602806,0.9901228547096252,0.975630020416228,0.9547290802001952,0.8187254910522557,0.9557307362556458,0.0122304512187838,0.9763066172599792,0.941062106210621,0.85,0.84,0.8
ridge,unseen_combo_fold4,ETS2_CNN1,8,0.0019347307970747,0.0439855754375457,0.9838149547576904,0.973134662143476,0.8769404292106628,0.6729857193658899,0.8772498965263367,0.0203519705682992,0.9271091222763062,0.9171197119711972,0.7,0.66,0.7
ridge,unseen_combo_fold4,ETS2_PRTG,8,0.0009340828401036,0.0305627696216106,0.9922814965248108,0.974535890655846,0.9010152220726012,0.7150307182712389,0.901680588722229,0.0038260207511484,0.971582531929016,0.9267566756675668,0.6,0.72,0.7
ridge,unseen_combo_fold4,FOSB_IKZF3,8,0.0030425663571804,0.0551594644784927,0.9808330535888672,0.9557338809435786,0.9356862306594848,0.7648424781443692,0.935737371444702,0.0272224806249141,0.9634287357330322,0.9075787578757876,0.65,0.7,0.76
ridge,unseen_combo_fold4,FOSB_PTPN12,8,0.0024434551596641,0.0494313165545463,0.9796385169029236,0.9454504661639392,0.7096922993659973,0.4962075237708087,0.7098106145858765,0.0108690075576305,0.8858324885368347,0.866078607860786,0.45,0.5,0.49
ridge,unseen_combo_fold4,FOXA1_HOXB9,8,0.0008454683702439,0.0290769394487142,0.9927826523780824,0.973748459744636,0.9564104676246644,0.8352441637234962,0.957854986190796,0.0054272469133138,0.9812117218971252,0.956087608760876,0.75,0.8,0.83
ridge,unseen_combo_fold4,FOXA3_FOXA1,8,0.0011837423080578,0.034405555576086,0.9895470142364502,0.9672385073886212,0.9388558268547058,0.8083204888632325,0.939858376979828,0.0065995184704661,0.973667323589325,0.9304890489048904,0.65,0.74,0.75
ridge,unseen_combo_fold4,FOXF1_FOXL2,8,0.0013357555726543,0.0365479886531829,0.9884993433952332,0.9651885902038756,0.9468531608581544,0.8116214419972254,0.9473187327384948,0.0098545337095856,0.977344810962677,0.9400900090009,0.75,0.78,0.83
ridge,unseen_combo_fold4,IGDCC3_ZBTB25,8,0.0020286473445594,0.0450405068695545,0.9830438494682312,0.9477987492810288,0.9351140260696412,0.6714851699066566,0.9349756836891174,0.0180529206991195,0.9817623496055604,0.921908190819082,0.8,0.72,0.74
ridge,unseen_combo_fold4,KLF1_MAP2K6,8,0.0009234425378963,0.0303881969302892,0.9934350252151488,0.9285431571997762,0.9060907363891602,0.5503705639773614,0.9047154784202576,0.006061912048608,0.964256763458252,0.9118391839183918,0.75,0.64,0.64
ridge,unseen_combo_fold4,LYL1_CEBPB,8,0.0026251291856169,0.0512360148131847,0.9773262143135072,0.95658282545227,0.8263373374938965,0.6760445760074595,0.830864429473877,0.018939234316349,0.9006096124649048,0.8961056105610561,0.65,0.56,0.59
ridge,unseen_combo_fold4,PTPN12_ZBTB25,8,0.0009498137515038,0.0308190491050481,0.9929203391075134,0.9416436414214592,0.9573076367378236,0.6928926958885089,0.955450713634491,0.0062658474780619,0.984703540802002,0.9084308430843084,0.9,0.76,0.82
ridge,unseen_combo_fold4,SAMD1_UBASH3B,8,0.0007750581135042,0.0278398655354976,0.9936273694038392,0.9650154709111134,0.9613643884658812,0.756390568555874,0.9613563418388368,0.0053485305979847,0.9871137738227844,0.9351215121512152,0.9,0.74,0.77
ridge,unseen_combo_fold4,SGK1_TBX2,8,0.0007813584525138,0.0279527902603149,0.9934974312782288,0.96900212138082,0.9591620564460754,0.7683420159607801,0.9593012928962708,0.0046793548390269,0.9853646159172058,0.9572757275727573,0.8,0.78,0.79
ridge,unseen_combo_fold4,SNAI1_DLX2,8,0.0025836143177002,0.0508292652666568,0.9744975566864014,0.9402495549260892,0.9117211103439332,0.7004362195892435,0.911487638950348,0.020849710330367,0.9543434977531432,0.9135313531353136,0.75,0.74,0.75
ridge,unseen_combo_fold4,SNAI1_UBASH3B,8,0.0012631592107936,0.0355409495532512,0.9882147312164308,0.9543937384577136,0.8535252809524536,0.664808272953078,0.848268449306488,0.0063115148805081,0.9307443499565125,0.8805160516051606,0.7,0.62,0.6
ridge,unseen_combo_fold4,TGFBR2_ETS2,8,0.0010796904098242,0.0328586436808109,0.990647315979004,0.970335831225012,0.7649105787277222,0.4987776917210995,0.7688915729522705,0.0101635241881012,0.8412618637084961,0.8402280228022803,0.7,0.68,0.66
ridge,unseen_combo_fold4,TMSB4X_BAK1,8,0.0005047360900789,0.0224663317203521,0.9961607456207277,0.9644297653016316,0.919623851776123,0.2218341906594099,0.9194628596305848,0.0032504720147699,0.9741646647453308,0.8424122412241224,0.75,0.62,0.5
ridge,unseen_combo_fold4,UBASH3B_PTPN9,8,0.0008477824740111,0.0291167050600051,0.9929710626602172,0.962517058711758,0.9607775211334229,0.7383536523038119,0.9598242044448853,0.0081416582688689,0.987665057182312,0.9228802880288028,0.75,0.76,0.79
ridge,unseen_combo_fold4,UBASH3B_ZBTB25,8,0.001065881922841,0.0326478481292724,0.9914339780807496,0.9371061002129348,0.9403263330459596,0.6503428186085726,0.9381940960884094,0.0083383210003376,0.976832628250122,0.914011401140114,0.8,0.72,0.7
mlp,unseen_combo_fold0,AHR_FEV,8,0.0041568232700228,0.0644734278321266,0.9754344820976256,0.9508799237520166,0.908251702785492,0.7516285209349328,0.9130019545555116,0.0497127994894981,0.946010172367096,0.825046504650465,0.65,0.66,0.68
mlp,unseen_combo_fold0,BCL2L11_BAK1,8,0.0005701858899556,0.0238785650581121,0.995084583759308,0.956246085915082,0.3331970870494842,0.1544121742366325,0.3381108343601227,0.0054304534569382,0.5455000996589661,0.5315691569156916,0.25,0.22,0.26
mlp,unseen_combo_fold0,BCL2L11_TGFBR2,8,0.0004891952266916,0.0221177581697702,0.9958762526512146,0.9678370440284888,0.7827761173248291,0.291108643548107,0.7827228307723999,0.0056009120307862,0.9047642350196838,0.846924692469247,0.7,0.54,0.52
mlp,unseen_combo_fold0,BPGM_SAMD1,8,0.0010252535576,0.0320195816457271,0.9920213222503662,0.9601287726193904,0.95237398147583,0.692133981784539,0.9524356722831726,0.00897819083184,0.9826972484588624,0.9254245424542454,0.85,0.78,0.78
mlp,unseen_combo_fold0,CDKN1B_CDKN1A,8,0.0016499240882694,0.0406192578375339,0.9848546385765076,0.9597201519629968,0.9326175451278688,0.6619789905154132,0.9326243996620178,0.0180100426077842,0.9762943387031556,0.931977197719772,0.85,0.88,0.82
mlp,unseen_combo_fold0,CEBPE_CEBPA,8,0.0026688042562454,0.0516604706645011,0.9823756814002992,0.9586374235820588,0.9681097865104676,0.8575097835335649,0.9690860509872437,0.018800102174282,0.9817676544189452,0.963864386438644,0.9,0.86,0.86
mlp,unseen_combo_fold0,CEBPE_PTPN12,8,0.0007590651512145,0.0275511369109153,0.9933319687843324,0.9691616578792076,0.9027379155158995,0.6919603763304357,0.9036186337471008,0.00444539450109,0.96062034368515,0.937953795379538,0.7,0.8,0.72
mlp,unseen_combo_fold0,CEBPE_RUNX1T1,8,0.0005033428897149,0.0224353037774562,0.9956350922584534,0.9756803160150088,0.9593343734741212,0.8183713176187317,0.9596591591835022,0.0036434817593544,0.9791606068611144,0.9414101410141014,0.85,0.86,0.78
mlp,unseen_combo_fold0,DUSP9_PRTG,8,0.0014091095654293,0.037538107484579,0.9902206063270568,0.9584482654346717,0.967288613319397,0.7631652946178389,0.9676939249038696,0.0137609494850039,0.987758994102478,0.9642964296429642,0.75,0.86,0.84
mlp,unseen_combo_fold0,ETS2_IGDCC3,8,0.0005336957983672,0.023101856932044,0.9956058859825134,0.9693306391566628,0.9238278865814208,0.6806499958333361,0.9246811270713806,0.0027178006712347,0.9778644442558287,0.9306930693069309,0.7,0.78,0.8
mlp,unseen_combo_fold0,FOXA1_FOXF1,8,0.0009227175032719,0.0303762648254632,0.991670787334442,0.9676589969540308,0.9343819618225098,0.7697343899503105,0.935491383075714,0.0076865078881382,0.9737226963043212,0.9395859585958596,0.65,0.78,0.79
mlp,unseen_combo_fold0,FOXA3_FOXL2,8,0.0035646553151309,0.0597047358751297,0.9704843759536744,0.9496848619041124,0.90718412399292,0.7800178159438174,0.9089584350585938,0.0323949716985225,0.9619306921958924,0.9031983198319832,0.75,0.7,0.72
mlp,unseen_combo_fold0,IRF1_SET,8,0.0033846059814095,0.0581773668527603,0.9719105362892152,0.9405711019698382,0.8715452551841736,0.7211642724130568,0.8740674257278442,0.036625899374485,0.9159858226776124,0.8663426342634264,0.65,0.68,0.68
mlp,unseen_combo_fold0,KIF18B_KIF2C,8,0.0013709577033296,0.0370264463126659,0.9879918694496156,0.948201764559768,0.5363751649856567,0.2150794060982548,0.5393036603927612,0.0114181200042366,0.7785317897796631,0.8046564656465647,0.35,0.42,0.42
mlp,unseen_combo_fold0,KLF1_CEBPA,8,0.0043934355489909,0.066282995045185,0.9688715934753418,0.9585202939312232,0.9040299654006958,0.7971923286302776,0.9061174392700196,0.0421946048736572,0.9221526384353638,0.8918091809180918,0.85,0.78,0.78
mlp,unseen_combo_fold0,MAP2K3_IKZF3,8,0.0021303836256265,0.0461560785770416,0.9870337247848512,0.9649861485366148,0.9550620317459106,0.706151038585628,0.9549108743667604,0.0327017493546009,0.9700626134872437,0.9194359435943594,0.8,0.7,0.75
mlp,unseen_combo_fold0,POU3F2_CBFA2T3,8,0.0014537372626364,0.0381279066205024,0.9871641993522644,0.9575286398549157,0.8758543133735657,0.7109472143964459,0.8795098662376404,0.0097214337438344,0.9500032067298888,0.9073627362736274,0.6,0.68,0.65
mlp,unseen_combo_fold0,POU3F2_FOXL2,8,0.0015691539738327,0.0396125465631485,0.9875028133392334,0.9553650467720368,0.9302271604537964,0.7768649297637396,0.9315165281295776,0.0145093854516744,0.9714913964271544,0.9197119711971196,0.75,0.78,0.8
mlp,unseen_combo_fold0,PRDM1_CBFA2T3,8,0.0042284922674298,0.0650268569588661,0.967869222164154,0.9319530601921252,0.8897696733474731,0.6755077210367674,0.8915871977806091,0.0385940372943878,0.955791175365448,0.9166036603660366,0.5,0.68,0.76
mlp,unseen_combo_fold0,SAMD1_PTPN12,8,0.0008260848699137,0.0287416912615299,0.993575930595398,0.9590531283471608,0.9650117754936218,0.7507893267542614,0.96499502658844,0.0058524506166577,0.990096926689148,0.9116951695169516,0.85,0.78,0.79
mlp,unseen_combo_fold0,SAMD1_TGFBR2,8,0.0018128807423636,0.0425779372453689,0.9845468401908876,0.9502938615780662,0.8832408785820007,0.562043033994034,0.8837525844573975,0.0135090555995702,0.9659950733184814,0.891965196519652,0.75,0.64,0.64
mlp,unseen_combo_fold0,SET_CEBPE,8,0.0053238803520798,0.0729649290442466,0.9546642899513244,0.9432317629347472,0.7835802435874939,0.6412808055813856,0.7854496836662292,0.0344534404575824,0.8790207505226135,0.893921392139214,0.5,0.6,0.6
mlp,unseen_combo_fold0,SET_KLF1,8,0.002017282648012,0.0449141710996627,0.9854090213775636,0.9421594412107652,0.8721749782562256,0.6741507316963601,0.8725298643112183,0.0183375291526317,0.9326951503753662,0.9108670867086708,0.5,0.68,0.7
mlp,unseen_combo_fold0,SGK1_S1PR2,8,0.0026315122377127,0.0512982681393623,0.9786196947097778,0.944634544168136,0.8946908116340637,0.7034400862519525,0.8952792882919312,0.0318403579294681,0.936790406703949,0.9065226522652264,0.75,0.7,0.76
mlp,unseen_combo_fold0,SGK1_TBX3,8,0.001720764208585,0.0414820946753025,0.9854453802108764,0.942757311058264,0.9266922473907472,0.6708504954056149,0.9264079332351683,0.0141104040667414,0.9710610508918762,0.905826582658266,0.65,0.72,0.75
mlp,unseen_combo_fold0,TBX3_TBX2,8,0.0009334949427284,0.0305531490594148,0.992096781730652,0.9513502228927616,0.9527578949928284,0.6824578392368427,0.952691376209259,0.0081210108473896,0.9871170520782472,0.9117431743174318,0.8,0.74,0.79
mlp,unseen_combo_fold0,ZBTB10_PTPN12,8,0.0024379894603043,0.0493759997189044,0.9790746569633484,0.9552653889552004,0.8525269031524658,0.742841200100133,0.8546549081802368,0.0099704377353191,0.9541861414909364,0.8968856885688569,0.55,0.64,0.7
mlp,unseen_combo_fold1,BPGM_ZBTB1,8,0.0009281594539061,0.0304657090455293,0.993105173110962,0.9548293797470973,0.9522003531455994,0.6759158251499059,0.9512705206871032,0.0091374879702925,0.9766333103179932,0.9413621362136214,0.8,0.74,0.72
mlp,unseen_combo_fold1,CBL_CNN1,8,0.0019475267035886,0.0441307909786701,0.9868295192718506,0.9507335149311174,0.970380425453186,0.7579698414671858,0.9701699018478394,0.0262167304754257,0.9861953854560852,0.9533633363336332,0.8,0.88,0.8
mlp,unseen_combo_fold1,CBL_PTPN12,8,0.0010922198416665,0.0330487489700317,0.9924666285514832,0.9594669083738976,0.967271089553833,0.7192706372615686,0.9672477841377258,0.0138565357774496,0.9903330206871032,0.921896189618962,0.8,0.78,0.8
mlp,unseen_combo_fold1,CEBPB_OSR2,8,0.0014682917390018,0.0383182950317859,0.9881161451339722,0.9650471060460774,0.9549261331558228,0.8463330491009572,0.9568833708763124,0.0110494140535593,0.9733685851097108,0.944026402640264,0.75,0.88,0.79
mlp,unseen_combo_fold1,CEBPE_CEBPB,8,0.0027958049904555,0.0528753735125064,0.978079080581665,0.9515859002703454,0.9375227093696594,0.8038589972057387,0.939602553844452,0.0185090322047472,0.9675426483154296,0.9233243324332432,0.85,0.76,0.8
mlp,unseen_combo_fold1,CEBPE_SPI1,8,0.0060105393640697,0.0775276720523834,0.9574292302131652,0.9425992491766756,0.9399880766868592,0.8156868688045184,0.9409652352333068,0.0728596895933151,0.9625107645988464,0.9146474647464746,0.8,0.72,0.77
mlp,unseen_combo_fold1,CNN1_MAPK1,8,0.0005989794735796,0.0244740564376115,0.994867742061615,0.9635598888337468,0.927966296672821,0.6462326921444475,0.9265553951263428,0.003783700056374,0.978807806968689,0.9282928292829284,0.9,0.72,0.85
mlp,unseen_combo_fold1,CNN1_UBASH3A,8,0.0043821055442094,0.0661974772810936,0.9666405916213988,0.9385868985964771,0.9252786040306092,0.6659698865853438,0.9248364567756652,0.061748381704092,0.961970031261444,0.8845724572457245,0.75,0.66,0.72
mlp,unseen_combo_fold1,ETS2_IKZF3,8,0.0012947339564561,0.0359824113547802,0.9932419061660768,0.960758728635858,0.979335069656372,0.8235805526816427,0.9794169068336488,0.0154826054349541,0.9947126507759094,0.9735133513351336,0.8,0.86,0.84
mlp,unseen_combo_fold1,FOSB_CEBPB,8,0.0038515713531523,0.0620610304176807,0.9695231318473816,0.9462285624996808,0.9106624126434326,0.7545836926825913,0.9129723906517028,0.0363514795899391,0.9418856501579284,0.8924692469246924,0.7,0.7,0.79
mlp,unseen_combo_fold1,FOSB_CEBPE,8,0.0027091670781373,0.0520496591925621,0.980272114276886,0.9582455556678314,0.945909321308136,0.808606792081091,0.9470321536064148,0.0251118000596761,0.9740968346595764,0.9427662766276628,0.85,0.78,0.8
mlp,unseen_combo_fold1,FOSB_UBASH3B,8,0.00066815916216,0.0258487742394208,0.994003176689148,0.9634337783944866,0.8418934345245361,0.5798776624250807,0.8433457612991333,0.0043579661287367,0.9227613806724548,0.8796159615961596,0.6,0.64,0.72
mlp,unseen_combo_fold1,FOXF1_HOXB9,8,0.001032741041854,0.0321362875401973,0.990628719329834,0.9615995935170976,0.9297984838485718,0.7709731337840263,0.9316860437393188,0.0052969055250287,0.9749836325645448,0.931881188118812,0.7,0.76,0.8
mlp,unseen_combo_fold1,JUN_CEBPA,8,0.0062774447724223,0.0792303308844566,0.9628733396530152,0.9274880237683324,0.9323052167892456,0.7525502097005659,0.9348000288009644,0.0539155229926109,0.9622267484664916,0.901914191419142,0.8,0.78,0.8
mlp,unseen_combo_fold1,KLF1_COL2A1,8,0.0033492988441139,0.0578731261193752,0.9737367630004884,0.9455351616660704,0.7898203134536743,0.6108122017603389,0.791659414768219,0.0379373058676719,0.8523896336555481,0.870963096309631,0.65,0.62,0.58
mlp,unseen_combo_fold1,KLF1_FOXA1,8,0.0018945079063996,0.0435259453952312,0.9855570793151855,0.956109365100674,0.8385529518127441,0.5923855755232685,0.83882075548172,0.0227547604590654,0.8585774898529053,0.8736033603360336,0.65,0.72,0.69
mlp,unseen_combo_fold1,KLF1_TGFBR2,8,0.0005599961732514,0.0236642379313707,0.9959958791732788,0.9635957187971376,0.9635062217712402,0.5893076179305319,0.9636308550834656,0.0053963270038366,0.9861909747123718,0.9536633663366336,0.8,0.84,0.77
mlp,unseen_combo_fold1,MAP2K3_ELMSAN1,8,0.001169494818896,0.0341978780925273,0.9910561442375184,0.9426014512068732,0.8389942646026611,0.5830322896858249,0.8388329744338989,0.0120745720341801,0.9104207754135132,0.8745754575457546,0.5,0.6,0.72
mlp,unseen_combo_fold1,MAP2K3_MAP2K6,8,0.0007503434317186,0.0273923967033624,0.9938786625862122,0.9516879963664432,0.72931969165802,0.5105852155530206,0.7292881011962891,0.0079187955707311,0.7757638692855835,0.8403360336033603,0.6,0.72,0.67
mlp,unseen_combo_fold1,MAP2K3_SLC38A2,8,0.0007030876586213,0.0265158005058765,0.9941943287849426,0.9527660468414,0.7573339343070984,0.4635415599888515,0.7575093507766724,0.0068942797370254,0.8999027013778687,0.8929372937293729,0.45,0.6,0.66
mlp,unseen_combo_fold1,MAPK1_PRTG,8,0.0008143783779814,0.0285373162478208,0.9931910634040833,0.9643000605111842,0.9035101532936096,0.702541772642266,0.9044156670570374,0.0075824242085218,0.9404523372650146,0.8993579357935794,0.75,0.7,0.74
mlp,unseen_combo_fold1,PLK4_STIL,8,0.0032123455312103,0.0566775575280189,0.9707522392272948,0.9347928143651124,0.7365748286247253,0.470704345746995,0.7330250144004822,0.0338203348219394,0.9179141521453856,0.8840804080408041,0.65,0.52,0.52
mlp,unseen_combo_fold1,PTPN12_PTPN9,8,0.0010391457471996,0.0322357825934886,0.9913949966430664,0.9599154699523726,0.9653747081756592,0.730687851720866,0.9652907848358154,0.0132413376122713,0.9887126088142396,0.9298049804980498,0.85,0.76,0.83
mlp,unseen_combo_fold1,UBASH3B_PTPN12,8,0.0012116349535062,0.0348085463047027,0.9911527037620544,0.9576728975984728,0.9658040404319764,0.7365908612635547,0.9657724499702454,0.0159016754478216,0.9914770126342772,0.9276927692769276,0.9,0.78,0.84
mlp,unseen_combo_fold1,UBASH3B_UBASH3A,8,0.0007612180779688,0.0275901816785335,0.993187665939331,0.9579676765502022,0.9234748482704164,0.6712986168640583,0.9234736561775208,0.0053986017592251,0.968068301677704,0.922160216021602,0.75,0.78,0.73
mlp,unseen_combo_fold1,ZC3HAV1_CEBPA,8,0.0035567828454077,0.0596387684345245,0.9763019680976868,0.949586769296264,0.9454333782196044,0.7777168278737755,0.946912407875061,0.0385589972138404,0.971650004386902,0.9501830183018302,0.8,0.78,0.81
mlp,unseen_combo_fold2,AHR_KLF1,8,0.0012761156540364,0.0357227623462677,0.9913853406906128,0.9530448909411028,0.904208242893219,0.4609262516772434,0.9051117300987244,0.0083673568442463,0.9617947936058044,0.8772757275727573,0.85,0.68,0.67
mlp,unseen_combo_fold2,CBL_TGFBR2,8,0.0008114168886095,0.0284853801131248,0.993112564086914,0.9490535375514532,0.9266647100448608,0.5369353686299085,0.9265918731689452,0.0059366934001445,0.9782316088676452,0.9157275727572756,0.7,0.78,0.71
mlp,unseen_combo_fold2,CEBPB_MAPK1,8,0.000979586620815,0.0312983468174934,0.992048442363739,0.9530332835567796,0.9630257487297058,0.8025449017528298,0.9637784957885742,0.0057426863349974,0.9871403574943542,0.9722052205220522,0.8,0.84,0.84
mlp,unseen_combo_fold2,DUSP9_ETS2,8,0.0009481767192482,0.0307924784719944,0.9924527406692504,0.9623742244528436,0.9237910509109496,0.6704433898929422,0.9236238598823548,0.0086886044591665,0.9691907167434692,0.9201800180018002,0.8,0.78,0.75
mlp,unseen_combo_fold2,ETS2_MAP7D1,8,0.0019806625787168,0.0445046350359916,0.9828278422355652,0.9527893311651724,0.8821067810058594,0.5983373969079665,0.8831973075866699,0.0257140081375837,0.931759774684906,0.8967056705670567,0.6,0.72,0.73
mlp,unseen_combo_fold2,ETS2_MAPK1,8,0.0015865318709984,0.0398312918841838,0.988278031349182,0.9554501903126428,0.9576754570007324,0.7760116140035744,0.9581454396247864,0.019596641883254,0.9734384417533876,0.9492469246924692,0.9,0.88,0.78
mlp,unseen_combo_fold2,FEV_CBFA2T3,8,0.0057091983035206,0.0755592361092567,0.9619688987731934,0.9302220728295524,0.8707301020622253,0.6898108575813842,0.8766589164733887,0.0632745921611785,0.9075058102607728,0.8588658865886588,0.75,0.7,0.76
mlp,unseen_combo_fold2,FOXA1_FOXL2,8,0.0008732910500839,0.0295514985918998,0.9919403791427612,0.9593682998310924,0.942284345626831,0.7746330146271059,0.943742036819458,0.0032662760931998,0.9851247072219848,0.9571317131713172,0.8,0.82,0.79
mlp,unseen_combo_fold2,FOXA3_FOXF1,8,0.000938317971304,0.0306319762021303,0.9909588098526,0.9625945887382752,0.9222384691238404,0.750949547332317,0.9241785407066344,0.0036975834518671,0.9799264073371888,0.9353855385538554,0.65,0.78,0.79
mlp,unseen_combo_fold2,IGDCC3_PRTG,8,0.001245331717655,0.0352892577648162,0.989465057849884,0.9552292378120872,0.9244236350059508,0.6544444289134945,0.9248510003089904,0.0075368355028331,0.9714601635932922,0.9366816681668166,0.6,0.82,0.77
mlp,unseen_combo_fold2,KLF1_BAK1,8,0.0007823492051102,0.0279705058783292,0.9941535592079164,0.9609279788226046,0.931343138217926,0.5161078333739423,0.9312835335731506,0.0092746764421463,0.9636857509613036,0.9266966696669668,0.8,0.74,0.71
mlp,unseen_combo_fold2,KLF1_CLDN6,8,0.0027703768573701,0.0526343695819377,0.9799678921699524,0.9436728602780812,0.8962963223457336,0.6068310949319544,0.8954706192016602,0.0371672436594963,0.9214168787002563,0.921860186018602,0.8,0.68,0.65
mlp,unseen_combo_fold2,LHX1_ELMSAN1,8,0.001959963934496,0.0442714802920818,0.9829993844032288,0.9404064451909832,0.8295167088508606,0.4963105228528065,0.8307665586471558,0.024108912795782,0.9087217450141908,0.8884608460846085,0.6,0.58,0.62
mlp,unseen_combo_fold2,LYL1_IER5L,8,0.0018459341954439,0.0429643355309963,0.9838228821754456,0.9546389727295926,0.8752742409706116,0.706867262491857,0.8768013119697571,0.0218740366399288,0.921241044998169,0.9165796579657964,0.65,0.66,0.69
mlp,unseen_combo_fold2,MAP2K6_ELMSAN1,8,0.0005012873443774,0.0223894473165273,0.9959286451339722,0.9533464690377204,0.8799924254417419,0.5989359787940709,0.8795861005783081,0.0046482230536639,0.9434158802032472,0.8823762376237624,0.75,0.72,0.75
mlp,unseen_combo_fold2,MAP2K6_IKZF3,8,0.0010542548261582,0.0324692912399768,0.9930616021156312,0.9550336638774296,0.9677453637123108,0.6875462674252482,0.9677724838256836,0.0090378290042281,0.9887199401855468,0.9355175517551756,0.85,0.72,0.78
mlp,unseen_combo_fold2,MAP2K6_SPI1,8,0.0014232328394427,0.0377257578074932,0.9866641759872437,0.9435550058573744,0.7995538115501404,0.5499077293459309,0.7988206744194031,0.009252505376935,0.91183203458786,0.8903570357035704,0.6,0.6,0.63
mlp,unseen_combo_fold2,MAPK1_IKZF3,8,0.0010229668114334,0.0319838523864746,0.992701530456543,0.9509500234481632,0.9564015865325928,0.7568785751799286,0.9570627808570862,0.0067460048012435,0.9805917143821716,0.9511671167116712,0.85,0.84,0.82
mlp,unseen_combo_fold2,PTPN12_OSR2,8,0.001087148906663,0.032971940934658,0.990306317806244,0.9556329458794158,0.6619601249694824,0.4539565863847774,0.6732591390609741,0.0082422327250242,0.783389687538147,0.7221602160216022,0.5,0.4,0.44
mlp,unseen_combo_fold2,PTPN12_SNAI1,8,0.0009555242140777,0.0309115555137395,0.9906449317932128,0.9542282728804246,0.8359527587890625,0.6414224867841337,0.8360795378684998,0.0066460305824875,0.9296719431877136,0.8857005700570058,0.5,0.64,0.71
mlp,unseen_combo_fold2,PTPN12_UBASH3A,8,0.0022934922017157,0.0478904172778129,0.9821195006370544,0.9494698825221358,0.9589691758155824,0.7082515423428345,0.9588826894760132,0.0349940955638885,0.9877364039421082,0.9352535253525353,0.85,0.82,0.8
mlp,unseen_combo_fold2,TGFBR2_PRTG,8,0.000643367820885,0.0253646969795227,0.9945318102836608,0.9594326056877344,0.9522859454154968,0.6984306188886847,0.9525119662284852,0.003930564969778,0.982671856880188,0.9389018901890188,0.65,0.82,0.74
mlp,unseen_combo_fold2,UBASH3B_CNN1,8,0.0020550517365336,0.0453326776623725,0.9866304993629456,0.9467953614627546,0.9702200293540956,0.7404994411874066,0.9699351191520692,0.0314055681228637,0.9880428314208984,0.9332853285328532,0.8,0.88,0.86
mlp,unseen_combo_fold2,UBASH3B_OSR2,8,0.000902401341591,0.0300399959087371,0.9918994307518004,0.9612915743856004,0.7074776887893677,0.5125463045395641,0.7195821404457092,0.0066231256350874,0.8135097026824951,0.7868346834683468,0.55,0.52,0.5
mlp,unseen_combo_fold2,ZBTB10_ELMSAN1,8,0.003849086118862,0.0620410032570362,0.9667145609855652,0.9359454628400302,0.864833414554596,0.6588329393279164,0.8686553239822388,0.0419550687074661,0.9449777603149414,0.9145274527452746,0.75,0.64,0.64
mlp,unseen_combo_fold2,ZBTB10_SNAI1,8,0.0033292893785983,0.0576999932527542,0.9715701937675476,0.9353659970009258,0.9146648049354552,0.7730738783282105,0.9163856506347656,0.0210153553634881,0.9677192568778992,0.93009300930093,0.75,0.72,0.75
mlp,unseen_combo_fold3,CBL_PTPN9,8,0.0008676562574692,0.0294560063630342,0.9929115176200868,0.9497767080405304,0.9482725262641908,0.6443867309072965,0.946760594844818,0.0045923818834125,0.9837815165519714,0.8866966696669667,0.8,0.8,0.77
mlp,unseen_combo_fold3,CDKN1C_CDKN1B,8,0.0014327713288366,0.0378519669175148,0.9870297312736512,0.9529975552595862,0.9031641483306884,0.6018229537899519,0.9032523036003112,0.0075673894025385,0.965347409248352,0.9224842484248424,0.7,0.76,0.74
mlp,unseen_combo_fold3,CEBPB_CEBPA,8,0.0041118115186691,0.0641234070062637,0.972697615623474,0.9407138712969364,0.9407843947410583,0.7741569626575401,0.9431613683700562,0.0140164550393819,0.9825425148010254,0.9471227122712272,0.85,0.84,0.82
mlp,unseen_combo_fold3,CEBPE_KLF1,8,0.005105550866574,0.0714531391859054,0.9606629014015198,0.9542973842599114,0.635307252407074,0.4871793700280392,0.6420546174049377,0.03914725035429,0.7205494046211243,0.7988718871887188,0.35,0.46,0.52
mlp,unseen_combo_fold3,DUSP9_IGDCC3,8,0.0011488975724205,0.0338953919708728,0.991857886314392,0.9594663886261487,0.959610104560852,0.7385343088476294,0.9592220187187196,0.009735913015902,0.9778549671173096,0.9644884488448844,0.75,0.8,0.79
mlp,unseen_combo_fold3,DUSP9_KLF1,8,0.0018142691114917,0.042594239115715,0.9892823696136476,0.9580116002028854,0.9553411602973938,0.709532332813666,0.9557889103889464,0.0241011306643486,0.9713927507400512,0.9316771677167716,0.8,0.78,0.79
mlp,unseen_combo_fold3,DUSP9_MAPK1,8,0.0011518304236233,0.0339386276900768,0.9908312559127808,0.9642709703526244,0.8266626000404358,0.5452331258955944,0.8321370482444763,0.008706378750503,0.8991695046424866,0.87997599759976,0.65,0.7,0.58
mlp,unseen_combo_fold3,DUSP9_SNAI1,8,0.0078034275211393,0.0883370116353035,0.9367611408233644,0.9385447318827004,0.7334528565406799,0.6863606005335702,0.7370550036430359,0.0582534745335578,0.901378571987152,0.8822442244224422,0.5,0.52,0.6
mlp,unseen_combo_fold3,FEV_ISL2,8,0.0035083869006484,0.0592316389083862,0.9789372086524964,0.9488214561797652,0.937467098236084,0.7330354301773588,0.9394908547401428,0.0455296598374843,0.9711585640907288,0.9244044404440444,0.75,0.78,0.76
mlp,unseen_combo_fold3,FEV_MAP7D1,8,0.0016615674830973,0.0407623276114463,0.9884192943572998,0.9454342253109924,0.925346612930298,0.6737342212706444,0.9266219735145568,0.0133869815617799,0.96681547164917,0.9355775577557756,0.8,0.82,0.79
mlp,unseen_combo_fold3,FOSB_OSR2,8,0.0026752543635666,0.0517228618264198,0.9807559251785278,0.9590235633177,0.93329918384552,0.7728734360131616,0.9366453886032104,0.0360895507037639,0.9533079862594604,0.9061626162616262,0.75,0.84,0.78
mlp,unseen_combo_fold3,FOXA3_HOXB9,8,0.0019421693868935,0.0440700501203537,0.9836409687995912,0.9570937126740356,0.933418869972229,0.8058914126487271,0.9357394576072692,0.0193079337477684,0.9702648520469666,0.8873687368736873,0.55,0.7,0.82
mlp,unseen_combo_fold3,FOXL2_HOXB9,8,0.0022062396164983,0.0469706244766712,0.981587529182434,0.9518670237413775,0.9121299386024476,0.7475706483929153,0.9146745204925536,0.0168182924389839,0.9640830159187316,0.9078187818781878,0.5,0.7,0.76
mlp,unseen_combo_fold3,FOXL2_MEIS1,8,0.0015394947258755,0.0392363965511322,0.9867963790893556,0.9585735059949252,0.9147897958755492,0.728048040200754,0.9168298840522766,0.0171290878206491,0.968942403793335,0.9032223222322232,0.75,0.72,0.77
mlp,unseen_combo_fold3,IGDCC3_MAPK1,8,0.0008265331853181,0.0287494901567697,0.9929778575897216,0.9641547018840058,0.894446611404419,0.6665065285792311,0.8943167328834534,0.0062883468344807,0.9471166729927064,0.916027602760276,0.7,0.76,0.71
mlp,unseen_combo_fold3,JUN_CEBPB,8,0.0052924090996384,0.0727489441633224,0.9595926403999328,0.9311855583409664,0.8729197382926941,0.6861319158732073,0.8775529861450195,0.048049334436655,0.9464780688285828,0.9106630663066306,0.7,0.78,0.65
mlp,unseen_combo_fold3,MAPK1_TGFBR2,8,0.0008847842691466,0.0297453235834836,0.9927219152450562,0.9673062369118168,0.939264476299286,0.7044039172658793,0.9393305778503418,0.010104184038937,0.9685162305831908,0.9544674467446744,0.9,0.88,0.72
mlp,unseen_combo_fold3,RHOXF2_SET,8,0.0025656004436314,0.0506517551839351,0.9813361763954164,0.9461766859725284,0.8791816234588623,0.7369161844782546,0.8839020729064941,0.0241354256868362,0.9323548078536988,0.877983798379838,0.55,0.64,0.69
mlp,unseen_combo_fold3,RHOXF2_ZBTB25,8,0.0015070455847308,0.0388206839561462,0.988537073135376,0.95061777960555,0.9400485157966614,0.7198399219954014,0.9402868747711182,0.0098735466599464,0.9843118786811828,0.9345454545454546,0.75,0.72,0.77
mlp,unseen_combo_fold3,SAMD1_ZBTB1,8,0.0012327710865065,0.0351108387112617,0.9909924268722534,0.9594051159463388,0.9521840214729308,0.7342503511972833,0.9524415135383606,0.0098513737320899,0.9814515709877014,0.9452145214521452,0.85,0.82,0.81
mlp,unseen_combo_fold3,TGFBR2_C19orf26,8,0.0015963994665071,0.0399549677968025,0.9864489436149596,0.9624603171747592,0.883689820766449,0.6122893383386475,0.8839718699455261,0.0214056111872196,0.9348573088645936,0.8962376237623763,0.65,0.68,0.64
mlp,unseen_combo_fold3,TGFBR2_IGDCC3,8,0.0005692454287782,0.0238588638603687,0.995212197303772,0.9655866343477406,0.9491432905197144,0.689341840490105,0.9491952061653136,0.0027994757983833,0.9840859174728394,0.9483588358835884,0.8,0.8,0.72
mlp,unseen_combo_fold3,ZBTB10_DLX2,8,0.0066739460453391,0.0816942229866981,0.9416830539703368,0.9277382518913544,0.8698897957801819,0.7143522198694856,0.8709477782249451,0.0758072733879089,0.9230748414993286,0.8887368736873688,0.7,0.62,0.73
mlp,unseen_combo_fold3,ZC3HAV1_CEBPE,8,0.0033885797020047,0.0582115091383457,0.9708205461502076,0.9528819019679512,0.8190598487854004,0.5524389360090074,0.8191114068031311,0.0279729273170232,0.909501612186432,0.8883648364836484,0.6,0.7,0.65
mlp,unseen_combo_fold3,ZC3HAV1_HOXC13,8,0.0011657057330012,0.0341424345970153,0.9904628992080688,0.9517953103686132,0.831664502620697,0.6189922801533617,0.8339287638664246,0.0108746076002717,0.9132471680641174,0.9021542154215422,0.55,0.64,0.73
mlp,unseen_combo_fold3,ZNF318_FOXL2,8,0.0017984880832955,0.0424085855484008,0.9833446145057678,0.953124307552338,0.7722270488739014,0.6356328807049895,0.7709800601005554,0.0163749922066926,0.8742376565933228,0.9008820882088208,0.6,0.56,0.59
mlp,unseen_combo_fold4,C3orf72_FOXL2,8,0.0035071696620434,0.0592213608324527,0.968305766582489,0.9279322159977929,0.7971743941307068,0.5717767405233338,0.7980957627296448,0.0144614158198237,0.928807258605957,0.8953135313531353,0.6,0.58,0.59
mlp,unseen_combo_fold4,CBL_UBASH3A,8,0.002700185868889,0.0519633144140243,0.978889524936676,0.931896741193202,0.8692092895507812,0.5231051516893656,0.869216799736023,0.0241020061075687,0.952042281627655,0.8894449444944494,0.65,0.6,0.58
mlp,unseen_combo_fold4,CBL_UBASH3B,8,0.0023586561437696,0.048565998673439,0.982591450214386,0.9564120218761892,0.9704840779304504,0.7711494534655592,0.9704573750495912,0.035848569124937,0.9862488508224488,0.95011101110111,0.85,0.82,0.8
mlp,unseen_combo_fold4,CDKN1C_CDKN1A,8,0.0012473497772589,0.035317838191986,0.9891982078552246,0.9490703975701466,0.9324523210525512,0.6211780343759354,0.9325242638587952,0.0066176229156553,0.9808592796325684,0.9383738373837384,0.85,0.78,0.81
mlp,unseen_combo_fold4,CEBPB_PTPN12,8,0.0022171081509441,0.0470861792564392,0.98098224401474,0.9513402190736164,0.8177913427352905,0.6669213807640645,0.8222299218177795,0.0170601643621921,0.8997093439102173,0.8613021302130213,0.4,0.6,0.67
mlp,unseen_combo_fold4,CEBPE_CNN1,8,0.0046884822659194,0.0684724897146225,0.9596532583236694,0.9435110883622576,0.8173179626464844,0.6257017884276211,0.819344162940979,0.0360040105879306,0.9029873609542848,0.8670507050705071,0.55,0.62,0.64
mlp,unseen_combo_fold4,ETS2_CEBPE,8,0.001109592965804,0.033310554921627,0.9911134839057922,0.9644580780564432,0.960216462612152,0.8216049602682051,0.96121746301651,0.0059628407470881,0.9836944937705994,0.9471947194719472,0.85,0.84,0.78
mlp,unseen_combo_fold4,ETS2_CNN1,8,0.0008134285453706,0.028520667925477,0.9929794073104858,0.950528482040355,0.8874287009239197,0.6411143070088465,0.8876839876174927,0.0050613754428923,0.9532088041305542,0.9112391239123911,0.85,0.64,0.7
mlp,unseen_combo_fold4,ETS2_PRTG,8,0.0007092511514201,0.0266317687928676,0.9940510988235474,0.963933768627496,0.9191096425056458,0.7048890311722658,0.920191526412964,0.0055972123518586,0.9589250683784484,0.9233723372337234,0.6,0.78,0.69
mlp,unseen_combo_fold4,FOSB_IKZF3,8,0.0012972969561815,0.0360180102288723,0.9910908341407776,0.9595228942984576,0.952847421169281,0.7448922098333567,0.9532623291015624,0.0094310911372303,0.9780881404876708,0.9245484548454844,0.7,0.72,0.77
mlp,unseen_combo_fold4,FOSB_PTPN12,8,0.0012148243840783,0.0348543301224708,0.9897183179855348,0.9487216891790766,0.7602982521057129,0.4794237140194228,0.7602993845939636,0.0093773892149329,0.8979938626289368,0.8563456345634564,0.6,0.5,0.54
mlp,unseen_combo_fold4,FOXA1_HOXB9,8,0.0013491115532815,0.0367302522063255,0.9889900088310242,0.9650475686027382,0.9578953981399536,0.8329415685096344,0.9590821266174316,0.012649699114263,0.9893096089363098,0.9524632463246324,0.8,0.78,0.84
mlp,unseen_combo_fold4,FOXA3_FOXA1,8,0.0012390257325023,0.035199798643589,0.9886009097099304,0.9606811091515974,0.9393808841705322,0.7957004708275256,0.9405681490898132,0.0106903696432709,0.9758629202842712,0.9407260726072608,0.8,0.8,0.74
mlp,unseen_combo_fold4,FOXF1_FOXL2,8,0.0019016613950952,0.0436080433428287,0.9834858775138856,0.9558409386677924,0.94254332780838,0.7931241810611549,0.9437578916549684,0.0176893658936023,0.9798707365989684,0.9493309330933092,0.8,0.8,0.82
mlp,unseen_combo_fold4,IGDCC3_ZBTB25,8,0.0030471428763121,0.0552009306848049,0.9743931293487548,0.944520051534836,0.928257167339325,0.6512462380393889,0.9282490611076356,0.0361037105321884,0.9763208627700806,0.9215241524152415,0.8,0.72,0.76
mlp,unseen_combo_fold4,KLF1_MAP2K6,8,0.0007423984352499,0.0272469893097877,0.99468731880188,0.9511000754824036,0.9363692998886108,0.5719705401996482,0.935766339302063,0.0081255855038762,0.9782567620277404,0.9365016501650164,0.8,0.7,0.69
mlp,unseen_combo_fold4,LYL1_CEBPB,8,0.0027749796863645,0.0526780746877193,0.9760850071907043,0.9461330738663712,0.8096955418586731,0.6856173255610333,0.8142591714859009,0.0243550892919302,0.8731403946876526,0.8840804080408041,0.6,0.6,0.62
mlp,unseen_combo_fold4,PTPN12_ZBTB25,8,0.000971101631876,0.03116250410676,0.9926050305366516,0.950319974714591,0.9681447744369508,0.7068325436595287,0.9678428173065186,0.0102427778765559,0.9882255792617798,0.9147674767476748,0.85,0.78,0.84
mlp,unseen_combo_fold4,SAMD1_UBASH3B,8,0.0011597092961892,0.0340545065701007,0.9904719591140748,0.9562753675704488,0.9564841985702516,0.719581157123449,0.9566651582717896,0.0124232051894068,0.9850531816482544,0.9315451545154516,0.9,0.8,0.78
mlp,unseen_combo_fold4,SGK1_TBX2,8,0.0011108010075986,0.0333286821842193,0.9909865260124208,0.942187684509707,0.9424747824668884,0.7415603047204191,0.9412473440170288,0.0079175187274813,0.9771503806114196,0.9318091809180918,0.65,0.74,0.75
mlp,unseen_combo_fold4,SNAI1_DLX2,8,0.0025515775196254,0.0505131408572196,0.9742026329040528,0.9332925471759804,0.893775999546051,0.6796773524904627,0.8931761384010315,0.0201864670962095,0.9474036693572998,0.8975817581758175,0.75,0.66,0.72
mlp,unseen_combo_fold4,SNAI1_UBASH3B,8,0.0010406470391899,0.0322590619325637,0.990243911743164,0.9484734092394336,0.8509588241577148,0.6517743892595809,0.8461180925369263,0.0072091561742126,0.9347810745239258,0.8918211821182118,0.7,0.66,0.65
mlp,unseen_combo_fold4,TGFBR2_ETS2,8,0.0005854911287315,0.0241969246417284,0.9949352741241456,0.9609761374646958,0.8651814460754395,0.5282150609499845,0.8670904636383057,0.003734478726983,0.9454947710037231,0.918175817581758,0.75,0.76,0.75
mlp,unseen_combo_fold4,TMSB4X_BAK1,8,0.0010125922271981,0.0318212546408176,0.9921241402626038,0.9494337918628114,0.8452180624008179,0.2330854514297398,0.8411741256713867,0.0126923630014061,0.9425222277641296,0.8696549654965496,0.65,0.52,0.47
mlp,unseen_combo_fold4,UBASH3B_PTPN9,8,0.0012799311662092,0.0357761271297931,0.9894026517868042,0.9572007456763908,0.9581448435783386,0.7300545154530718,0.9573014378547668,0.0163789838552474,0.9870203137397766,0.9465106510651063,0.7,0.8,0.81
mlp,unseen_combo_fold4,UBASH3B_ZBTB25,8,0.0011824485845863,0.0343867503106594,0.9902666807174684,0.9493125253984426,0.9572758078575134,0.6881413380838763,0.9565522074699402,0.0143814980983734,0.9841662049293518,0.9325292529252924,0.85,0.72,0.75
mini_vc,unseen_combo_fold0,AHR_FEV,8,0.0049177189357578,0.0701264515519142,0.9714006185531616,0.9598612469048692,0.8842738270759583,0.7583361331325068,0.8893678188323975,0.0607165955007076,0.9289023280143738,0.7972637263726373,0.6,0.62,0.66
mini_vc,unseen_combo_fold0,BCL2L11_BAK1,8,0.000473127758596,0.0217515006661415,0.995927393436432,0.9721516667617632,0.4327875673770904,0.2858692325939141,0.436498761177063,0.0052842074073851,0.6343485713005066,0.6133573357335733,0.35,0.24,0.27
mini_vc,unseen_combo_fold0,BCL2L11_TGFBR2,8,0.0004143793485127,0.020356310531497,0.996543288230896,0.978501328941146,0.8244274854660034,0.4828313682997974,0.8244438171386719,0.0051609794609248,0.904424011707306,0.8982538253825383,0.7,0.66,0.53
mini_vc,unseen_combo_fold0,BPGM_SAMD1,8,0.0013276350218802,0.0364367254078388,0.9896971583366394,0.9685826378625924,0.935539960861206,0.7191686971954819,0.9356725811958312,0.0140868471935391,0.9694660902023317,0.9017461746174618,0.7,0.68,0.75
mini_vc,unseen_combo_fold0,CDKN1B_CDKN1A,8,0.0011247902875766,0.0335378944873809,0.98977792263031,0.9662392331252272,0.9385498762130736,0.706904832972704,0.9384288787841796,0.0098400972783565,0.9697200059890748,0.926036603660366,0.9,0.88,0.8
mini_vc,unseen_combo_fold0,CEBPE_CEBPA,8,0.0023066692519932,0.0480277948081493,0.9843369126319884,0.971432037493386,0.9674493074417114,0.8779893017535141,0.9685866236686708,0.0189131088554859,0.9752911329269408,0.966060606060606,0.9,0.84,0.87
mini_vc,unseen_combo_fold0,CEBPE_PTPN12,8,0.0008968861075118,0.0299480576068162,0.9921643137931824,0.9673190860776482,0.9013259410858154,0.7223019530185998,0.9024031758308412,0.0051010334864258,0.9586060047149658,0.935901590159016,0.55,0.78,0.74
mini_vc,unseen_combo_fold0,CEBPE_RUNX1T1,8,0.0031755960080772,0.05635242536664,0.9738891124725342,0.9768626054398284,0.9366253018379213,0.85705448087744,0.937293291091919,0.0365291386842727,0.9528033137321472,0.9130873087308732,0.75,0.78,0.79
mini_vc,unseen_combo_fold0,DUSP9_PRTG,8,0.0011818238999694,0.0343776643276214,0.9917762279510498,0.9744888419008968,0.965815246105194,0.8162079719518506,0.96625018119812,0.0103446654975414,0.9852612614631652,0.9545274527452744,0.7,0.82,0.81
mini_vc,unseen_combo_fold0,ETS2_IGDCC3,8,0.0005095445667393,0.0225730929523706,0.9957972764968872,0.975348179407006,0.9287461638450624,0.7358032704134315,0.9288800954818726,0.0039239437319338,0.9725022315979004,0.9432583258325832,0.8,0.8,0.84
mini_vc,unseen_combo_fold0,FOXA1_FOXF1,8,0.0007036559982225,0.0265265144407749,0.9936158657073976,0.975287617229988,0.9464194774627686,0.8154944358857479,0.9474698901176452,0.004945935215801,0.9811225533485411,0.957947794779478,0.7,0.84,0.82
mini_vc,unseen_combo_fold0,FOXA3_FOXL2,8,0.0028778254054486,0.0536453686654567,0.9762738943099976,0.9576091334454212,0.9321762919425964,0.8036386766247497,0.9338899850845336,0.0256280545145273,0.976630687713623,0.9258085808580858,0.8,0.78,0.75
mini_vc,unseen_combo_fold0,IRF1_SET,8,0.0034371085930615,0.0586268603801727,0.9716023802757264,0.957737326206585,0.8762655854225159,0.7656105341712927,0.8786376714706421,0.0442538931965827,0.9022318720817566,0.8558895889588959,0.6,0.7,0.68
mini_vc,unseen_combo_fold0,KIF18B_KIF2C,8,0.0013711150968447,0.037028569728136,0.9879546165466307,0.956124097709932,0.5651085376739502,0.3009460244792794,0.5677378177642822,0.0092794438824057,0.7733138799667358,0.8105850585058506,0.4,0.5,0.46
mini_vc,unseen_combo_fold0,KLF1_CEBPA,8,0.0018681407673284,0.0432219952344894,0.9865095615386964,0.9709455097527252,0.9607841968536376,0.8553947351847385,0.9616489410400392,0.0142151601612567,0.9730230569839478,0.9469306930693068,0.9,0.8,0.87
mini_vc,unseen_combo_fold0,MAP2K3_IKZF3,8,0.0015705639962106,0.0396303422749042,0.9901186227798462,0.96897984329559,0.95589941740036,0.7385364059636248,0.955461323261261,0.0189415141940116,0.9692707061767578,0.9246804680468048,0.75,0.74,0.75
mini_vc,unseen_combo_fold0,POU3F2_CBFA2T3,8,0.0019560062792152,0.0442267581820488,0.9830684661865234,0.963022294144244,0.8557841181755066,0.7377431071877302,0.8600813150405884,0.0115691581740975,0.935085117816925,0.8916771677167716,0.6,0.6,0.64
mini_vc,unseen_combo_fold0,POU3F2_FOXL2,8,0.0017691017128527,0.0420606918632984,0.9854833483695984,0.9697381692293792,0.9315193891525269,0.824169801505067,0.9330672025680542,0.0188423711806535,0.9676105380058287,0.9236483648364836,0.7,0.8,0.83
mini_vc,unseen_combo_fold0,PRDM1_CBFA2T3,8,0.00333391292952,0.0577400475740432,0.974743664264679,0.9443124631318858,0.8981112837791443,0.7362946324884022,0.8997564911842346,0.0240282863378524,0.9494696855545044,0.9165676567656764,0.55,0.68,0.76
mini_vc,unseen_combo_fold0,SAMD1_PTPN12,8,0.0008213822729885,0.0286597684025764,0.9936037063598632,0.9714083206194064,0.9664304256439208,0.7976654388512652,0.9664707779884338,0.0071406150236725,0.9871373772621156,0.9281848184818482,0.8,0.76,0.82
mini_vc,unseen_combo_fold0,SAMD1_TGFBR2,8,0.0017368192784488,0.0416751652956008,0.9851822257041932,0.9533526646423192,0.8775163292884827,0.5645188458714888,0.8779059648513794,0.0094196628779172,0.9691106081008912,0.8903930393039304,0.75,0.6,0.63
mini_vc,unseen_combo_fold0,SET_CEBPE,8,0.0019833289552479,0.044534582644701,0.9831587672233582,0.9637594270098192,0.8414120078086853,0.6559419172430735,0.8433271646499634,0.0160600114613771,0.928780734539032,0.9126312631263126,0.7,0.68,0.64
mini_vc,unseen_combo_fold0,SET_KLF1,8,0.0037189023569226,0.0609828047454357,0.9736161828041076,0.955198932205171,0.7750860452651978,0.5405842006420885,0.7757924795150757,0.0573818162083625,0.8573182225227356,0.8295589558955896,0.6,0.58,0.59
mini_vc,unseen_combo_fold0,SGK1_S1PR2,8,0.0033582954201847,0.0579508021473884,0.9728882312774658,0.9556613966421844,0.8479809165000916,0.702054823222428,0.8497684001922607,0.0416040793061256,0.8813710808753967,0.8621542154215421,0.6,0.58,0.67
mini_vc,unseen_combo_fold0,SGK1_TBX3,8,0.0020126339513808,0.0448623895645141,0.9830216765403748,0.9581544465307608,0.91243714094162,0.6916888628025414,0.9124361872673036,0.015956275165081,0.972409963607788,0.8911731173117312,0.6,0.62,0.68
mini_vc,unseen_combo_fold0,TBX3_TBX2,8,0.000906090834178,0.0301013421267271,0.9925459027290344,0.9678220410109678,0.9599212408065796,0.7399503313195422,0.9599452018737792,0.0117868240922689,0.9828882813453674,0.8906210621062106,0.8,0.8,0.74
mini_vc,unseen_combo_fold0,ZBTB10_PTPN12,8,0.0022603683173656,0.0475433319807052,0.9803807735443116,0.96247908509276,0.8457749485969543,0.7176240298959269,0.8469985723495483,0.0182898566126823,0.9338878393173218,0.8865886588658866,0.55,0.58,0.66
mini_vc,unseen_combo_fold1,BPGM_ZBTB1,8,0.0012780532706528,0.0357498712837696,0.9902395606040956,0.966047060184928,0.9300613403320312,0.688414203485062,0.9297741651535034,0.0131743578240275,0.9575843811035156,0.925004500450045,0.65,0.62,0.66
mini_vc,unseen_combo_fold1,CBL_CNN1,8,0.0009843610459938,0.0313745290040969,0.9931409358978271,0.957220609663152,0.975105047225952,0.7924615860335208,0.974830448627472,0.0089805368334054,0.988153338432312,0.9609000900090008,0.85,0.86,0.77
mini_vc,unseen_combo_fold1,CBL_PTPN12,8,0.0006898632273077,0.0262652467936277,0.99479478597641,0.9636628222141704,0.974925935268402,0.7743853152667993,0.974917769432068,0.0053580766543745,0.9900458455085754,0.9377737773777378,0.85,0.76,0.84
mini_vc,unseen_combo_fold1,CEBPB_OSR2,8,0.0015603172359988,0.0395008511841297,0.9873459935188292,0.9700894914771624,0.9526727199554444,0.858504178108648,0.9546818137168884,0.0124014969915151,0.9705024361610411,0.9351215121512152,0.75,0.82,0.79
mini_vc,unseen_combo_fold1,CEBPE_CEBPB,8,0.0023637677077203,0.048618596047163,0.9813178777694702,0.9584520892762748,0.9479226469993592,0.8216266826196484,0.9497118592262268,0.0147074274718761,0.9756708145141602,0.9507590759075908,0.9,0.8,0.81
mini_vc,unseen_combo_fold1,CEBPE_SPI1,8,0.0054069822654128,0.073532186448574,0.9622088670730592,0.9546494071388502,0.9574735760688782,0.8553924177173495,0.958305835723877,0.066108837723732,0.980879545211792,0.945010501050105,0.8,0.78,0.82
mini_vc,unseen_combo_fold1,CNN1_MAPK1,8,0.0006956368451938,0.0263749286532402,0.9940113425254822,0.9621464055666632,0.9159737825393676,0.6740580032508503,0.9161826372146606,0.0060893343761563,0.9633113741874696,0.9381218121812182,0.85,0.78,0.82
mini_vc,unseen_combo_fold1,CNN1_UBASH3A,8,0.0016669479664415,0.0408282727003097,0.98735249042511,0.9507792859800062,0.9527418613433838,0.7429543577818291,0.9523872137069702,0.0149328848347067,0.9749561548233032,0.9216681668166816,0.85,0.78,0.74
mini_vc,unseen_combo_fold1,ETS2_IKZF3,8,0.0006596730672754,0.0256841015070676,0.9959295392036438,0.9714581220952152,0.9829827547073364,0.8608753782681174,0.9831972718238832,0.0055211437866091,0.9927588701248168,0.9588358835883588,0.8,0.9,0.87
mini_vc,unseen_combo_fold1,FOSB_CEBPB,8,0.0026827058754861,0.051794845610857,0.978860318660736,0.9536498066581086,0.9400205016136168,0.7918093965684342,0.9414508938789368,0.0215850807726383,0.9675766229629515,0.9337413741374138,0.7,0.8,0.83
mini_vc,unseen_combo_fold1,FOSB_CEBPE,8,0.0015606279484927,0.0395047850906848,0.988183319568634,0.9671326151920476,0.963590919971466,0.8445085823245411,0.964810848236084,0.0098492046818137,0.9821904301643372,0.9477827782778278,0.85,0.9,0.85
mini_vc,unseen_combo_fold1,FOSB_UBASH3B,8,0.0008380854269489,0.0289497058838605,0.9925973415374756,0.9697679470633588,0.757141649723053,0.5674755404981869,0.7595911622047424,0.0104370759800076,0.8232668042182922,0.8428562856285629,0.55,0.6,0.66
mini_vc,unseen_combo_fold1,FOXF1_HOXB9,8,0.0011201039887964,0.0334679558873176,0.9898348450660706,0.9643443398872964,0.923657238483429,0.7887203113650224,0.9257079362869264,0.0074721532873809,0.9640095829963684,0.9123072307230724,0.6,0.68,0.82
mini_vc,unseen_combo_fold1,JUN_CEBPA,8,0.0045897858217358,0.0677479580044746,0.9720474481582642,0.9423772128558016,0.9480242729187012,0.7982698528706367,0.9499322175979614,0.0316704623401165,0.969316840171814,0.9216441644164416,0.85,0.84,0.85
mini_vc,unseen_combo_fold1,KLF1_COL2A1,8,0.0055407988838851,0.0744365453720092,0.9593296647071838,0.9405103823398646,0.6275628209114075,0.4158993928329081,0.6312857270240784,0.0646709278225898,0.7108358144760132,0.8007920792079208,0.65,0.52,0.54
mini_vc,unseen_combo_fold1,KLF1_FOXA1,8,0.0029160361737012,0.054000336676836,0.9780049920082092,0.962329751046544,0.7486362457275391,0.5476095721636648,0.7495230436325073,0.0398721694946289,0.7601814866065979,0.8440804080408041,0.6,0.62,0.59
mini_vc,unseen_combo_fold1,KLF1_TGFBR2,8,0.0004526389529928,0.0212753135710954,0.9966986179351808,0.96956842797773,0.9654356241226196,0.6448501062591923,0.965555727481842,0.0030962366145104,0.9874590039253236,0.9584398439843984,0.8,0.92,0.77
mini_vc,unseen_combo_fold1,MAP2K3_ELMSAN1,8,0.0014290161198005,0.037802331149578,0.9889391660690308,0.939142218523185,0.792497456073761,0.5818897405736077,0.7913562059402466,0.0152721526101231,0.8649976253509521,0.8208700870087009,0.5,0.52,0.63
mini_vc,unseen_combo_fold1,MAP2K3_MAP2K6,8,0.0005846637650392,0.0241798218339681,0.995211124420166,0.9565860418581555,0.7560047507286072,0.5541654169768095,0.7550257444381714,0.0054509858600795,0.8238184452056885,0.8084968496849685,0.55,0.58,0.68
mini_vc,unseen_combo_fold1,MAP2K3_SLC38A2,8,0.0006283067632466,0.0250660479068756,0.99479478597641,0.9586674574609628,0.7862454056739807,0.5598366802244238,0.7857204675674438,0.0065100663341581,0.8736661076545715,0.8592619261926192,0.55,0.64,0.7
mini_vc,unseen_combo_fold1,MAPK1_PRTG,8,0.0006989704561419,0.0264380499720573,0.9941644668579102,0.9694835585020178,0.9178820252418518,0.7384883858263275,0.9185395240783693,0.005433012265712,0.9586387276649476,0.9146354635463546,0.75,0.76,0.72
mini_vc,unseen_combo_fold1,PLK4_STIL,8,0.0023758991155773,0.0487431958317756,0.9781244397163392,0.9440692676483656,0.7781144380569458,0.5394248462637123,0.7810986638069153,0.0207122508436441,0.9239107370376588,0.8730393039303931,0.55,0.52,0.54
mini_vc,unseen_combo_fold1,PTPN12_PTPN9,8,0.0005430298042483,0.0233030002564191,0.9954613447189332,0.9660675314592776,0.9692416191101074,0.786445305758337,0.9692451357841492,0.005149352364242,0.9843725562095642,0.9304770477047704,0.8,0.72,0.84
mini_vc,unseen_combo_fold1,UBASH3B_PTPN12,8,0.0005058852257207,0.022491892799735,0.9960995316505432,0.9634298423439476,0.9787508845329284,0.7871456807503014,0.9786084294319152,0.0030540369916707,0.9928349256515504,0.951035103510351,0.85,0.86,0.85
mini_vc,unseen_combo_fold1,UBASH3B_UBASH3A,8,0.0029096573125571,0.0539412386715412,0.9752125144004822,0.9647001230484428,0.9278255105018616,0.7243741477449753,0.9278377890586852,0.039522361010313,0.9571404457092284,0.9030183018301832,0.75,0.7,0.7
mini_vc,unseen_combo_fold1,ZC3HAV1_CEBPA,8,0.0025892865378409,0.0508850328624248,0.9812344312667848,0.961589667517155,0.9503142833709716,0.8134171826528046,0.9514085650444032,0.0215459298342466,0.9618847966194152,0.935085508550855,0.8,0.82,0.81
mini_vc,unseen_combo_fold2,AHR_KLF1,8,0.0022236963268369,0.0471560843288898,0.984382688999176,0.9589208995051052,0.8594138026237488,0.452797081039397,0.8618245720863342,0.0192968528717756,0.908108413219452,0.8026642664266427,0.75,0.62,0.49
mini_vc,unseen_combo_fold2,CBL_TGFBR2,8,0.0006736348732374,0.0259544774889946,0.99429452419281,0.962090376087852,0.9432730078697203,0.6137266617098515,0.9427359700202942,0.004987059161067,0.9848707318305968,0.9151875187518752,0.6,0.8,0.72
mini_vc,unseen_combo_fold2,CEBPB_MAPK1,8,0.0016415024874731,0.0405154600739479,0.9866445660591124,0.9638999335573208,0.938305139541626,0.8115779530693177,0.9396092295646667,0.0144177451729774,0.9745944738388062,0.942094209420942,0.7,0.76,0.78
mini_vc,unseen_combo_fold2,DUSP9_ETS2,8,0.0010165943531319,0.0318840779364109,0.9918003082275392,0.9661629393925574,0.9210937023162842,0.7203447458426898,0.9227879643440248,0.012072229757905,0.9548388719558716,0.9045424542454246,0.75,0.76,0.75
mini_vc,unseen_combo_fold2,ETS2_MAP7D1,8,0.0019410703098401,0.0440575778484344,0.9831694960594176,0.963993707666082,0.8638800382614136,0.6208018677846698,0.8652656078338623,0.0229564923793077,0.9199903607368468,0.8979657965796579,0.7,0.74,0.71
mini_vc,unseen_combo_fold2,ETS2_MAPK1,8,0.0030804576817899,0.0555018708109855,0.9771172404289246,0.9487808753051477,0.9351186156272888,0.7282500899246375,0.9357655644416808,0.0426094383001327,0.9599490165710448,0.9352535253525353,0.85,0.86,0.71
mini_vc,unseen_combo_fold2,FEV_CBFA2T3,8,0.0065795136615633,0.0811142027378082,0.9550331234931946,0.9340661600059236,0.8401737213134766,0.6888869880804394,0.8486194014549255,0.0705774873495101,0.8882390856742859,0.8339033903390339,0.65,0.64,0.63
mini_vc,unseen_combo_fold2,FOXA1_FOXL2,8,0.0010103185195475,0.0317855067551136,0.9906246066093444,0.9660437970310584,0.9352323412895204,0.7871308130166109,0.937084972858429,0.0043892567045986,0.9804226756095886,0.9355655565556557,0.75,0.8,0.78
mini_vc,unseen_combo_fold2,FOXA3_FOXF1,8,0.0013366738567128,0.0365605503320694,0.9870575666427612,0.9631691417517894,0.896891176700592,0.7529882115519521,0.8996420502662659,0.0060502481646835,0.963176429271698,0.8933333333333333,0.7,0.72,0.78
mini_vc,unseen_combo_fold2,IGDCC3_PRTG,8,0.0015847142785787,0.0398084707558155,0.9869585633277892,0.956010932907996,0.9137253165245056,0.6498838197923373,0.9140902161598206,0.0112143466249108,0.9601901173591614,0.9155835583558356,0.6,0.7,0.71
mini_vc,unseen_combo_fold2,KLF1_BAK1,8,0.0006171819986775,0.0248431470245122,0.9952751994132996,0.96209766201893,0.938492476940155,0.6215099223859202,0.9386070370674132,0.006987452507019,0.9617837071418762,0.904986498649865,0.85,0.8,0.72
mini_vc,unseen_combo_fold2,KLF1_CLDN6,8,0.0033161810133606,0.0575862936675548,0.9758447408676147,0.9552340188512254,0.8723768591880798,0.6727207365389153,0.8734791874885559,0.047162190079689,0.8874172568321228,0.9003780378037803,0.8,0.66,0.64
mini_vc,unseen_combo_fold2,LHX1_ELMSAN1,8,0.0033508739434182,0.0578867346048355,0.970411479473114,0.9469359963246492,0.6480571627616882,0.4651909932140198,0.6511180400848389,0.0515050888061523,0.6993578672409058,0.7831503150315031,0.55,0.54,0.64
mini_vc,unseen_combo_fold2,LYL1_IER5L,8,0.0028710041660815,0.0535817518830299,0.974729299545288,0.9633659120413492,0.7928840517997742,0.6967211316331404,0.7955635190010071,0.0402670353651046,0.8202929496765137,0.8494329432943294,0.6,0.66,0.65
mini_vc,unseen_combo_fold2,MAP2K6_ELMSAN1,8,0.0006491412059403,0.0254782494157552,0.9947239756584167,0.957267373894224,0.845392107963562,0.5797923936919379,0.8454069495201111,0.0071002529002726,0.9150450229644777,0.8834203420342034,0.7,0.7,0.7
mini_vc,unseen_combo_fold2,MAP2K6_IKZF3,8,0.0008650867966935,0.0294123571366071,0.9942113161087036,0.9600919657919904,0.9725735783576964,0.7293480619635531,0.9727594256401062,0.0078920694068074,0.9853968024253844,0.9422262226222622,0.85,0.78,0.82
mini_vc,unseen_combo_fold2,MAP2K6_SPI1,8,0.0013672800268977,0.0369767509400844,0.9873647689819336,0.9587396978205236,0.7845163941383362,0.537880318970996,0.7796974778175354,0.0135362660512328,0.9065743684768676,0.885064506450645,0.65,0.6,0.62
mini_vc,unseen_combo_fold2,MAPK1_IKZF3,8,0.0015731372404843,0.0396627932786941,0.988665759563446,0.958939398533378,0.9351344704627992,0.7439961858885176,0.9366048574447632,0.0152486376464366,0.9610560536384584,0.8969336933693369,0.75,0.74,0.78
mini_vc,unseen_combo_fold2,PTPN12_OSR2,8,0.0011495124781504,0.0339044593274593,0.9899576902389526,0.961287944481122,0.5692176222801208,0.446272408817908,0.5849207639694214,0.0128041561692953,0.6227750778198242,0.5744374437443744,0.4,0.44,0.43
mini_vc,unseen_combo_fold2,PTPN12_SNAI1,8,0.0016293944790959,0.0403657592833042,0.9841434359550476,0.9574015269655328,0.6910473704338074,0.5537421561545605,0.6914942860603333,0.0184723138809204,0.7919526100158691,0.7695169516951695,0.2,0.4,0.53
mini_vc,unseen_combo_fold2,PTPN12_UBASH3A,8,0.0016733900411054,0.0409070886671543,0.9869013428688048,0.9639917115567438,0.9698638319969176,0.7654960645956749,0.9696717858314514,0.0244500320404768,0.9888508915901184,0.9418661866186618,0.85,0.76,0.82
mini_vc,unseen_combo_fold2,TGFBR2_PRTG,8,0.0008774537127465,0.0296218451112508,0.9925714135169984,0.9658684423227574,0.934849977493286,0.7043662624800539,0.9348215460777284,0.0064598117023706,0.9713156819343568,0.9091749174917492,0.55,0.7,0.7
mini_vc,unseen_combo_fold2,UBASH3B_CNN1,8,0.0010672343196347,0.0326685532927513,0.992177426815033,0.960904167183486,0.9699968099594116,0.8118009548498504,0.969944715499878,0.0112986573949456,0.9831207990646362,0.955859585958596,0.85,0.86,0.82
mini_vc,unseen_combo_fold2,UBASH3B_OSR2,8,0.0008227872895076,0.0286842696368694,0.9926098585128784,0.9665461451486398,0.7261950373649597,0.5703308204952462,0.7379953265190125,0.0078783817589282,0.7870445251464844,0.782958295829583,0.55,0.54,0.51
mini_vc,unseen_combo_fold2,ZBTB10_ELMSAN1,8,0.0052436543628573,0.0724130794405937,0.9537808895111084,0.9403221530957034,0.7549601197242737,0.6383495173623503,0.7652307748794556,0.0600084699690341,0.9035723209381104,0.8839363936393639,0.6,0.52,0.56
mini_vc,unseen_combo_fold2,ZBTB10_SNAI1,8,0.0042464113794267,0.0651644915342331,0.964064598083496,0.9406168060613204,0.8971807360649109,0.7654845137635178,0.8998693227767944,0.0353934802114963,0.9655224084854126,0.9198799879988,0.75,0.72,0.69
mini_vc,unseen_combo_fold3,CBL_PTPN9,8,0.0008042429108172,0.0283591765910387,0.9935283064842224,0.9681029607507916,0.9585620164871216,0.7502122156839773,0.9581229090690612,0.0067306160926818,0.9803794622421264,0.9413621362136214,0.75,0.84,0.83
mini_vc,unseen_combo_fold3,CDKN1C_CDKN1B,8,0.0013994177570566,0.0374087914824485,0.9874746203422546,0.9621528656458496,0.9084244966506958,0.6351528547933716,0.908495306968689,0.007616160903126,0.9670058488845824,0.923852385238524,0.8,0.76,0.77
mini_vc,unseen_combo_fold3,CEBPB_CEBPA,8,0.0035318313166499,0.0594292134046554,0.97641122341156,0.9509175499531392,0.9461444616317748,0.7994868189532213,0.948329210281372,0.0131656881421804,0.9812814593315125,0.9452145214521452,0.8,0.86,0.83
mini_vc,unseen_combo_fold3,CEBPE_KLF1,8,0.0033076610416173,0.0575122684240341,0.9745252132415771,0.9595298927566668,0.6367181539535522,0.5107077109540353,0.6431881785392761,0.0349829569458961,0.6863685250282288,0.7548514851485149,0.35,0.48,0.49
mini_vc,unseen_combo_fold3,DUSP9_IGDCC3,8,0.0012067904463037,0.0347388908267021,0.9913392066955566,0.9655788866745316,0.9573604464530944,0.7980952112709355,0.9576708674430848,0.0139520056545734,0.9719963073730468,0.9543954395439544,0.75,0.8,0.76
mini_vc,unseen_combo_fold3,DUSP9_KLF1,8,0.0022481270134449,0.0474144183099269,0.9875375628471376,0.9646364799323808,0.9544641971588136,0.7489901872263642,0.9543933868408204,0.0339731983840465,0.9691569805145264,0.9326492649264928,0.75,0.74,0.76
mini_vc,unseen_combo_fold3,DUSP9_MAPK1,8,0.0012348976451903,0.035141110420227,0.9900943636894226,0.9702253214591876,0.7777453064918518,0.6110093169503868,0.784242570400238,0.0159114096313714,0.8034341931343079,0.8053525352535253,0.6,0.62,0.61
mini_vc,unseen_combo_fold3,DUSP9_SNAI1,8,0.0072943619452416,0.0854070335626602,0.9403663277626038,0.9525183757696734,0.7611905932426453,0.7229131209977012,0.7654491662979126,0.0663746148347854,0.9000335931777954,0.8965496549654965,0.55,0.62,0.6
mini_vc,unseen_combo_fold3,FEV_ISL2,8,0.001909130369313,0.0436935946345329,0.9878045916557312,0.9610399586315672,0.9472691416740416,0.7806259167889313,0.9495969414711,0.0200181361287832,0.9731400012969972,0.9386978697869788,0.8,0.78,0.81
mini_vc,unseen_combo_fold3,FEV_MAP7D1,8,0.0016818601870909,0.0410104878246784,0.9883079528808594,0.959862296036316,0.927085816860199,0.7098559005584243,0.928250789642334,0.0162281766533851,0.9577404856681824,0.9037143714371436,0.85,0.84,0.76
mini_vc,unseen_combo_fold3,FOSB_OSR2,8,0.0013704047305509,0.0370189771056175,0.9898925423622132,0.9684093349912112,0.956296682357788,0.8222052054718366,0.958498477935791,0.014159582555294,0.97208571434021,0.939045904590459,0.65,0.9,0.79
mini_vc,unseen_combo_fold3,FOXA3_HOXB9,8,0.0012794005451723,0.0357687100768089,0.9891240000724792,0.9688972387877012,0.9447715282440186,0.8615242065013132,0.9466400742530824,0.011899983510375,0.9630773067474364,0.9032583258325833,0.6,0.78,0.85
mini_vc,unseen_combo_fold3,FOXL2_HOXB9,8,0.0024239793419837,0.0492339245975017,0.9799313545227052,0.9557085602804613,0.9067903757095336,0.7701577332895503,0.9094652533531188,0.0148900737985968,0.9550015330314636,0.9003540354035403,0.55,0.74,0.73
mini_vc,unseen_combo_fold3,FOXL2_MEIS1,8,0.0009526468929834,0.0308649782091379,0.9918245673179626,0.9683605626481868,0.9302292466163636,0.7689646196155686,0.9318900108337402,0.0047660833224654,0.9734787940979004,0.9067266726672668,0.7,0.74,0.81
mini_vc,unseen_combo_fold3,IGDCC3_MAPK1,8,0.0007100281654857,0.0266463533043861,0.9939569234848022,0.969556136204042,0.9095953702926636,0.7348467253169607,0.9096240997314452,0.006832918152213,0.9400377869606018,0.9343894389438944,0.75,0.84,0.77
mini_vc,unseen_combo_fold3,JUN_CEBPB,8,0.0049038678407669,0.070027619600296,0.961785078048706,0.9371654069108262,0.8748970031738281,0.7208231129248094,0.8793095946311951,0.0305290799587965,0.9353286623954772,0.864002400240024,0.65,0.72,0.67
mini_vc,unseen_combo_fold3,MAPK1_TGFBR2,8,0.0004051822470501,0.0201291386038064,0.9966745972633362,0.9720903265523244,0.9665883779525756,0.7788682527636049,0.9666911363601683,0.0029221400618553,0.9834597110748292,0.9632283228322832,0.95,0.92,0.82
mini_vc,unseen_combo_fold3,RHOXF2_SET,8,0.0028734419029206,0.053604494780302,0.9791095852851868,0.951162165966574,0.8662126660346985,0.7191565354081433,0.8717592358589172,0.0284171532839536,0.9276770949363708,0.8650585058505851,0.55,0.66,0.67
mini_vc,unseen_combo_fold3,RHOXF2_ZBTB25,8,0.0013173220213502,0.0362949296832084,0.990022361278534,0.9609279160921588,0.9467054605484008,0.7520589075786102,0.9468713998794556,0.0070810695178806,0.9831701517105104,0.9387578757875789,0.8,0.76,0.77
mini_vc,unseen_combo_fold3,SAMD1_ZBTB1,8,0.0017010390292853,0.0412436537444591,0.9872827529907228,0.9658355558004648,0.9328799843788148,0.7263884371847826,0.9336694478988647,0.0163409411907196,0.9644298553466796,0.9231203120312031,0.85,0.84,0.77
mini_vc,unseen_combo_fold3,TGFBR2_C19orf26,8,0.0012335560750216,0.0351220183074474,0.9895716905593872,0.9693609011624572,0.8876907825469971,0.6567251092782205,0.8881261944770813,0.0146127352491021,0.9313165545463562,0.8903090309030903,0.7,0.66,0.68
mini_vc,unseen_combo_fold3,TGFBR2_IGDCC3,8,0.0006763803539797,0.0260073132812976,0.9943113923072816,0.9711301568368556,0.9491010904312134,0.7387495432587631,0.9491509199142456,0.0048455609939992,0.9768983125686646,0.9407620762076208,0.8,0.76,0.72
mini_vc,unseen_combo_fold3,ZBTB10_DLX2,8,0.0064835171215236,0.080520287156105,0.9432364702224731,0.932129585660842,0.8636001944541931,0.7269206346818813,0.8648565411567688,0.0748178511857986,0.9102177619934082,0.8693789378937894,0.65,0.6,0.72
mini_vc,unseen_combo_fold3,ZC3HAV1_CEBPE,8,0.0009588481043465,0.0309652723371982,0.9917647838592528,0.977026995390442,0.838744580745697,0.622517731386703,0.8382763862609863,0.0099266013130545,0.8873277902603149,0.9013021302130212,0.65,0.72,0.64
mini_vc,unseen_combo_fold3,ZC3HAV1_HOXC13,8,0.0013888328103348,0.0372670479118824,0.988381326198578,0.9696334848563394,0.8044681549072266,0.680352659811029,0.8071085214614868,0.0190068986266851,0.8534199595451355,0.8721992199219922,0.5,0.62,0.68
mini_vc,unseen_combo_fold3,ZNF318_FOXL2,8,0.0015307024586945,0.0391241945326328,0.9858483672142028,0.966662818213751,0.8097283840179443,0.7117738600411877,0.8086174726486206,0.0143906380981206,0.8864169716835022,0.8987818781878187,0.55,0.62,0.62
mini_vc,unseen_combo_fold4,C3orf72_FOXL2,8,0.0046514440327882,0.0682014971971511,0.9606651663780212,0.927332766283356,0.7964345216751099,0.5826341147196284,0.7960717678070068,0.0192818380892276,0.9280198216438292,0.9006900690069007,0.45,0.56,0.56
mini_vc,unseen_combo_fold4,CBL_UBASH3A,8,0.0023904000408947,0.0488917157053947,0.9813324213027954,0.9384159415762864,0.8745555877685547,0.5538166483416124,0.8737315535545349,0.0149623425677418,0.9519469141960144,0.9010981098109812,0.7,0.58,0.56
mini_vc,unseen_combo_fold4,CBL_UBASH3B,8,0.0011125839082524,0.0333554185926914,0.9919354915618896,0.9697529772059136,0.978338897228241,0.831895936220488,0.9782679080963136,0.0147316381335258,0.9887040257453918,0.973069306930693,0.85,0.88,0.84
mini_vc,unseen_combo_fold4,CDKN1C_CDKN1A,8,0.0012083299225196,0.0347610414028167,0.989484965801239,0.9576265682790172,0.9345275163650512,0.6572969257202507,0.9344903230667114,0.0066897328943014,0.978084683418274,0.9348934893489348,0.8,0.74,0.78
mini_vc,unseen_combo_fold4,CEBPB_PTPN12,8,0.0021803055424243,0.046693742275238,0.981464385986328,0.9598918670442648,0.8099521398544312,0.6875101824194614,0.813120424747467,0.021847041323781,0.8803769946098328,0.8351755175517552,0.45,0.54,0.63
mini_vc,unseen_combo_fold4,CEBPE_CNN1,8,0.0076256091706454,0.0873247310519218,0.9338433146476746,0.9384142169217068,0.7396931648254395,0.6276800750613853,0.7434857487678528,0.0725501850247383,0.807978093624115,0.8433363336333634,0.55,0.58,0.58
mini_vc,unseen_combo_fold4,ETS2_CEBPE,8,0.0027366715949028,0.0523132048547267,0.9783632159233092,0.9694162213821452,0.9208914041519164,0.8184201815999921,0.922887086868286,0.0205577667802572,0.9515567421913148,0.8960816081608161,0.6,0.8,0.74
mini_vc,unseen_combo_fold4,ETS2_CNN1,8,0.0005896706716157,0.0242831353098154,0.9949483275413512,0.9613164652139444,0.8916782140731812,0.6631452706809997,0.8913014531135559,0.0064727403223514,0.9343701004981996,0.894005400540054,0.85,0.6,0.68
mini_vc,unseen_combo_fold4,ETS2_PRTG,8,0.0006243856623768,0.0249877106398344,0.994840681552887,0.97187092991304,0.93013995885849,0.7732829342837767,0.9301040768623352,0.0039090104401111,0.9751346707344056,0.946078607860786,0.7,0.8,0.76
mini_vc,unseen_combo_fold4,FOSB_IKZF3,8,0.0023645046167075,0.04862617328763,0.984583020210266,0.958597349748312,0.9439113736152648,0.771777850888833,0.9447317719459534,0.0249542165547609,0.968015730381012,0.911971197119712,0.65,0.68,0.74
mini_vc,unseen_combo_fold4,FOSB_PTPN12,8,0.0008442932739853,0.0290567260235548,0.99280846118927,0.9585472914884452,0.8303055167198181,0.5398987669215645,0.8311215043067932,0.0086500020697712,0.9122307896614076,0.8872367236723673,0.6,0.58,0.58
mini_vc,unseen_combo_fold4,FOXA1_HOXB9,8,0.0009047025814652,0.030078275129199,0.9924818873405457,0.9706308425854012,0.9540448188781738,0.8541342297621333,0.9556419253349304,0.0066655068658292,0.9800257682800292,0.9514311431143114,0.7,0.82,0.85
mini_vc,unseen_combo_fold4,FOXA3_FOXA1,8,0.0013486435636878,0.0367238819599151,0.9875959753990172,0.9689519976170526,0.92890727519989,0.815683131300624,0.930326521396637,0.012081541121006,0.9643217325210572,0.9261926192619262,0.7,0.76,0.74
mini_vc,unseen_combo_fold4,FOXF1_FOXL2,8,0.0017031913157552,0.0412697382271289,0.98538076877594,0.9678238958297414,0.9433580040931702,0.8272876495373054,0.9440272450447084,0.0159286968410015,0.9731560945510864,0.94006600660066,0.65,0.82,0.84
mini_vc,unseen_combo_fold4,IGDCC3_ZBTB25,8,0.0020829292479902,0.045639120042324,0.9825117588043212,0.9607635323434012,0.9523054361343384,0.7317266323997396,0.9518688321113586,0.0241823550313711,0.9828075170516968,0.934929492949295,0.85,0.76,0.79
mini_vc,unseen_combo_fold4,KLF1_MAP2K6,8,0.0008135325624607,0.0285224914550781,0.9945067763328552,0.9690082468593628,0.92809796333313,0.6201405056704004,0.9279637336730956,0.0104429805651307,0.959100902080536,0.9137953795379538,0.85,0.74,0.69
mini_vc,unseen_combo_fold4,LYL1_CEBPB,8,0.004025338217616,0.0634455531835556,0.965512990951538,0.9527960056786968,0.7938477993011475,0.7125027992471513,0.7993937730789185,0.034988883882761,0.8417264223098755,0.8609540954095409,0.6,0.58,0.64
mini_vc,unseen_combo_fold4,PTPN12_ZBTB25,8,0.0004748847568407,0.0217918511480093,0.996325671672821,0.9677901166052422,0.9778659343719482,0.7836325569512504,0.9778650403022766,0.0028033950366079,0.9923871755599976,0.9435103510351036,0.95,0.8,0.86
mini_vc,unseen_combo_fold4,SAMD1_UBASH3B,8,0.0008164282771758,0.0285732094198465,0.9933387637138368,0.9662309997723364,0.9592139720916748,0.7579224410477643,0.9589490294456482,0.0067706345580518,0.981445848941803,0.931965196519652,0.8,0.76,0.75
mini_vc,unseen_combo_fold4,SGK1_TBX2,8,0.0014044891577214,0.0374765135347843,0.9886819124221802,0.9578304123027672,0.9368606805801392,0.7408138071419202,0.9366786479949952,0.0139583004638552,0.9798852205276488,0.9384218421842184,0.7,0.7,0.79
mini_vc,unseen_combo_fold4,SNAI1_DLX2,8,0.002473667031154,0.0497359745204448,0.9740142226219176,0.9426267232410828,0.8981936573982239,0.6799707670424303,0.8980406522750854,0.0206032041460275,0.9475111961364746,0.9195079507950796,0.8,0.66,0.76
mini_vc,unseen_combo_fold4,SNAI1_UBASH3B,8,0.000930150039494,0.0304983612149953,0.990869402885437,0.964527838953069,0.8771336078643799,0.680214998308591,0.875511646270752,0.0098812030628323,0.9322249293327332,0.9157755775577556,0.6,0.76,0.73
mini_vc,unseen_combo_fold4,TGFBR2_ETS2,8,0.000521108158864,0.0228277929127216,0.9956567883491516,0.9680127013974054,0.8879906535148621,0.5921955362733144,0.8861356377601624,0.0024832503404468,0.9640271663665771,0.9146354635463546,0.75,0.8,0.73
mini_vc,unseen_combo_fold4,TMSB4X_BAK1,8,0.0018787264125421,0.0433442778885364,0.9853096604347228,0.9563777090903784,0.6543368697166443,0.3262982551192173,0.6523047685623169,0.0297608468681573,0.8187891244888306,0.7447584758475848,0.5,0.44,0.42
mini_vc,unseen_combo_fold4,UBASH3B_PTPN9,8,0.0007253836374729,0.0269329473376274,0.9940305352211,0.9681763079451692,0.959962785243988,0.7913665271118616,0.9596469402313232,0.0076358779333531,0.9784499406814576,0.957023702370237,0.75,0.82,0.81
mini_vc,unseen_combo_fold4,UBASH3B_ZBTB25,8,0.000577810278628,0.0240376852452754,0.9952258467674256,0.9666011799602464,0.9665347933769226,0.7471738965972577,0.9665155410766602,0.004571022465825,0.9850818514823914,0.9315811581158115,0.9,0.78,0.81
scgpt_frozen,unseen_combo_fold0,AHR_FEV,8,0.0041326447390019,0.0642856508493423,0.9747755527496338,0.943351884604162,0.8925492167472839,0.734049222965743,0.897994339466095,0.0417241863906383,0.9404411911964417,0.8202820282028203,0.7,0.6,0.68
scgpt_frozen,unseen_combo_fold0,BCL2L11_BAK1,8,0.0006459502037614,0.025415550917387,0.9944711923599244,0.9556836890482366,0.3323197960853576,0.1154637844079292,0.3291470110416412,0.0052676373161375,0.5593538880348206,0.465034503450345,0.3,0.18,0.24
scgpt_frozen,unseen_combo_fold0,BCL2L11_TGFBR2,8,0.000565001508221,0.0237697605043649,0.9953061938285828,0.9618205100841568,0.7317286729812622,0.2745598674703716,0.7284572124481201,0.0052795028313994,0.8765904307365417,0.838991899189919,0.7,0.52,0.43
scgpt_frozen,unseen_combo_fold0,BPGM_SAMD1,8,0.0014132175128906,0.0375927835702896,0.989076554775238,0.955213928648153,0.9289284944534302,0.6683472475348332,0.9284204244613647,0.0122553445398807,0.97517991065979,0.91003900390039,0.65,0.72,0.74
scgpt_frozen,unseen_combo_fold0,CDKN1B_CDKN1A,8,0.0014542054850608,0.0381340458989143,0.9867324233055116,0.9522396321506306,0.9159547090530396,0.6215162466599592,0.9157307147979736,0.0112072993069887,0.963235318660736,0.9001500150015002,0.8,0.82,0.75
scgpt_frozen,unseen_combo_fold0,CEBPE_CEBPA,8,0.0047926730476319,0.0692291334271431,0.9726532697677612,0.9390073073190188,0.9578174352645874,0.8208497503120281,0.9594492316246032,0.0477842204272747,0.9710336923599244,0.9578277827782778,0.9,0.82,0.83
scgpt_frozen,unseen_combo_fold0,CEBPE_PTPN12,8,0.0007612503832206,0.0275907665491104,0.9932856559753418,0.9597044762089504,0.8931844830513,0.6493301198862086,0.8943320512771606,0.0053971968591213,0.958631992340088,0.9302370237023704,0.75,0.72,0.72
scgpt_frozen,unseen_combo_fold0,CEBPE_RUNX1T1,8,0.0008734671282581,0.0295544769614934,0.9923160672187804,0.9547432878169098,0.9203671216964722,0.7042483252488264,0.921866536140442,0.0075748246163129,0.9632738828659058,0.9244284428442844,0.8,0.8,0.71
scgpt_frozen,unseen_combo_fold0,DUSP9_PRTG,8,0.0013149871956557,0.0362627506256103,0.990889310836792,0.9552312338438192,0.9609344601631165,0.7698223633217508,0.9614850282669068,0.0077605401165783,0.9852384328842164,0.9623882388238824,0.6,0.84,0.81
scgpt_frozen,unseen_combo_fold0,ETS2_IGDCC3,8,0.0006337429513223,0.0251742508262395,0.9947335124015808,0.9604170687619864,0.9086108803749084,0.6364152457654634,0.9087686538696288,0.0034897176083177,0.9739806056022644,0.9261686168616862,0.8,0.76,0.8
scgpt_frozen,unseen_combo_fold0,FOXA1_FOXF1,8,0.0007473137229681,0.0273370388895273,0.9931851625442504,0.9673843214987946,0.9391334652900696,0.7883743017553203,0.9404230117797852,0.0055651133880019,0.973090410232544,0.9334773477347736,0.65,0.76,0.81
scgpt_frozen,unseen_combo_fold0,FOXA3_FOXL2,8,0.0035840810742229,0.0598671957850456,0.9707071781158448,0.9500500271384412,0.9216163158416748,0.7850673681136505,0.9226958751678468,0.0346691645681858,0.9662700891494752,0.904962496249625,0.75,0.74,0.73
scgpt_frozen,unseen_combo_fold0,IRF1_SET,8,0.003971470054239,0.0630196034908294,0.9668154120445251,0.9155980069945358,0.8473918437957764,0.6908017012869518,0.8503053784370422,0.0380041226744651,0.9050583243370056,0.8631383138313832,0.5,0.6,0.64
scgpt_frozen,unseen_combo_fold0,KIF18B_KIF2C,8,0.0016404259949922,0.0405021719634532,0.9857431650161744,0.9403815291593216,0.5174556970596313,0.2646292511195794,0.5199320912361145,0.0088051632046699,0.7876091003417969,0.8038523852385239,0.45,0.42,0.45
scgpt_frozen,unseen_combo_fold0,KLF1_CEBPA,8,0.0041267918422818,0.0642401129007339,0.9694923758506776,0.9466332487192888,0.920044243335724,0.7746739491508794,0.9222313165664672,0.0387677587568759,0.966952919960022,0.953963396339634,0.8,0.8,0.76
scgpt_frozen,unseen_combo_fold0,MAP2K3_IKZF3,8,0.0016534007154405,0.0406620316207408,0.9895030856132508,0.9625398514119496,0.9529398083686828,0.7077417507185232,0.9527539014816284,0.0204849056899547,0.9674445986747742,0.9253525352535252,0.75,0.74,0.78
scgpt_frozen,unseen_combo_fold0,POU3F2_CBFA2T3,8,0.0018322488758713,0.0428047776222229,0.9837930202484132,0.9450766338680432,0.8441237211227417,0.682937817102973,0.8487985134124756,0.0128037882968783,0.9313756823539734,0.88997299729973,0.6,0.62,0.62
scgpt_frozen,unseen_combo_fold0,POU3F2_FOXL2,8,0.0017083117272704,0.0413317270576953,0.9860381484031676,0.9588350236905137,0.9224547743797302,0.7860436913368412,0.9240735173225404,0.0162804350256919,0.9675762057304382,0.9232763276327632,0.7,0.78,0.77
scgpt_frozen,unseen_combo_fold0,PRDM1_CBFA2T3,8,0.0044388421811163,0.0666246339678764,0.9667295813560486,0.9215317689393684,0.8641434907913208,0.6415514855556491,0.8659633994102478,0.035662792623043,0.9350734949111938,0.9248484848484848,0.45,0.64,0.72
scgpt_frozen,unseen_combo_fold0,SAMD1_PTPN12,8,0.0009080211166292,0.0301333889365196,0.9929571151733398,0.9591905770091028,0.9616090059280396,0.7630088865796684,0.961250901222229,0.0068600540980696,0.9875332117080688,0.9302970297029703,0.85,0.72,0.78
scgpt_frozen,unseen_combo_fold0,SAMD1_TGFBR2,8,0.001922060502693,0.0438413098454475,0.9836264848709106,0.9463531687164352,0.8632110953330994,0.5531406366463897,0.8633403778076172,0.0114925531670451,0.9615403413772584,0.878931893189319,0.75,0.56,0.63
scgpt_frozen,unseen_combo_fold0,SET_CEBPE,8,0.0024296503979712,0.0492914840579032,0.9796014428138732,0.9449999029139108,0.8617337346076965,0.6522314372619327,0.8619562983512878,0.0146326515823602,0.9360279440879822,0.9190879087908792,0.75,0.66,0.65
scgpt_frozen,unseen_combo_fold0,SET_KLF1,8,0.0024156922008842,0.0491496920585632,0.9828252792358398,0.9459455956135728,0.8432196378707886,0.5995524201694865,0.8427437543869019,0.0237745586782693,0.919579803943634,0.9008460846084608,0.6,0.68,0.69
scgpt_frozen,unseen_combo_fold0,SGK1_S1PR2,8,0.0040391189977526,0.0635540634393692,0.967177391052246,0.943758700182652,0.8086728453636169,0.6577409649798666,0.8113740682601929,0.0525272563099861,0.8515611886978149,0.8546894689468947,0.45,0.58,0.67
scgpt_frozen,unseen_combo_fold0,SGK1_TBX3,8,0.0021911000367254,0.0468091890215873,0.9814257025718688,0.9408772694845976,0.9072425365447998,0.6569623774756334,0.9070391654968262,0.0231544207781553,0.9668585658073424,0.8922652265226523,0.65,0.66,0.72
scgpt_frozen,unseen_combo_fold0,TBX3_TBX2,8,0.0024652578867971,0.0496513620018959,0.9807212352752686,0.8813068706228712,0.9180848598480223,0.5695505994408582,0.9178399443626404,0.0129103437066078,0.9782063364982604,0.867926792679268,0.8,0.72,0.58
scgpt_frozen,unseen_combo_fold0,ZBTB10_PTPN12,8,0.0024730113800615,0.0497293807566165,0.9794399738311768,0.9410414531327732,0.8654297590255737,0.7354998665709622,0.8671455979347229,0.0100151421502232,0.9530994296073914,0.9006180618061806,0.55,0.7,0.69
scgpt_frozen,unseen_combo_fold1,BPGM_ZBTB1,8,0.0011011678725481,0.0331838503479957,0.9915871024131776,0.947679505843422,0.9378984570503236,0.6377945709602715,0.9378665685653688,0.009322328492999,0.9716342687606812,0.9378217821782178,0.8,0.7,0.7
scgpt_frozen,unseen_combo_fold1,CBL_CNN1,8,0.0010938849300146,0.0330739319324493,0.9922541379928588,0.9479473333125116,0.9719702005386353,0.7763466026652153,0.9719403982162476,0.0093381898477673,0.9874751567840576,0.9447464746474648,0.85,0.82,0.81
scgpt_frozen,unseen_combo_fold1,CBL_PTPN12,8,0.0006124086212366,0.0247468911111354,0.9953901767730712,0.9560021156632376,0.973697543144226,0.7306844819504847,0.9735797047615052,0.0033930868376046,0.9920454621315002,0.9438103810381038,0.8,0.78,0.84
scgpt_frozen,unseen_combo_fold1,CEBPB_OSR2,8,0.0022289047483354,0.0472112782299518,0.9835896492004396,0.9504957617923876,0.9385973811149596,0.8104818580538607,0.941278874874115,0.0158315952867269,0.9649895429611206,0.9384578457845784,0.8,0.82,0.76
scgpt_frozen,unseen_combo_fold1,CEBPE_CEBPB,8,0.0045376243069767,0.0673618912696838,0.964067280292511,0.9407166633877122,0.90691477060318,0.7559232190818428,0.9100456237792968,0.0432258956134319,0.9436016082763672,0.9048064806480648,0.75,0.74,0.81
scgpt_frozen,unseen_combo_fold1,CEBPE_SPI1,8,0.0098027857020497,0.0990090146660804,0.9289417266845704,0.9254955620963308,0.9236354231834412,0.771425260008977,0.9247029423713684,0.1287849843502044,0.9482628703117372,0.9066546654665466,0.8,0.68,0.75
scgpt_frozen,unseen_combo_fold1,CNN1_MAPK1,8,0.000778215820901,0.0278965197503566,0.9933461546897888,0.9542046452941416,0.9029831290245056,0.6126804079231353,0.9032819271087646,0.0045401286333799,0.9727867245674132,0.9218361836183618,0.85,0.72,0.77
scgpt_frozen,unseen_combo_fold1,CNN1_UBASH3A,8,0.0016307273181155,0.0403822660446167,0.9875299334526062,0.9349302090843148,0.9542620182037354,0.7127969642528905,0.9542313814163208,0.0114125655964016,0.9810762405395508,0.9030183018301832,0.85,0.76,0.78
scgpt_frozen,unseen_combo_fold1,ETS2_IKZF3,8,0.0008002444519661,0.0282885916531085,0.9957275390625,0.9673359675017345,0.9832589030265808,0.851126663808181,0.9833012223243712,0.0083358976989984,0.9941830039024352,0.9692649264926492,0.8,0.88,0.87
scgpt_frozen,unseen_combo_fold1,FOSB_CEBPB,8,0.0048716315068304,0.0697970762848854,0.9615140557289124,0.9357013811044956,0.8893887400627136,0.72787954508505,0.8922109007835388,0.0473776161670684,0.931867241859436,0.8864086408640864,0.75,0.66,0.78
scgpt_frozen,unseen_combo_fold1,FOSB_CEBPE,8,0.0043625133112072,0.0660493224859237,0.9675462245941162,0.9502856356135876,0.9287816882133484,0.7884995174574252,0.9310084581375122,0.0491230338811874,0.963042676448822,0.9306450645064508,0.8,0.78,0.8
scgpt_frozen,unseen_combo_fold1,FOSB_UBASH3B,8,0.0007421775953844,0.027242936193943,0.9933313131332396,0.9548642453226368,0.7917980551719666,0.5432918812657053,0.7938305735588074,0.0059119584038853,0.8927563428878784,0.8703030303030304,0.6,0.6,0.69
scgpt_frozen,unseen_combo_fold1,FOXF1_HOXB9,8,0.001074307016097,0.0327766239643096,0.9902428984642028,0.9597257572645884,0.9270523190498352,0.7702584316775343,0.9289949536323548,0.0066090328618884,0.9712128043174744,0.9227722772277228,0.65,0.7,0.82
scgpt_frozen,unseen_combo_fold1,JUN_CEBPA,8,0.0049600163474678,0.0704273805022239,0.9695492386817932,0.930803043006494,0.9412996172904968,0.7676007267915145,0.9434202909469604,0.0319564044475555,0.96503484249115,0.9112391239123911,0.8,0.78,0.84
scgpt_frozen,unseen_combo_fold1,KLF1_COL2A1,8,0.0026742019690573,0.0517126880586147,0.9789750576019288,0.933839735578756,0.836154043674469,0.6198557497113752,0.8375398516654968,0.0261821169406175,0.9076785445213318,0.8929132913291329,0.75,0.7,0.56
scgpt_frozen,unseen_combo_fold1,KLF1_FOXA1,8,0.0017771034035831,0.0421557053923606,0.9865301847457886,0.9569171879475076,0.8501368761062622,0.6225995384711239,0.8503984808921814,0.0202047899365425,0.871218204498291,0.8907770777077708,0.7,0.66,0.71
scgpt_frozen,unseen_combo_fold1,KLF1_TGFBR2,8,0.0004866942181251,0.0220611467957496,0.9964632391929626,0.9528834790241926,0.9624907970428468,0.5807909464580457,0.9625647068023682,0.0029331448022276,0.9870805144309998,0.9582358235823584,0.8,0.84,0.78
scgpt_frozen,unseen_combo_fold1,MAP2K3_ELMSAN1,8,0.00129824236501,0.0360311307013034,0.989965558052063,0.9129464106299208,0.8156036138534546,0.5402942428474542,0.81466144323349,0.0096979970112442,0.9216482043266296,0.8560816081608161,0.5,0.52,0.66
scgpt_frozen,unseen_combo_fold1,MAP2K3_MAP2K6,8,0.0009098898153752,0.0301643796265125,0.9927085041999816,0.9177126400077312,0.7560815215110779,0.4815124185219572,0.7554689645767212,0.0049917586147785,0.8831043839454651,0.8636423642364236,0.5,0.58,0.61
scgpt_frozen,unseen_combo_fold1,MAP2K3_SLC38A2,8,0.0009028674103319,0.0300477519631385,0.9925420880317688,0.9140510998735352,0.7611420750617981,0.4747975230915906,0.7606105208396912,0.0046812505461275,0.9111601114273072,0.8899129912991299,0.45,0.56,0.63
scgpt_frozen,unseen_combo_fold1,MAPK1_PRTG,8,0.0008566927281208,0.0292693134397268,0.9928319454193116,0.9599921781247998,0.9010623693466188,0.6925096096395755,0.9021363258361816,0.0087672285735607,0.9386398196220398,0.889024902490249,0.7,0.76,0.75
scgpt_frozen,unseen_combo_fold1,PLK4_STIL,8,0.0028702663257718,0.0535748675465583,0.9736686944961548,0.9328747389666536,0.7254742383956909,0.4552595008633447,0.7265546321868896,0.0277438908815383,0.9063984155654908,0.8834323432343234,0.55,0.56,0.53
scgpt_frozen,unseen_combo_fold1,PTPN12_PTPN9,8,0.0006444728933274,0.0253864713013172,0.9946070313453674,0.9564863045830374,0.9645398855209352,0.7481191480051007,0.9645397067070008,0.0054643396288156,0.9874661564826964,0.9224242424242424,0.8,0.72,0.82
scgpt_frozen,unseen_combo_fold1,UBASH3B_PTPN12,8,0.0005920768016949,0.0243326276540756,0.9954161047935486,0.9515602556509328,0.9728330969810486,0.7391094824063456,0.972530722618103,0.0029785358346998,0.992835521697998,0.9395979597959796,0.8,0.76,0.83
scgpt_frozen,unseen_combo_fold1,UBASH3B_UBASH3A,8,0.0024633463472127,0.0496321097016334,0.978186011314392,0.950718031324282,0.909875988960266,0.6525069117177018,0.9098913073539734,0.0282593555748462,0.952889323234558,0.8918571857185719,0.7,0.64,0.71
scgpt_frozen,unseen_combo_fold1,ZC3HAV1_CEBPA,8,0.0027814470231533,0.0527394264936447,0.9807814359664916,0.950207184345636,0.9487437605857848,0.7872696388810853,0.9498869776725768,0.0246909316629171,0.9674517512321472,0.9372697269726972,0.8,0.84,0.84
scgpt_frozen,unseen_combo_fold2,AHR_KLF1,8,0.0014791174326092,0.0384592972695827,0.9896929860115052,0.9515376329361392,0.8960354924201965,0.4725683909017167,0.8979282379150391,0.0075783370994031,0.9596282243728638,0.883996399639964,0.85,0.72,0.61
scgpt_frozen,unseen_combo_fold2,CBL_TGFBR2,8,0.0006848211050964,0.0261690877377986,0.9941469430923462,0.957328044212036,0.939033031463623,0.6034294629231971,0.9389358758926392,0.0035475047770887,0.9818341732025146,0.9088148814881488,0.6,0.72,0.74
scgpt_frozen,unseen_combo_fold2,CEBPB_MAPK1,8,0.0013592925388365,0.0368685834109783,0.9891154170036316,0.9524033445353092,0.9531317949295044,0.8036037833163789,0.954220175743103,0.008884253911674,0.97962087392807,0.9702130213021302,0.8,0.88,0.79
scgpt_frozen,unseen_combo_fold2,DUSP9_ETS2,8,0.0007984443800523,0.0282567590475082,0.993659257888794,0.9542855291211492,0.935667097568512,0.6897436327555164,0.9356687068939208,0.0072886245325207,0.973318576812744,0.9254605460546056,0.8,0.82,0.78
scgpt_frozen,unseen_combo_fold2,ETS2_MAP7D1,8,0.0020154782105237,0.0448940768837928,0.9828550815582277,0.9449556082577956,0.8583324551582336,0.5523495589732547,0.8596326112747192,0.0231981985270977,0.9240391254425048,0.8985418541854185,0.7,0.7,0.67
scgpt_frozen,unseen_combo_fold2,ETS2_MAPK1,8,0.0026096734218299,0.0510849617421627,0.9810835123062134,0.9371424781308382,0.9202646613121032,0.699934693965369,0.9204414486885072,0.0264929588884115,0.948892056941986,0.925844584458446,0.8,0.8,0.71
scgpt_frozen,unseen_combo_fold2,FEV_CBFA2T3,8,0.0046885223127901,0.0684727877378463,0.9687259793281556,0.9327117881481904,0.8901423215866089,0.7347189931306077,0.8953233361244202,0.0477705709636211,0.9307568073272704,0.8688148814881488,0.75,0.72,0.76
scgpt_frozen,unseen_combo_fold2,FOXA1_FOXL2,8,0.000943525112234,0.0307168532162904,0.9912660121917723,0.9610842389981396,0.9478773474693298,0.7891896299052149,0.949371337890625,0.0034065907821059,0.9862380623817444,0.9495349534953496,0.8,0.78,0.81
scgpt_frozen,unseen_combo_fold2,FOXA3_FOXF1,8,0.0015371416229754,0.0392063967883586,0.9851882457733154,0.9575725142867252,0.914341926574707,0.7484807804795349,0.9165048003196716,0.0070697641931474,0.9715370535850524,0.9209360936093608,0.7,0.8,0.75
scgpt_frozen,unseen_combo_fold2,IGDCC3_PRTG,8,0.0017467660363763,0.041794329881668,0.9858588576316832,0.9508118831245644,0.9320910573005676,0.6708355906307699,0.9324389100074768,0.0136279119178652,0.9742104411125184,0.9345214521452144,0.55,0.8,0.75
scgpt_frozen,unseen_combo_fold2,KLF1_BAK1,8,0.0006056946003809,0.0246108639985322,0.9954802989959716,0.9589561401584602,0.9393525123596193,0.5785460434497445,0.9394755363464355,0.006256716325879,0.965928077697754,0.930993099309931,0.85,0.8,0.72
scgpt_frozen,unseen_combo_fold2,KLF1_CLDN6,8,0.0026170690543949,0.0511572957038879,0.980985164642334,0.94205195067505,0.9026647806167604,0.6490069259281972,0.9023853540420532,0.0352519229054451,0.9237849116325378,0.9423582358235824,0.8,0.68,0.73
scgpt_frozen,unseen_combo_fold2,LHX1_ELMSAN1,8,0.0019069527043029,0.0436686687171459,0.9834550023078918,0.919949021047874,0.8176496624946594,0.4828813816553075,0.8193891644477844,0.0187436789274215,0.9037001729011536,0.8876687668766877,0.65,0.64,0.56
scgpt_frozen,unseen_combo_fold2,LYL1_IER5L,8,0.0027008401229977,0.0519696064293384,0.9768521785736084,0.9356341976505248,0.803146481513977,0.5674234320008965,0.8037288188934326,0.02890120819211,0.8756310939788818,0.866990699069907,0.65,0.52,0.6
scgpt_frozen,unseen_combo_fold2,MAP2K6_ELMSAN1,8,0.0005527483299374,0.0235105995088815,0.995447278022766,0.943760534452345,0.8694535493850708,0.5145393166273023,0.8694260716438293,0.0034513217397034,0.943723738193512,0.8987938793879388,0.7,0.7,0.74
scgpt_frozen,unseen_combo_fold2,MAP2K6_IKZF3,8,0.0008533006766811,0.0292113106697797,0.9942405819892884,0.9579976243889156,0.9719492793083192,0.7193806816910415,0.972126603126526,0.0061878003180027,0.9884037375450134,0.9406420642064206,0.9,0.74,0.78
scgpt_frozen,unseen_combo_fold2,MAP2K6_SPI1,8,0.002736757043749,0.0523140244185924,0.9742152094841005,0.9231111859702172,0.749639630317688,0.5092326621909876,0.7487854361534119,0.0145399346947669,0.8893100023269653,0.874035403540354,0.55,0.62,0.59
scgpt_frozen,unseen_combo_fold2,MAPK1_IKZF3,8,0.0010166249703615,0.0318845584988594,0.992792546749115,0.9563448231712786,0.955565869808197,0.7648662203469198,0.9565044045448304,0.0077501889318227,0.979021430015564,0.9445784578457844,0.8,0.82,0.82
scgpt_frozen,unseen_combo_fold2,PTPN12_OSR2,8,0.0012159789912402,0.0348708890378475,0.9891033172607422,0.950901848575676,0.6430200934410095,0.4317331039365765,0.6542434692382812,0.0107160182669758,0.7278012633323669,0.7073267326732673,0.6,0.4,0.47
scgpt_frozen,unseen_combo_fold2,PTPN12_SNAI1,8,0.0012618822511285,0.0355229824781417,0.9876059889793396,0.9530503015996415,0.803037703037262,0.6268971388896374,0.8037741184234619,0.0092322407290339,0.8891123533248901,0.8699429942994299,0.4,0.6,0.67
scgpt_frozen,unseen_combo_fold2,PTPN12_UBASH3A,8,0.0012315261410549,0.035093106329441,0.9903486967086792,0.9556597356596992,0.9689018130302428,0.7360973089366866,0.9686909317970276,0.016294689849019,0.9890111684799194,0.9435463546354635,0.8,0.84,0.83
scgpt_frozen,unseen_combo_fold2,TGFBR2_PRTG,8,0.0006974659045226,0.0264095794409513,0.9941654801368712,0.9566168663627604,0.9528427720069884,0.6947716448555085,0.9530647993087769,0.0041327574290335,0.9829652905464172,0.9388298829882988,0.8,0.84,0.75
scgpt_frozen,unseen_combo_fold2,UBASH3B_CNN1,8,0.000692650093697,0.0263182464987039,0.9949536323547364,0.9546951693578112,0.980674147605896,0.7904079106934044,0.9806605577468872,0.0052169156260788,0.9930868148803712,0.9545154515451544,0.85,0.86,0.87
scgpt_frozen,unseen_combo_fold2,UBASH3B_OSR2,8,0.0010831076651811,0.0329106003046035,0.990254044532776,0.9536215024224186,0.707500696182251,0.5190248576105412,0.7191497683525085,0.0070123658515512,0.815092921257019,0.7879507950795079,0.6,0.48,0.49
scgpt_frozen,unseen_combo_fold2,ZBTB10_ELMSAN1,8,0.0028523073997348,0.053406998515129,0.9749025106430054,0.9349919438009704,0.8506815433502197,0.6914902209092124,0.8552796244621277,0.0222724396735429,0.9218382835388184,0.9284368436843684,0.75,0.7,0.63
scgpt_frozen,unseen_combo_fold2,ZBTB10_SNAI1,8,0.0039381626993417,0.0627547800540924,0.9660526514053344,0.9226639207515686,0.9020416736602784,0.7441256373173869,0.9044662714004515,0.0222376342862844,0.9664068818092346,0.923960396039604,0.7,0.7,0.74
scgpt_frozen,unseen_combo_fold3,CBL_PTPN9,8,0.0008917465456761,0.0298621263355016,0.9931445717811584,0.9461567938523032,0.9593435525894164,0.6930009609117922,0.9587152004241944,0.0048328340053558,0.9891179800033568,0.936969696969697,0.85,0.84,0.79
scgpt_frozen,unseen_combo_fold3,CDKN1C_CDKN1B,8,0.0014175527030602,0.0376504026353359,0.9870632886886596,0.9559411275825872,0.9008620381355286,0.6053131842487515,0.9009889364242554,0.0072971493937075,0.9660484790802002,0.9237683768376838,0.75,0.74,0.75
scgpt_frozen,unseen_combo_fold3,CEBPB_CEBPA,8,0.0049385917373001,0.0702751129865646,0.9697301387786864,0.9438590543827124,0.9460551142692566,0.7869493037209999,0.9482462406158448,0.0263360422104597,0.9836321473121644,0.9503510351035104,0.85,0.88,0.83
scgpt_frozen,unseen_combo_fold3,CEBPE_KLF1,8,0.0053819604218006,0.0733618438243866,0.9585663676261902,0.9468539687187646,0.6282753944396973,0.4922325921994402,0.6352929472923279,0.0511296801269054,0.6754723787307739,0.75000300030003,0.3,0.5,0.54
scgpt_frozen,unseen_combo_fold3,DUSP9_IGDCC3,8,0.0010317192645743,0.0321203880012035,0.9927126169204712,0.9589280944312992,0.9661996364593506,0.7662041747393263,0.9663439989089966,0.0094716753810644,0.9856738448143004,0.96010801080108,0.8,0.84,0.8
scgpt_frozen,unseen_combo_fold3,DUSP9_KLF1,8,0.0019785717595368,0.0444811396300792,0.9877464175224304,0.9521232766935128,0.9521382451057434,0.6878567500827631,0.9527064561843872,0.0271887928247451,0.9652751684188844,0.922076207620762,0.75,0.78,0.83
scgpt_frozen,unseen_combo_fold3,DUSP9_MAPK1,8,0.0010068796109408,0.031731367111206,0.9920017123222352,0.9643910205706412,0.8478913903236389,0.5464867656006192,0.8526396155357361,0.0067838472314178,0.9213513135910034,0.898073807380738,0.85,0.64,0.61
scgpt_frozen,unseen_combo_fold3,DUSP9_SNAI1,8,0.0069867018610239,0.0835864916443824,0.9428651332855223,0.9422775927953928,0.7779512405395508,0.7058345118486595,0.782467246055603,0.0621933452785015,0.9183306694030762,0.8866606660666067,0.45,0.58,0.63
scgpt_frozen,unseen_combo_fold3,FEV_ISL2,8,0.0020210633520036,0.044956237077713,0.9875661134719848,0.9524754744563312,0.9395241737365724,0.7435239502451036,0.9421551823616028,0.0201542098075151,0.9758598208427428,0.9303570357035704,0.75,0.82,0.8
scgpt_frozen,unseen_combo_fold3,FEV_MAP7D1,8,0.0030849613249301,0.0555424280464649,0.9816859364509584,0.9301443751844872,0.9211002588272096,0.6983345354234307,0.9231517314910888,0.0194465145468711,0.969350814819336,0.9107830783078308,0.8,0.78,0.78
scgpt_frozen,unseen_combo_fold3,FOSB_OSR2,8,0.0023188099730759,0.0481540225446224,0.982714056968689,0.9595147865416156,0.919045388698578,0.7728337524243318,0.9232211112976074,0.0230170600116252,0.9451319575309752,0.9028022802280228,0.8,0.82,0.75
scgpt_frozen,unseen_combo_fold3,FOXA3_HOXB9,8,0.0013174043269827,0.0362960658967494,0.988808810710907,0.9601236972799756,0.9441914558410645,0.826303751351678,0.9461073279380798,0.0096481246873736,0.9753588438034058,0.9087428742874288,0.75,0.7,0.84
scgpt_frozen,unseen_combo_fold3,FOXL2_HOXB9,8,0.0028374739922583,0.0532679446041584,0.976373553276062,0.9395391579363896,0.8818473815917969,0.7073529589496768,0.8851110339164734,0.0187739487737417,0.952567458152771,0.8876207620762077,0.55,0.66,0.7
scgpt_frozen,unseen_combo_fold3,FOXL2_MEIS1,8,0.0021121990866959,0.0459586679935455,0.981873631477356,0.95166884055331,0.8494145274162292,0.6289958771102651,0.8531897664070129,0.0212603826075792,0.9293594360351562,0.854989498949895,0.55,0.58,0.74
scgpt_frozen,unseen_combo_fold3,IGDCC3_MAPK1,8,0.0007301087607629,0.0270205251872539,0.993738889694214,0.9602226464342268,0.9095483422279358,0.6757944803422927,0.910146415233612,0.0048386608250439,0.9581955075263976,0.9276327632763276,0.75,0.76,0.7
scgpt_frozen,unseen_combo_fold3,JUN_CEBPB,8,0.0050513162277638,0.0710726156830787,0.9608258008956908,0.9156633397858476,0.8669281005859375,0.652751685582086,0.8713939785957336,0.0252756532281637,0.9472440481185912,0.9096189618961896,0.65,0.74,0.66
scgpt_frozen,unseen_combo_fold3,MAPK1_TGFBR2,8,0.0006550058024004,0.0255930814892053,0.9946568608283995,0.966668981302777,0.9463880062103271,0.715929846010732,0.946712613105774,0.005730299744755,0.9728569388389589,0.9526072607260726,0.9,0.88,0.76
scgpt_frozen,unseen_combo_fold3,RHOXF2_SET,8,0.0021401597186923,0.0462618619203567,0.9841023087501526,0.9416074034344676,0.9116977453231812,0.7584127755199375,0.9152581095695496,0.0144903399050235,0.94853413105011,0.9088028802880288,0.6,0.76,0.77
scgpt_frozen,unseen_combo_fold3,RHOXF2_ZBTB25,8,0.0019729966297745,0.0444184280931949,0.9875512719154358,0.9432548301063272,0.9573161005973816,0.7479865664256379,0.9572252035140992,0.0149617660790681,0.9887715578079224,0.9424782478247824,0.85,0.72,0.84
scgpt_frozen,unseen_combo_fold3,SAMD1_ZBTB1,8,0.0013027099194005,0.0360930748283863,0.9902561902999878,0.9556488754726392,0.9487932324409484,0.7101520206867107,0.9494209885597228,0.0061802328564226,0.986642837524414,0.9503750375037504,0.85,0.82,0.8
scgpt_frozen,unseen_combo_fold3,TGFBR2_C19orf26,8,0.001401248271577,0.0374332517385482,0.9881285429000854,0.961394163921204,0.8790361881256104,0.6166686654468622,0.8794836401939392,0.0174459163099527,0.929592788219452,0.8832643264326433,0.7,0.64,0.64
scgpt_frozen,unseen_combo_fold3,TGFBR2_IGDCC3,8,0.0005157166742719,0.0227093957364559,0.9956984519958496,0.9643856932800808,0.9533926248550416,0.6942705386057387,0.9534087777137756,0.0023955113720148,0.986466944217682,0.9472187218721873,0.8,0.8,0.76
scgpt_frozen,unseen_combo_fold3,ZBTB10_DLX2,8,0.0064475969411432,0.0802969262003898,0.943596124649048,0.9248621774882786,0.8669803738594055,0.7254624223915678,0.8683090806007385,0.0731687471270561,0.9175961017608644,0.8806240624062406,0.65,0.62,0.73
scgpt_frozen,unseen_combo_fold3,ZC3HAV1_CEBPE,8,0.0030189047101885,0.054944559931755,0.97444486618042,0.9538759260223258,0.8317921757698059,0.5563568197823969,0.8310396671295166,0.0274985879659652,0.9074865579605104,0.8893009300930093,0.6,0.76,0.63
scgpt_frozen,unseen_combo_fold3,ZC3HAV1_HOXC13,8,0.0013904382940381,0.0372885800898075,0.9882039427757264,0.9509430785544488,0.8267374634742737,0.6361167339828468,0.8290117383003235,0.010609938763082,0.9033084511756896,0.8948454845484548,0.65,0.68,0.65
scgpt_frozen,unseen_combo_fold3,ZNF318_FOXL2,8,0.0023924275301396,0.0489124469459056,0.9782525897026062,0.9324453950515892,0.6742340326309204,0.473723663670591,0.6746980547904968,0.021953584626317,0.856593906879425,0.8195499549954995,0.5,0.42,0.47
scgpt_frozen,unseen_combo_fold4,C3orf72_FOXL2,8,0.0054291477426886,0.0736827477812767,0.9527250528335572,0.921872510389044,0.7964578866958618,0.5792015554852701,0.7965903282165527,0.0230449028313159,0.9328698515892028,0.8928292829282928,0.55,0.58,0.58
scgpt_frozen,unseen_combo_fold4,CBL_UBASH3A,8,0.0024288075510412,0.0492829345166683,0.9809721112251282,0.9283273721882356,0.8747323751449585,0.523383174541954,0.8742432594299316,0.0176294464617967,0.9539735913276672,0.905094509450945,0.65,0.62,0.61
scgpt_frozen,unseen_combo_fold4,CBL_UBASH3B,8,0.0022794301621615,0.0477433763444423,0.982882559299469,0.9492379140597929,0.9683206677436828,0.7553029097407598,0.9681800603866576,0.032687772065401,0.9854355454444884,0.9527632763276328,0.8,0.82,0.82
scgpt_frozen,unseen_combo_fold4,CDKN1C_CDKN1A,8,0.0016163104446604,0.0402033627033233,0.9859603643417358,0.9450828664040974,0.9165382385253906,0.6180425444471029,0.9168464541435242,0.0083216205239295,0.975679874420166,0.9199399939994,0.75,0.72,0.74
scgpt_frozen,unseen_combo_fold4,CEBPB_PTPN12,8,0.0035495199263095,0.0595778487622737,0.969691276550293,0.939913292629257,0.7837859392166138,0.6545617473101893,0.7889571785926819,0.0268859267234802,0.8728113174438477,0.8221902190219021,0.4,0.54,0.66
scgpt_frozen,unseen_combo_fold4,CEBPE_CNN1,8,0.0048455554060637,0.069610022008419,0.9584512710571288,0.9331094424985388,0.8179715275764465,0.6204374636221968,0.8203220367431641,0.037413477897644,0.903875768184662,0.8667866786678667,0.6,0.64,0.63
scgpt_frozen,unseen_combo_fold4,ETS2_CEBPE,8,0.0016604607226327,0.0407487526535987,0.9868467450141908,0.9617019021105,0.9480890035629272,0.7893832289836983,0.9494169354438782,0.0087386462837457,0.9783408045768738,0.9353615361536154,0.85,0.8,0.77
scgpt_frozen,unseen_combo_fold4,ETS2_CNN1,8,0.0013314271345734,0.036488726735115,0.9884810447692872,0.9472802313796028,0.8524054884910583,0.6077270181383052,0.8528581261634827,0.0095685962587594,0.926275670528412,0.9044224422442244,0.75,0.62,0.69
scgpt_frozen,unseen_combo_fold4,ETS2_PRTG,8,0.0008107498870231,0.0284736696630716,0.9932051301002502,0.9573826333626486,0.9075254797935486,0.696022818215418,0.9087534546852112,0.0051711709238588,0.9661493301391602,0.9297809780978098,0.6,0.7,0.69
scgpt_frozen,unseen_combo_fold4,FOSB_IKZF3,8,0.0034943299833685,0.0591128580272197,0.9809426665306092,0.9468426887968812,0.950205624103546,0.7455797614357406,0.950471580028534,0.0415413156151771,0.9731301665306092,0.9106510651065106,0.65,0.72,0.74
scgpt_frozen,unseen_combo_fold4,FOSB_PTPN12,8,0.0019105158280581,0.0437094494700431,0.9841585755348206,0.9399152482905012,0.7626903057098389,0.4807033670662034,0.7619079947471619,0.0098325600847601,0.90373557806015,0.8703990399039904,0.55,0.52,0.55
scgpt_frozen,unseen_combo_fold4,FOXA1_HOXB9,8,0.0009259869111701,0.0304300338029861,0.9921499490737916,0.96138393872453,0.953870952129364,0.8220801893685634,0.9553247690200806,0.0065089636482298,0.9815471172332764,0.9502070207020702,0.65,0.82,0.85
scgpt_frozen,unseen_combo_fold4,FOXA3_FOXA1,8,0.001412620767951,0.0375848487019538,0.9873637557029724,0.9551970837609726,0.924713373184204,0.7876283882803659,0.9258583784103394,0.0085644070059061,0.9654592275619508,0.933825382538254,0.75,0.78,0.71
scgpt_frozen,unseen_combo_fold4,FOXF1_FOXL2,8,0.0012867904733866,0.0358718633651733,0.988671898841858,0.9557802959118904,0.9431803226470948,0.8051847436003352,0.944459855556488,0.0095146987587213,0.9754550457000732,0.9394539453945394,0.65,0.74,0.82
scgpt_frozen,unseen_combo_fold4,IGDCC3_ZBTB25,8,0.0022550127469003,0.0474869757890701,0.9810253977775574,0.94550060885665,0.9454613924026488,0.6769140854633448,0.945392370223999,0.0251384545117616,0.9837121367454528,0.936009600960096,0.85,0.76,0.78
scgpt_frozen,unseen_combo_fold4,KLF1_MAP2K6,8,0.000677520991303,0.0260292328894138,0.9950528144836426,0.9423666179712374,0.9311933517456056,0.5588293424963099,0.931006908416748,0.0049806600436568,0.9778792262077332,0.9341974197419742,0.8,0.68,0.68
scgpt_frozen,unseen_combo_fold4,LYL1_CEBPB,8,0.0035995035432279,0.0599958635866642,0.968925714492798,0.9404881356460568,0.7906855940818787,0.6786553342726126,0.7962997555732727,0.0269845463335514,0.8652821183204651,0.8598619861986199,0.55,0.56,0.58
scgpt_frozen,unseen_combo_fold4,PTPN12_ZBTB25,8,0.0006445880862884,0.0253887400031089,0.9950789213180542,0.947990304619618,0.9704696536064148,0.7225583251146889,0.970267415046692,0.0040812734514474,0.9890648126602172,0.9245604560456046,0.9,0.78,0.85
scgpt_frozen,unseen_combo_fold4,SAMD1_UBASH3B,8,0.000977880670689,0.0312710851430892,0.9919209480285645,0.9510380539355744,0.9493876099586488,0.7174053115903132,0.9495214819908142,0.0066285408101975,0.9821060299873352,0.934077407740774,0.85,0.7,0.74
scgpt_frozen,unseen_combo_fold4,SGK1_TBX2,8,0.0017208027420565,0.0414825603365898,0.9859479665756226,0.938417205228717,0.9071176648139954,0.6825303632595182,0.9072684645652772,0.013878908008337,0.96956866979599,0.9156675667566756,0.75,0.72,0.72
scgpt_frozen,unseen_combo_fold4,SNAI1_DLX2,8,0.0028965892270207,0.0538199692964553,0.9707362651824952,0.9215270091577658,0.8999119400978088,0.6614788382739215,0.8994150161743164,0.0173980128020048,0.9556008577346802,0.9282448244824484,0.8,0.7,0.74
scgpt_frozen,unseen_combo_fold4,SNAI1_UBASH3B,8,0.001958091976121,0.0442503318190574,0.9813598990440368,0.9350178663001582,0.7679075002670288,0.5930703719430517,0.76255863904953,0.0130870454013347,0.8491742610931396,0.8382838283828383,0.6,0.56,0.52
scgpt_frozen,unseen_combo_fold4,TGFBR2_ETS2,8,0.0009360301773995,0.0305946096777915,0.991885542869568,0.9575082272949852,0.8103033304214478,0.5071103644642019,0.8132390975952148,0.0069185835309326,0.8989456295967102,0.8776717671767177,0.65,0.7,0.69
scgpt_frozen,unseen_combo_fold4,TMSB4X_BAK1,8,0.0019366323249414,0.0440071858465671,0.984721064567566,0.9248361459952922,0.6222777366638184,0.1560685696805579,0.6217319965362549,0.0247426535934209,0.8227955102920532,0.7361296129612961,0.35,0.36,0.31
scgpt_frozen,unseen_combo_fold4,UBASH3B_PTPN9,8,0.0009540732135064,0.0308880750089883,0.992054522037506,0.9463131547869496,0.9537529945373536,0.724775063976904,0.9533108472824096,0.0103118829429149,0.9805130958557128,0.9323852385238524,0.65,0.76,0.81
scgpt_frozen,unseen_combo_fold4,UBASH3B_ZBTB25,8,0.0008637020364403,0.0293888077139854,0.9929362535476683,0.9384644504260076,0.9536963701248168,0.6629204402676726,0.9528486728668212,0.0077128987759351,0.9806101322174072,0.9226882688268828,0.8,0.74,0.75
scgpt_finetuned,unseen_combo_fold0,AHR_FEV,8,0.0040620192885398,0.0637339726090431,0.9751819372177124,0.9473429152316668,0.8943264484405518,0.7448095513456107,0.8998823761940002,0.0414414629340171,0.9396790266036988,0.8178937893789379,0.7,0.64,0.71
scgpt_finetuned,unseen_combo_fold0,BCL2L11_BAK1,8,0.0006105001084506,0.0247083008289337,0.9947898387908936,0.9563620587435604,0.3513939082622528,0.1373864035181974,0.3481835722923279,0.0051393928006291,0.5724048614501953,0.5083948394839484,0.3,0.2,0.27
scgpt_finetuned,unseen_combo_fold0,BCL2L11_TGFBR2,8,0.0005287560052238,0.0229946952313184,0.9956071972846984,0.9650422151948064,0.7514277100563049,0.2972340092154492,0.7486860156059265,0.0049039348959922,0.884159505367279,0.8462286228622863,0.7,0.6,0.48
scgpt_finetuned,unseen_combo_fold0,BPGM_SAMD1,8,0.0013964263489469,0.0373687893152236,0.9892064332962036,0.9556408777744434,0.929593026638031,0.6676282530978171,0.9290845990180968,0.0122258011251688,0.9744355082511902,0.904110411041104,0.65,0.72,0.73
scgpt_finetuned,unseen_combo_fold0,CDKN1B_CDKN1A,8,0.0014066016301512,0.0375046879053115,0.9871712923049928,0.953594261822674,0.9191937446594238,0.6336840120413684,0.9189642667770386,0.0109123541042208,0.9647120833396912,0.9023702370237024,0.85,0.82,0.78
scgpt_finetuned,unseen_combo_fold0,CEBPE_CEBPA,8,0.0044848844408988,0.0669692829251289,0.974612593650818,0.948586819362612,0.962644636631012,0.8388888494105389,0.9641050100326538,0.0453562885522842,0.9742843508720398,0.9599399939994,0.9,0.82,0.85
scgpt_finetuned,unseen_combo_fold0,CEBPE_PTPN12,8,0.000790006306488,0.0281070508062839,0.9930227398872375,0.9586698430152754,0.889172375202179,0.6440779229128281,0.8903749585151672,0.0055139390751719,0.955530881881714,0.9284248424842484,0.7,0.74,0.73
scgpt_finetuned,unseen_combo_fold0,CEBPE_RUNX1T1,8,0.0006096586002968,0.0246912650763988,0.9945772886276244,0.9631371538783932,0.9452218413352966,0.7687280855840092,0.9461966156959534,0.0052148927934467,0.9748355150222778,0.9277767776777678,0.9,0.82,0.78
scgpt_finetuned,unseen_combo_fold0,DUSP9_PRTG,8,0.0012534039560705,0.0354034453630447,0.9912136197090148,0.9570824037057324,0.9611183404922484,0.7686548935910859,0.9616894125938416,0.0074672829359769,0.9851477742195128,0.9597839783978398,0.6,0.84,0.82
scgpt_finetuned,unseen_combo_fold0,ETS2_IGDCC3,8,0.0006297040963545,0.0250939056277275,0.9947201013565063,0.959848516618475,0.9086188077926636,0.6370155977352363,0.9093972444534302,0.0032033249735832,0.9762983322143556,0.9273687368736874,0.8,0.76,0.77
scgpt_finetuned,unseen_combo_fold0,FOXA1_FOXF1,8,0.0006984915817156,0.0264289919286966,0.9936214685440063,0.9667464482839602,0.9427130818367004,0.7922464947177228,0.9439773559570312,0.0045122932642698,0.979008138179779,0.9425022502250224,0.75,0.8,0.82
scgpt_finetuned,unseen_combo_fold0,FOXA3_FOXL2,8,0.0034358026459813,0.0586157217621803,0.9718858003616332,0.9501574897141531,0.9239303469657898,0.784237336707662,0.9251288175582886,0.0327580198645591,0.9687517881393432,0.911959195919592,0.75,0.74,0.74
scgpt_finetuned,unseen_combo_fold0,IRF1_SET,8,0.0034663954284042,0.0588761009275913,0.9711995720863342,0.9196254589070968,0.8662705421447754,0.6945106813524575,0.8688101768493652,0.0321396924555301,0.918673813343048,0.8747194719471947,0.65,0.66,0.69
scgpt_finetuned,unseen_combo_fold0,KIF18B_KIF2C,8,0.0015898059355095,0.039872370660305,0.986132264137268,0.9411719521253916,0.5259693264961243,0.2691833036194809,0.5282028317451477,0.008786647580564,0.7890523076057434,0.8107770777077707,0.5,0.46,0.46
scgpt_finetuned,unseen_combo_fold0,KLF1_CEBPA,8,0.0039163399487733,0.0625806674361229,0.9709784984588624,0.9532606051580714,0.925323486328125,0.787978002017947,0.9273064136505128,0.037704586982727,0.968074917793274,0.9554155415541554,0.8,0.78,0.77
scgpt_finetuned,unseen_combo_fold0,MAP2K3_IKZF3,8,0.0016397719737142,0.0404940992593765,0.9895835518836976,0.9608529968478196,0.953593909740448,0.7060995368850633,0.9533740878105164,0.0206697564572095,0.9678246974945068,0.9293849384938494,0.75,0.74,0.79
scgpt_finetuned,unseen_combo_fold0,POU3F2_CBFA2T3,8,0.0017573173390701,0.0419203676283359,0.9843994975090028,0.946998757836468,0.8515737056732178,0.6923117992477495,0.8558924198150635,0.0122546963393688,0.9346333742141724,0.894077407740774,0.6,0.62,0.64
scgpt_finetuned,unseen_combo_fold0,POU3F2_FOXL2,8,0.0016898901667445,0.0411082729697227,0.9861763119697572,0.9587498671172826,0.923477590084076,0.7898757441835365,0.9251217246055604,0.0165417827665805,0.9655274748802184,0.9221962196219622,0.75,0.78,0.76
scgpt_finetuned,unseen_combo_fold0,PRDM1_CBFA2T3,8,0.004205790348351,0.0648520663380622,0.96851909160614,0.917841988850852,0.8696242570877075,0.6465466210087524,0.8716773390769958,0.0302086062729358,0.9417657256126404,0.9244764476447644,0.5,0.62,0.71
scgpt_finetuned,unseen_combo_fold0,SAMD1_PTPN12,8,0.0008922490524128,0.0298705380409955,0.993084192276001,0.9593330607678306,0.9635823965072632,0.7635417598587122,0.9631803035736084,0.0072204344905912,0.9879422187805176,0.9289168916891688,0.85,0.72,0.79
scgpt_finetuned,unseen_combo_fold0,SAMD1_TGFBR2,8,0.0019335508113726,0.043972160667181,0.9835415482521056,0.9449767122329288,0.8621821999549866,0.5440229073156265,0.8622635006904602,0.0115584004670381,0.9611800312995912,0.8738313831383139,0.75,0.56,0.64
scgpt_finetuned,unseen_combo_fold0,SET_CEBPE,8,0.0025938854087144,0.0509302020072937,0.978230118751526,0.9431294194264452,0.8526904582977295,0.6521403768650225,0.8529945015907288,0.0152839813381433,0.9317440390586852,0.9188718871887188,0.7,0.66,0.64
scgpt_finetuned,unseen_combo_fold0,SET_KLF1,8,0.0026320128235965,0.051303144544363,0.9812684059143066,0.944329684078713,0.8282346129417419,0.589401285126773,0.8275913000106812,0.0266676396131515,0.9077164530754088,0.8893249324932493,0.6,0.64,0.66
scgpt_finetuned,unseen_combo_fold0,SGK1_S1PR2,8,0.0041132289916276,0.0641344636678695,0.9667282700538636,0.9417261501360564,0.8048615455627441,0.658474039250876,0.8076744079589844,0.0534351430833339,0.8475959897041321,0.8550975097509751,0.45,0.6,0.64
scgpt_finetuned,unseen_combo_fold0,SGK1_TBX3,8,0.0021671270951628,0.0465524122118949,0.981618881225586,0.9427984972597314,0.90895676612854,0.666354628641773,0.9085842967033386,0.0235432274639606,0.9657151103019714,0.89006900690069,0.65,0.64,0.72
scgpt_finetuned,unseen_combo_fold0,TBX3_TBX2,8,0.0019284924492239,0.0439146049320697,0.9850652813911438,0.8980615442012632,0.9313560128211976,0.5955717551674914,0.9308294057846068,0.010770808905363,0.9803279042243958,0.8829522952295229,0.8,0.7,0.64
scgpt_finetuned,unseen_combo_fold0,ZBTB10_PTPN12,8,0.0022869219537824,0.0478217713534832,0.9809239506721495,0.9414629631696636,0.8685013055801392,0.7317922673799412,0.8701823353767395,0.008807873353362,0.9580588936805724,0.9064866486648664,0.6,0.7,0.71
scgpt_finetuned,unseen_combo_fold1,BPGM_ZBTB1,8,0.0011940603144466,0.0345551781356334,0.9908890724182128,0.944945416212844,0.932995080947876,0.6390895381732958,0.9327763319015504,0.0108434669673442,0.9657398462295532,0.9311851185118512,0.7,0.7,0.7
scgpt_finetuned,unseen_combo_fold1,CBL_CNN1,8,0.0011636841809377,0.0341128148138523,0.991736114025116,0.9442040857026572,0.9700636267662048,0.7762933281184183,0.970047116279602,0.0103857005015015,0.9858129620552064,0.9507590759075908,0.85,0.84,0.81
scgpt_finetuned,unseen_combo_fold1,CBL_PTPN12,8,0.000665996747557,0.025806913152337,0.9949666261672974,0.9486634303149786,0.972095251083374,0.7300318329619783,0.9719942212104796,0.0040186359547078,0.9905678033828736,0.9463066306630664,0.8,0.78,0.82
scgpt_finetuned,unseen_combo_fold1,CEBPB_OSR2,8,0.002039189916104,0.045157391577959,0.9843458533287048,0.952762084593588,0.939858376979828,0.8168169625762096,0.9424089193344116,0.0139901945367455,0.9653481245040894,0.9385058505850584,0.8,0.82,0.76
scgpt_finetuned,unseen_combo_fold1,CEBPE_CEBPB,8,0.0040591536089777,0.0637114867568016,0.9679041504859924,0.943152920525544,0.9193430542945862,0.7744812351997452,0.9220378994941713,0.0390506014227867,0.9534313082695008,0.9086108610861086,0.8,0.72,0.8
scgpt_finetuned,unseen_combo_fold1,CEBPE_SPI1,8,0.0103521328419446,0.1017454341053962,0.9251819849014282,0.9212835797055636,0.9297108054161072,0.7724412625741216,0.9305174350738524,0.139349102973938,0.9581656455993652,0.9155715571557156,0.8,0.74,0.76
scgpt_finetuned,unseen_combo_fold1,CNN1_MAPK1,8,0.0008850579615682,0.0297499243170022,0.9924598336219788,0.9514307092527614,0.888745903968811,0.5922931459764043,0.8890931010246277,0.0056645087897777,0.9667875170707704,0.9164836483648364,0.9,0.7,0.74
scgpt_finetuned,unseen_combo_fold1,CNN1_UBASH3A,8,0.0016231907065957,0.0402888394892215,0.9876173138618468,0.9342639196036042,0.9538235664367676,0.7125819198099671,0.9538092017173768,0.0125868748873472,0.9807631969451904,0.9086828682868286,0.8,0.76,0.81
scgpt_finetuned,unseen_combo_fold1,ETS2_IKZF3,8,0.0007326885242946,0.0270682200789451,0.9958544969558716,0.9647944507628708,0.9825369119644164,0.8409414843891377,0.9826394319534302,0.0064562503248453,0.9939467310905457,0.967044704470447,0.8,0.88,0.86
scgpt_finetuned,unseen_combo_fold1,FOSB_CEBPB,8,0.0044346409849822,0.0665931031107902,0.9648826122283936,0.9394988371197548,0.9026560187339784,0.7414179979800696,0.9050952196121216,0.042923592031002,0.943918764591217,0.8981458145814581,0.75,0.7,0.78
scgpt_finetuned,unseen_combo_fold1,FOSB_CEBPE,8,0.0042401435784995,0.0651163831353187,0.9687645435333252,0.9521248490368576,0.9369304180145264,0.7969392817577023,0.9387959837913512,0.0489469766616821,0.9693081974983216,0.9374137413741376,0.8,0.8,0.8
scgpt_finetuned,unseen_combo_fold1,FOSB_UBASH3B,8,0.0008705353830009,0.0295048374682664,0.9921701550483704,0.9542215360176276,0.7510862350463867,0.5283200577965045,0.7533267140388489,0.0079313581809401,0.8508739471435547,0.8528052805280528,0.6,0.52,0.63
scgpt_finetuned,unseen_combo_fold1,FOXF1_HOXB9,8,0.001099552726373,0.0331595055758953,0.9900291562080384,0.9572674544754513,0.925252079963684,0.7653565747874961,0.9272403717041016,0.0059237545356154,0.9719856977462769,0.9225922592259226,0.65,0.72,0.82
scgpt_finetuned,unseen_combo_fold1,JUN_CEBPA,8,0.0052065956406295,0.0721567422151565,0.9682900905609132,0.9284370857614832,0.9383999705314636,0.7677169927963156,0.94056236743927,0.0348193831741809,0.964076578617096,0.9103870387038704,0.7,0.78,0.83
scgpt_finetuned,unseen_combo_fold1,KLF1_COL2A1,8,0.0028611493762582,0.0534897111356258,0.9774335026741028,0.9308931958537848,0.8231228590011597,0.6174658963093766,0.8246359825134277,0.0297823045402765,0.8963226079940796,0.8932253225322532,0.7,0.7,0.59
scgpt_finetuned,unseen_combo_fold1,KLF1_FOXA1,8,0.0019088578410446,0.0436904765665531,0.985559582710266,0.9510908219805628,0.8402344584465027,0.6046698998808032,0.840424120426178,0.0222677271813154,0.8591304421424866,0.8882568256825683,0.7,0.7,0.74
scgpt_finetuned,unseen_combo_fold1,KLF1_TGFBR2,8,0.0005437781801447,0.0233190525323152,0.9960734844207764,0.9475731339901764,0.9584484696388244,0.5702227879138099,0.958504557609558,0.0031851818785071,0.9854000806808472,0.9553795379537954,0.75,0.86,0.77
scgpt_finetuned,unseen_combo_fold1,MAP2K3_ELMSAN1,8,0.0014789532870054,0.0384571626782417,0.9885348081588744,0.908828759680703,0.7910011410713196,0.5125113628891846,0.7904353737831116,0.0105267027392983,0.9097455739974976,0.852937293729373,0.6,0.48,0.65
scgpt_finetuned,unseen_combo_fold1,MAP2K3_MAP2K6,8,0.0010381492320448,0.03222032263875,0.9917885065078736,0.9117670584431304,0.7203975915908813,0.4560058850953948,0.7200711965560913,0.0059107160195708,0.8550652861595154,0.8383438343834383,0.5,0.56,0.65
scgpt_finetuned,unseen_combo_fold1,MAP2K3_SLC38A2,8,0.0009713485487736,0.0311664659529924,0.992004930973053,0.913933041054194,0.7281118631362915,0.4657013664738988,0.7269433736801147,0.0057824943214654,0.8871350288391113,0.8858085808580858,0.35,0.54,0.59
scgpt_finetuned,unseen_combo_fold1,MAPK1_PRTG,8,0.0008995180251076,0.0299919657409191,0.9924823045730592,0.9568667747992128,0.8946205377578735,0.682672717189117,0.8958147764205933,0.0091034909710288,0.9351329207420348,0.8846084608460846,0.7,0.76,0.73
scgpt_finetuned,unseen_combo_fold1,PLK4_STIL,8,0.0027415675576776,0.0523599795997142,0.9749589562416076,0.9299776614540888,0.7456565499305725,0.4654234073914555,0.7453883290290833,0.0258045941591262,0.9201716780662536,0.8937533753375337,0.6,0.52,0.53
scgpt_finetuned,unseen_combo_fold1,PTPN12_PTPN9,8,0.0007104550604708,0.0266543626785278,0.9940566420555116,0.9535480220102224,0.962891399860382,0.7409876765164564,0.962896764278412,0.0068788044154644,0.9854350090026855,0.9226882688268828,0.7,0.7,0.81
scgpt_finetuned,unseen_combo_fold1,UBASH3B_PTPN12,8,0.0006578441825695,0.0256484728306531,0.9949249029159546,0.9449399861111182,0.9698889851570128,0.724297070924595,0.9694426655769348,0.0037256758660078,0.9909026622772216,0.9371977197719772,0.8,0.78,0.84
scgpt_finetuned,unseen_combo_fold1,UBASH3B_UBASH3A,8,0.0021152107510715,0.0459914207458496,0.9812860488891602,0.9480043308630316,0.912064254283905,0.6524500316539195,0.9120426774024964,0.0245523434132337,0.951873242855072,0.8945934593459346,0.7,0.68,0.71
scgpt_finetuned,unseen_combo_fold1,ZC3HAV1_CEBPA,8,0.0032584676519036,0.0570829883217811,0.9776276350021362,0.9404239848566116,0.9428960680961608,0.7638843632474441,0.944116234779358,0.0317000187933445,0.9624984860420228,0.9324092409240924,0.8,0.82,0.83
scgpt_finetuned,unseen_combo_fold2,AHR_KLF1,8,0.0015962441684678,0.0399530231952667,0.9888080954551696,0.950450440321862,0.8950364589691162,0.4757764718247838,0.8969979882240295,0.007445974741131,0.962303102016449,0.8929012901290129,0.85,0.72,0.6
scgpt_finetuned,unseen_combo_fold2,CBL_TGFBR2,8,0.0007570096640847,0.0275138095021247,0.9935301542282104,0.9573713549112158,0.9375846982002258,0.6076844747397718,0.9374459981918336,0.0040461886674165,0.9808584451675416,0.9031143114311432,0.6,0.72,0.72
scgpt_finetuned,unseen_combo_fold2,CEBPB_MAPK1,8,0.0014890496386215,0.0385882072150707,0.9881446957588196,0.9400487193083072,0.9462422132492064,0.7699872939442518,0.947490096092224,0.0097583904862403,0.9759966135025024,0.9713051305130512,0.85,0.88,0.75
scgpt_finetuned,unseen_combo_fold2,DUSP9_ETS2,8,0.0010075340978801,0.0317416787147522,0.9920116662979126,0.9558180943866704,0.9171249866485596,0.6634003574471142,0.9170866012573242,0.0100237317383289,0.9585670828819276,0.9182598259825984,0.75,0.8,0.77
scgpt_finetuned,unseen_combo_fold2,ETS2_MAP7D1,8,0.001803267863579,0.0424649007618427,0.9845759868621826,0.9495533300052488,0.8772591948509216,0.581076999982006,0.8784531354904175,0.0205357149243354,0.9369713664054872,0.9070147014701472,0.7,0.74,0.73
scgpt_finetuned,unseen_combo_fold2,ETS2_MAPK1,8,0.0023755924776196,0.0487400516867637,0.9825323820114136,0.9392904552451442,0.92741858959198,0.70440634204428,0.9280428290367126,0.0250855591148138,0.9528848528862,0.9223402340234024,0.85,0.82,0.72
scgpt_finetuned,unseen_combo_fold2,FEV_CBFA2T3,8,0.0045693404972553,0.067596897482872,0.9694979190826416,0.932226829128016,0.8921095132827759,0.7325115467632917,0.8972048759460449,0.0450124517083168,0.9347796440124512,0.8757035703570357,0.75,0.72,0.76
scgpt_finetuned,unseen_combo_fold2,FOXA1_FOXL2,8,0.0009320547687821,0.0305295716971158,0.9913594126701356,0.9619290356692206,0.946854054927826,0.7867417309719563,0.9483585953712464,0.0031965665984898,0.9862955808639526,0.952163216321632,0.8,0.82,0.81
scgpt_finetuned,unseen_combo_fold2,FOXA3_FOXF1,8,0.0016276731621474,0.0403444319963455,0.9843856692314148,0.9566151380633416,0.9159157276153564,0.7522089494242713,0.918043315410614,0.0074023250490427,0.9747523069381714,0.9266126612661266,0.65,0.82,0.77
scgpt_finetuned,unseen_combo_fold2,IGDCC3_PRTG,8,0.0017353128641843,0.0416570864617824,0.9860129952430724,0.9491791942476664,0.9307980537414552,0.6666318544136096,0.9311537742614746,0.0133024491369724,0.9736742377281188,0.9322532253225324,0.55,0.82,0.74
scgpt_finetuned,unseen_combo_fold2,KLF1_BAK1,8,0.0005678865709342,0.0238303709775209,0.9957391023635864,0.9585005747222246,0.9437771439552308,0.6050338589063411,0.9438745379447936,0.0060092359781265,0.9678988456726074,0.9328892889288928,0.85,0.8,0.74
scgpt_finetuned,unseen_combo_fold2,KLF1_CLDN6,8,0.0026947320438921,0.0519108101725578,0.9804526567459106,0.9414978747738636,0.9002185463905334,0.6419503120420174,0.9000483751296997,0.0367208682000637,0.9209091067314148,0.9394779477947794,0.8,0.68,0.69
scgpt_finetuned,unseen_combo_fold2,LHX1_ELMSAN1,8,0.0016586885321885,0.040727000683546,0.98553866147995,0.9280818342939424,0.8448665738105774,0.549988677828201,0.8457697629928589,0.0142589453607797,0.9302536249160768,0.8975097509750976,0.65,0.64,0.6
scgpt_finetuned,unseen_combo_fold2,LYL1_IER5L,8,0.0021600199397653,0.0464760139584541,0.9812551736831664,0.9477429691562824,0.8448252081871033,0.6447097033282955,0.8463725447654724,0.0238034483045339,0.8964325189590454,0.8943654365436544,0.7,0.62,0.68
scgpt_finetuned,unseen_combo_fold2,MAP2K6_ELMSAN1,8,0.0005951729835942,0.0243961680680513,0.9951293468475342,0.9483043224679631,0.8561294078826904,0.4979509514272088,0.8554176688194275,0.0044228825718164,0.9280630946159364,0.8864446444644465,0.7,0.66,0.71
scgpt_finetuned,unseen_combo_fold2,MAP2K6_IKZF3,8,0.0007846835069358,0.0280122030526399,0.9947012662887572,0.9620718643055376,0.9744864106178284,0.7282605626616677,0.974673330783844,0.0055014425888657,0.9894829392433168,0.9405220522052206,0.9,0.76,0.8
scgpt_finetuned,unseen_combo_fold2,MAP2K6_SPI1,8,0.0025718209799379,0.050713125616312,0.976116180419922,0.9296306730559384,0.7593137621879578,0.5215064330120557,0.7563672661781311,0.0125747295096516,0.9008855819702148,0.8766396639663966,0.55,0.6,0.57
scgpt_finetuned,unseen_combo_fold2,MAPK1_IKZF3,8,0.0010481148492544,0.0323746018111705,0.9925439953804016,0.958075687857264,0.9540581107139589,0.7691306077087069,0.9550498723983764,0.0080712996423244,0.9776533842086792,0.943894389438944,0.8,0.84,0.83
scgpt_finetuned,unseen_combo_fold2,PTPN12_OSR2,8,0.0013245497830212,0.036394365131855,0.9881202578544616,0.9505603805647762,0.6256999969482422,0.4363718680645885,0.6370545029640198,0.0119078680872917,0.7052355408668518,0.6835043504350435,0.5,0.4,0.46
scgpt_finetuned,unseen_combo_fold2,PTPN12_SNAI1,8,0.0013623590348288,0.0369101464748382,0.9866214990615844,0.956696136594722,0.7956904172897339,0.6229014649809684,0.7964233756065369,0.00970409065485,0.8844124674797058,0.8645064506450645,0.35,0.62,0.65
scgpt_finetuned,unseen_combo_fold2,PTPN12_UBASH3A,8,0.0013840515166521,0.0372028425335884,0.9892038106918336,0.9552115243838546,0.9660322070121764,0.7268820550483251,0.9656980633735656,0.0186849888414144,0.9881462454795836,0.933861386138614,0.8,0.82,0.83
scgpt_finetuned,unseen_combo_fold2,TGFBR2_PRTG,8,0.0007264062878675,0.0269519258290529,0.9939035177230836,0.957544059439865,0.952848732471466,0.6983442182166028,0.9530231952667236,0.0040791556239128,0.9839648008346558,0.9412181218121812,0.85,0.8,0.76
scgpt_finetuned,unseen_combo_fold2,UBASH3B_CNN1,8,0.0007034775335341,0.0265231505036354,0.9950013756752014,0.9536498340431948,0.9822547435760498,0.781230069840094,0.9822505116462708,0.0061993431299924,0.994565486907959,0.9565916591659166,0.8,0.88,0.86
scgpt_finetuned,unseen_combo_fold2,UBASH3B_OSR2,8,0.0010574224870651,0.0325180329382419,0.9904674887657166,0.9520597155623862,0.708034098148346,0.5132384328053525,0.7192826867103577,0.0067035243846476,0.821344792842865,0.7810621062106211,0.6,0.48,0.45
scgpt_finetuned,unseen_combo_fold2,ZBTB10_ELMSAN1,8,0.0021915885154157,0.0468144044280052,0.9805856347084044,0.9406622321240266,0.8862795233726501,0.7195548762018695,0.8905936479568481,0.0138336168602108,0.9554913640022278,0.9332253225322532,0.75,0.66,0.65
scgpt_finetuned,unseen_combo_fold2,ZBTB10_SNAI1,8,0.0040791081264615,0.0638678967952728,0.9648081660270692,0.9235415744408082,0.9073354601860046,0.7520643419726823,0.9098259806632996,0.0192711390554904,0.9720705151557922,0.9237203720372036,0.8,0.7,0.74
scgpt_finetuned,unseen_combo_fold3,CBL_PTPN9,8,0.0010116675402969,0.0318067222833633,0.9921802878379822,0.949593177264893,0.9571446776390076,0.6932850159394949,0.9559072256088256,0.0064341966062784,0.9859082102775574,0.9235883588358836,0.8,0.8,0.79
scgpt_finetuned,unseen_combo_fold3,CDKN1C_CDKN1B,8,0.0014102250570431,0.0375529639422893,0.98713356256485,0.95753249767408,0.905244529247284,0.6184670433465173,0.9053810238838196,0.0072902422398328,0.9669488072395324,0.9276687668766876,0.75,0.76,0.75
scgpt_finetuned,unseen_combo_fold3,CEBPB_CEBPA,8,0.0048854746855795,0.0698961690068245,0.9699379801750184,0.9424173438771186,0.9452736973762512,0.7873818206570689,0.9474989175796508,0.0260585099458694,0.9823787212371826,0.9484068406840684,0.85,0.86,0.83
scgpt_finetuned,unseen_combo_fold3,CEBPE_KLF1,8,0.0039474316872656,0.0628285929560661,0.9696670174598694,0.9492204178907532,0.6715366244316101,0.5024326181179346,0.6772674322128296,0.0347691588103771,0.7372074723243713,0.80007200720072,0.35,0.52,0.55
scgpt_finetuned,unseen_combo_fold3,DUSP9_IGDCC3,8,0.0010517000919207,0.032429926097393,0.9924371242523192,0.9567623639122622,0.9624855518341064,0.7653703892373157,0.96276193857193,0.0094570843502879,0.981017291545868,0.9548754875487548,0.8,0.84,0.79
scgpt_finetuned,unseen_combo_fold3,DUSP9_KLF1,8,0.0019313814118504,0.043947484344244,0.9884746074676514,0.9570955166870728,0.9592769145965576,0.7034721186375947,0.9597026705741882,0.0278733745217323,0.972465991973877,0.9314851485148516,0.8,0.78,0.84
scgpt_finetuned,unseen_combo_fold3,DUSP9_MAPK1,8,0.0010529992869123,0.0324499495327472,0.9915924668312072,0.9589906072115236,0.8388888835906982,0.549387785628234,0.8438568711280823,0.0083066532388329,0.9049569964408876,0.883072307230723,0.85,0.68,0.63
scgpt_finetuned,unseen_combo_fold3,DUSP9_SNAI1,8,0.0064839925616979,0.080523245036602,0.9468410611152648,0.9390791294499355,0.7906307578086853,0.716650534413691,0.7957481741905212,0.0535407699644565,0.92524516582489,0.8932853285328533,0.5,0.6,0.64
scgpt_finetuned,unseen_combo_fold3,FEV_ISL2,8,0.0022370649967342,0.0472976230084896,0.9859930276870728,0.9515367927294168,0.9360511302947998,0.740651353510113,0.9388871788978576,0.0237235948443412,0.9743205904960632,0.9247164716471648,0.75,0.8,0.8
scgpt_finetuned,unseen_combo_fold3,FEV_MAP7D1,8,0.0031008115038275,0.0556849315762519,0.9821835160255432,0.9258944953117708,0.914116382598877,0.6859278787888711,0.915762722492218,0.0169930662959814,0.9670619368553162,0.9246324632463246,0.8,0.76,0.73
scgpt_finetuned,unseen_combo_fold3,FOSB_OSR2,8,0.002060089027509,0.0453882031142711,0.9848603010177612,0.9627051717786816,0.9332831501960754,0.7831009815888539,0.936680018901825,0.0225635096430778,0.9550530910491944,0.901878187818782,0.75,0.82,0.78
scgpt_finetuned,unseen_combo_fold3,FOXA3_HOXB9,8,0.001351146842353,0.0367579497396945,0.9885356426239014,0.9590601945862144,0.943250060081482,0.8385980985527377,0.9451849460601808,0.0115749929100275,0.9700922966003418,0.9028622862286227,0.65,0.72,0.84
scgpt_finetuned,unseen_combo_fold3,FOXL2_HOXB9,8,0.002344086067751,0.0484157614409923,0.980506718158722,0.9449310603933796,0.9035393595695496,0.736346717969852,0.906347155570984,0.0145566901192069,0.9600709676742554,0.9132313231323133,0.5,0.74,0.71
scgpt_finetuned,unseen_combo_fold3,FOXL2_MEIS1,8,0.0013235823716968,0.0363810732960701,0.98860901594162,0.9603479695744992,0.9081195592880248,0.7155612917303154,0.9103694558143616,0.0114936996251344,0.9667962193489076,0.8888088808880888,0.6,0.68,0.83
scgpt_finetuned,unseen_combo_fold3,IGDCC3_MAPK1,8,0.0008008683798834,0.028299618512392,0.9931426048278807,0.9564838055239888,0.8974818587303162,0.6686819503702437,0.8981223702430725,0.0065869255922734,0.9453273415565492,0.9097149714971496,0.75,0.74,0.72
scgpt_finetuned,unseen_combo_fold3,JUN_CEBPB,8,0.0041043465025722,0.0640651732683181,0.968106746673584,0.9244615462675232,0.8923242688179016,0.6854798287060724,0.8962465524673462,0.0189869124442338,0.9614567160606384,0.9182598259825984,0.7,0.8,0.71
scgpt_finetuned,unseen_combo_fold3,MAPK1_TGFBR2,8,0.0007352192769758,0.0271149277687072,0.9940145015716552,0.9662652362836966,0.9437294006347656,0.7095178675344167,0.9440601468086244,0.0074737728573381,0.9712466597557068,0.9552115211521152,0.9,0.88,0.77
scgpt_finetuned,unseen_combo_fold3,RHOXF2_SET,8,0.0028199872467666,0.0531035512685775,0.9790226221084596,0.9361294771935968,0.8935220837593079,0.7461912687364897,0.8971568942070007,0.0214406009763479,0.931976079940796,0.8969456945694569,0.6,0.66,0.74
scgpt_finetuned,unseen_combo_fold3,RHOXF2_ZBTB25,8,0.0022149749565869,0.0470635220408439,0.9854894280433656,0.9425002345443172,0.9496094584465028,0.7285165345797753,0.9492776989936828,0.0146577171981334,0.987055480480194,0.9390939093909392,0.8,0.78,0.84
scgpt_finetuned,unseen_combo_fold3,SAMD1_ZBTB1,8,0.0014091224875301,0.0375382788479328,0.9894587993621826,0.9572114204972249,0.9439032673835754,0.7104065024732037,0.9445905685424804,0.0080082844942808,0.9830173254013062,0.9456105610561056,0.85,0.8,0.78
scgpt_finetuned,unseen_combo_fold3,TGFBR2_C19orf26,8,0.0012388000031933,0.035196591168642,0.9894890189170836,0.9630845264438208,0.8928182125091553,0.6420404559022568,0.8931974768638611,0.0154911065474152,0.9370010495185852,0.8965016501650165,0.75,0.68,0.66
scgpt_finetuned,unseen_combo_fold3,TGFBR2_IGDCC3,8,0.000575880636461,0.023997513577342,0.9952205419540404,0.9632753994517832,0.9505259394645692,0.7018635280948567,0.9505208134651184,0.0029343389905989,0.98409503698349,0.9492949294929492,0.75,0.8,0.74
scgpt_finetuned,unseen_combo_fold3,ZBTB10_DLX2,8,0.0072640962898731,0.0852296650409698,0.9363701939582824,0.9205261550663164,0.8528443574905396,0.7087931606710526,0.8543329238891602,0.0871797055006027,0.903395414352417,0.8565616561656165,0.6,0.56,0.7
scgpt_finetuned,unseen_combo_fold3,ZC3HAV1_CEBPE,8,0.0021146808285266,0.0459856577217578,0.9821034073829652,0.95762299514328,0.8247319459915161,0.5472990126666054,0.8235960006713867,0.0166144650429487,0.9074323773384094,0.8824722472247225,0.6,0.74,0.62
scgpt_finetuned,unseen_combo_fold3,ZC3HAV1_HOXC13,8,0.0013696121750399,0.0370082706212997,0.9883943796157836,0.9505164995436308,0.8430185914039612,0.6593058300983824,0.845100998878479,0.0095187835395336,0.9160361886024476,0.9034143414341436,0.65,0.72,0.7
scgpt_finetuned,unseen_combo_fold3,ZNF318_FOXL2,8,0.0017457245849072,0.0417818687856197,0.9840903282165528,0.9470126242352808,0.7764668464660645,0.5989126471258335,0.7761140465736389,0.0151899345219135,0.8935623168945312,0.8807320732073207,0.55,0.58,0.55
scgpt_finetuned,unseen_combo_fold4,C3orf72_FOXL2,8,0.0042403461411595,0.0651179403066635,0.9617682099342346,0.9254964171061202,0.7980545163154602,0.5832941522770827,0.7984393835067749,0.0166652742773294,0.9323614835739136,0.8888568856885689,0.45,0.56,0.59
scgpt_finetuned,unseen_combo_fold4,CBL_UBASH3A,8,0.0024946797639131,0.0499467700719833,0.980451226234436,0.92884853611878,0.8713729381561279,0.5341159836211218,0.8705142140388489,0.0189033336937427,0.9488266706466676,0.9043504350435044,0.65,0.58,0.58
scgpt_finetuned,unseen_combo_fold4,CBL_UBASH3B,8,0.0029326719231903,0.0541541501879692,0.9779440760612488,0.94510711364507,0.9590706825256348,0.7357139738145727,0.958395779132843,0.0430472344160079,0.9815548658370972,0.9263966396639663,0.75,0.74,0.79
scgpt_finetuned,unseen_combo_fold4,CDKN1C_CDKN1A,8,0.0015693135792389,0.0396145619451999,0.9864760637283324,0.942033869523687,0.9150515794754028,0.6092267820284832,0.9149325489997864,0.0078996447846293,0.9771680235862732,0.9202520252025204,0.75,0.72,0.76
scgpt_finetuned,unseen_combo_fold4,CEBPB_PTPN12,8,0.003200359409675,0.0565717183053493,0.9724861979484558,0.9384201307289792,0.775728702545166,0.6452791007595114,0.7812255620956421,0.0252239629626274,0.866982102394104,0.8107770777077707,0.35,0.46,0.67
scgpt_finetuned,unseen_combo_fold4,CEBPE_CNN1,8,0.0036201467737555,0.0601676553487777,0.9685822129249572,0.9300270184189712,0.8252877593040466,0.6082042568224675,0.8274916410446167,0.0256201103329658,0.9128510355949402,0.8725112511251125,0.55,0.64,0.65
scgpt_finetuned,unseen_combo_fold4,ETS2_CEBPE,8,0.0012859385460615,0.0358599871397018,0.9896848201751708,0.9562415433759656,0.9525136947631836,0.7861830373887899,0.9537254571914672,0.0072358073666691,0.979903280735016,0.9353735373537354,0.9,0.84,0.77
scgpt_finetuned,unseen_combo_fold4,ETS2_CNN1,8,0.0014685661299154,0.0383218750357627,0.9873403310775756,0.9433265917286796,0.8498795032501221,0.6039557944941963,0.8504826426506042,0.0114304209128022,0.9214243292808532,0.9024542454245424,0.65,0.64,0.67
scgpt_finetuned,unseen_combo_fold4,ETS2_PRTG,8,0.000830270757433,0.0288144201040267,0.99303537607193,0.9562323631039266,0.9067391753196716,0.6995383131945293,0.9079958200454712,0.0054572210647165,0.9611270427703856,0.918007800780078,0.5,0.74,0.69
scgpt_finetuned,unseen_combo_fold4,FOSB_IKZF3,8,0.0033293608576059,0.057700615376234,0.9812588095664978,0.9471194104042456,0.947074830532074,0.7397775755776121,0.9472313523292542,0.0373423583805561,0.9720175266265868,0.9041464146414642,0.65,0.72,0.72
scgpt_finetuned,unseen_combo_fold4,FOSB_PTPN12,8,0.0018090703524649,0.042533166706562,0.984894335269928,0.9367534151594534,0.7784762978553772,0.4779417501821023,0.7786799073219299,0.0107330000028014,0.9030454754829408,0.8791119111911191,0.5,0.58,0.57
scgpt_finetuned,unseen_combo_fold4,FOXA1_HOXB9,8,0.0011766400421038,0.0343021862208843,0.990083634853363,0.9596331012648266,0.9469440579414368,0.8195071576867868,0.9487923979759216,0.0103504797443747,0.9763340950012208,0.9391899189918992,0.6,0.78,0.84
scgpt_finetuned,unseen_combo_fold4,FOXA3_FOXA1,8,0.0014766696840524,0.038427460938692,0.986589252948761,0.9507485592698248,0.9183157086372375,0.7681454633612722,0.9198035597801208,0.0095209870487451,0.9641816020011902,0.9302970297029703,0.75,0.76,0.71
scgpt_finetuned,unseen_combo_fold4,FOXF1_FOXL2,8,0.0015239131171256,0.0390373282134532,0.9867491722106934,0.9544672853144712,0.9395158290863036,0.7966605367142119,0.940574824810028,0.0128864292055368,0.9742401242256165,0.9392019201920192,0.65,0.78,0.83
scgpt_finetuned,unseen_combo_fold4,IGDCC3_ZBTB25,8,0.0023244486656039,0.0482125356793403,0.9804436564445496,0.9445630273464546,0.9429051876068116,0.6816240750201535,0.9428462982177734,0.0267287492752075,0.9806386828422546,0.9322292229222924,0.8,0.76,0.76
scgpt_finetuned,unseen_combo_fold4,KLF1_MAP2K6,8,0.0007294140523299,0.0270076673477888,0.9946646690368652,0.9397803899069104,0.9255514740943908,0.5559695535689605,0.9253770112991332,0.0057899826206266,0.97329980134964,0.9195919591959196,0.8,0.68,0.62
scgpt_finetuned,unseen_combo_fold4,LYL1_CEBPB,8,0.0036449369508773,0.0603733137249946,0.9684187769889832,0.9410251028756726,0.7644023299217224,0.6772372641054398,0.7707585096359253,0.0335300415754318,0.824722945690155,0.8433603360336034,0.55,0.54,0.59
scgpt_finetuned,unseen_combo_fold4,PTPN12_ZBTB25,8,0.0006930977106094,0.0263267494738101,0.9946839213371276,0.9435899570648616,0.967767298221588,0.7118235725388289,0.9675280451774596,0.0043799956329166,0.9881942868232728,0.9186798679867988,0.9,0.76,0.84
scgpt_finetuned,unseen_combo_fold4,SAMD1_UBASH3B,8,0.0010844590142369,0.0329311266541481,0.9910933971405028,0.951090872571345,0.9478251338005066,0.711271747763953,0.947809636592865,0.0089319553226232,0.9806965589523317,0.9272007200720072,0.85,0.68,0.76
scgpt_finetuned,unseen_combo_fold4,SGK1_TBX2,8,0.0021873190999031,0.0467687845230102,0.9819270372390748,0.9332565075145,0.8812267780303955,0.6709992217962395,0.8816146850585938,0.0233070086687803,0.9481335878372192,0.9178157815781578,0.7,0.68,0.73
scgpt_finetuned,unseen_combo_fold4,SNAI1_DLX2,8,0.003299448871985,0.0574408285319805,0.9665058255195618,0.9125323295347838,0.8817519545555115,0.6513067437773965,0.8813718557357788,0.021781638264656,0.9412218332290648,0.923840384038404,0.8,0.7,0.71
scgpt_finetuned,unseen_combo_fold4,SNAI1_UBASH3B,8,0.0022256402298808,0.0471766926348209,0.9787755012512208,0.9265035484509532,0.7538221478462219,0.5817171249897726,0.7485734224319458,0.0140485549345612,0.8402181267738342,0.8298109810981098,0.55,0.54,0.51
scgpt_finetuned,unseen_combo_fold4,TGFBR2_ETS2,8,0.0010421829065307,0.0322828590869903,0.9909666180610656,0.958317906866934,0.7816333770751953,0.4916788276138297,0.7852115035057068,0.0082699824124574,0.8745837807655334,0.863042304230423,0.6,0.68,0.65
scgpt_finetuned,unseen_combo_fold4,TMSB4X_BAK1,8,0.0023094948846846,0.0480572059750556,0.9816718101501464,0.9216945427331062,0.5202235579490662,0.0830824259036929,0.520211935043335,0.0332104079425334,0.7179421186447144,0.5492365713693228,0.45,0.34,0.34
scgpt_finetuned,unseen_combo_fold4,UBASH3B_PTPN9,8,0.001322194118984,0.036361988633871,0.989087700843811,0.9472036079141593,0.9462038278579712,0.711016970219558,0.9451282620429992,0.0165811330080032,0.978445827960968,0.9233123312331232,0.65,0.72,0.79
scgpt_finetuned,unseen_combo_fold4,UBASH3B_ZBTB25,8,0.0011810741852968,0.0343667604029178,0.9903697371482848,0.9309340718568428,0.9424019455909728,0.6407481795969744,0.9406353235244752,0.0124645605683326,0.9758450984954834,0.8973297329732973,0.8,0.66,0.72
