perturbation,fold,n_pseudobulk_replicates,mse_all,rmse_all,pearson_all,spearman_all,pearson_delta,spearman_delta,cosine_delta,mse_de,pearson_de,spearman_de,top_20_recovery,top_50_recovery,top_100_recovery,model
AHR_FEV,unseen_combo_fold0,8,0.0046434546820819,0.0681428983807563,0.9735129475593568,0.9708171959346856,0.9244573712348938,0.8107568758889323,0.9284808039665222,0.0627786964178085,0.9547311663627625,0.8581938193819382,0.6,0.72,0.68,ridge
AHR_KLF1,unseen_combo_fold2,8,0.0016894289292395,0.0411026626825332,0.988074004650116,0.9605605642965152,0.8920712471008301,0.5024732019435793,0.8940596580505371,0.0106880059465765,0.9461658000946044,0.8688988898889889,0.75,0.68,0.65,ridge
BCL2L11_BAK1,unseen_combo_fold0,8,0.000565244234167,0.023774866014719,0.9951484203338624,0.972449867497629,0.3534085154533386,0.1266889972396667,0.3546790480613708,0.0057472442276775,0.5221102237701416,0.5465706570657066,0.35,0.22,0.27,ridge
BCL2L11_TGFBR2,unseen_combo_fold0,8,0.000511864956934,0.0226244330406188,0.9957714080810548,0.979992221326182,0.7679426074028015,0.2959075601295301,0.7668936252593994,0.0055741197429597,0.9210236668586732,0.8137773777377738,0.65,0.44,0.45,ridge
BPGM_SAMD1,unseen_combo_fold0,8,0.0012435080716386,0.0352634079754352,0.9905807971954346,0.975844857386993,0.9587621092796326,0.7449071673556349,0.9580898284912108,0.015316798351705,0.988353431224823,0.9157035703570358,0.85,0.76,0.8,ridge
BPGM_ZBTB1,unseen_combo_fold1,8,0.000757499190513,0.0275227036327123,0.9945327043533324,0.9541107792872564,0.9640719294548036,0.6913832836529089,0.9632263779640198,0.0037338198162615,0.989670991897583,0.9454905490549056,0.9,0.76,0.77,ridge
C3orf72_FOXL2,unseen_combo_fold4,8,0.0058996966108679,0.0768094807863235,0.9494953751564026,0.9205442147865468,0.7930859923362732,0.5871304069963955,0.7942942380905151,0.0342177748680114,0.9157435297966005,0.8951695169516952,0.5,0.6,0.58,ridge
CBL_CNN1,unseen_combo_fold1,8,0.0017724146600812,0.0421000570058822,0.9876399636268616,0.957114028213186,0.965125560760498,0.7648322245860003,0.9648297429084778,0.0216873958706855,0.9823204278945924,0.9354335433543356,0.75,0.86,0.76,ridge
CBL_PTPN12,unseen_combo_fold1,8,0.0008275210857391,0.0287666656076908,0.9938278794288636,0.9476698609774932,0.9640595316886902,0.7063987026904798,0.9634471535682678,0.0058280830271542,0.9868128299713136,0.9311371137113712,0.7,0.76,0.76,ridge
CBL_PTPN9,unseen_combo_fold3,8,0.0006855385727249,0.0261827912181615,0.9947966933250428,0.969126071303828,0.965969741344452,0.7070606463503942,0.9645070433616638,0.0035053864121437,0.9914856553077698,0.9316531653165316,0.85,0.8,0.81,ridge
CBL_TGFBR2,unseen_combo_fold2,8,0.0007510508876293,0.0274053085595369,0.9935916662216188,0.9645839818110497,0.93633633852005,0.6025697825244792,0.9361216425895692,0.0038565990980714,0.9815945029258728,0.9113351335133514,0.5,0.7,0.73,ridge
CBL_UBASH3A,unseen_combo_fold4,8,0.0024292746093124,0.0492876730859279,0.9808036684989928,0.9373448271524564,0.8713259696960449,0.5188364337644685,0.8711140155792236,0.0153714045882225,0.9500482678413392,0.8982898289828983,0.65,0.64,0.6,ridge
CBL_UBASH3B,unseen_combo_fold4,8,0.0020379403140395,0.0451435521245002,0.9846709370613098,0.9536742476048502,0.9634245038032532,0.7531343718027536,0.9630974531173706,0.0276157949119806,0.9826000332832336,0.9247284728472848,0.75,0.74,0.78,ridge
CDKN1B_CDKN1A,unseen_combo_fold0,8,0.0014530001208186,0.0381182394921779,0.986686110496521,0.9672603971477064,0.9513878226280212,0.6951550780288938,0.9512310028076172,0.0151732908561825,0.9891099333763124,0.9436783678367836,0.9,0.88,0.83,ridge
CDKN1C_CDKN1A,unseen_combo_fold4,8,0.0017693690024316,0.042063869535923,0.9846768975257874,0.9546410354960524,0.938779890537262,0.6438426976207693,0.9390047788619996,0.0120330546051263,0.9830382466316224,0.9368136813681368,0.85,0.76,0.78,ridge
CDKN1C_CDKN1B,unseen_combo_fold3,8,0.0014299983158707,0.0378153175115585,0.9871007204055786,0.9587825391572332,0.9114737510681152,0.6067967909960684,0.9116133451461792,0.0061320937238633,0.975296437740326,0.9332133213321332,0.75,0.78,0.71,ridge
CEBPB_CEBPA,unseen_combo_fold3,8,0.0065958285704255,0.0812147036194801,0.9612827301025392,0.9379373832707304,0.9396045804023744,0.7844490581916194,0.9420151710510254,0.0419171676039695,0.979142725467682,0.9461986198619862,0.9,0.84,0.8,ridge
CEBPB_MAPK1,unseen_combo_fold2,8,0.0014690683456137,0.0383284278213977,0.9880412817001344,0.9614655695944064,0.9473341107368468,0.816902138211404,0.9485164284706116,0.0100151309743523,0.976433038711548,0.9732973297329732,0.8,0.82,0.79,ridge
CEBPB_OSR2,unseen_combo_fold1,8,0.0022093735169619,0.047003973275423,0.9827202558517456,0.9638463660819266,0.9313324689865112,0.8288064914769004,0.9343470335006714,0.0175739862024784,0.9557484984397888,0.9283528352835284,0.75,0.8,0.72,ridge
CEBPB_PTPN12,unseen_combo_fold4,8,0.0024856182280927,0.0498559735715389,0.9786104559898376,0.9551702792695144,0.8152379393577576,0.6573186772742025,0.8195662498474121,0.0169820412993431,0.9067102074623108,0.8505370537053706,0.4,0.6,0.67,ridge
CEBPE_CEBPA,unseen_combo_fold0,8,0.0020899299997836,0.0457157529890537,0.98602956533432,0.9678875722103352,0.9692912101745604,0.8687624131602999,0.9703476428985596,0.01643050275743,0.9787687659263612,0.95984398439844,0.85,0.84,0.85,ridge
CEBPE_CEBPB,unseen_combo_fold1,8,0.0041809175163507,0.0646600127220153,0.9669289588928224,0.9530377768538792,0.9112240672111512,0.7900119821424949,0.9140971899032592,0.038033403456211,0.9476978778839112,0.9027182718271828,0.8,0.72,0.78,ridge
CEBPE_CNN1,unseen_combo_fold4,8,0.002895203186199,0.0538070909678936,0.9744434356689452,0.9673815858776016,0.8186372518539429,0.6513078281909542,0.8212062120437622,0.0254393648356199,0.8893029093742371,0.8301110111011101,0.65,0.62,0.69,ridge
CEBPE_KLF1,unseen_combo_fold3,8,0.0027972869575023,0.052889384329319,0.9788564443588256,0.9619220663249358,0.7955495715141296,0.5708930181519445,0.7981305718421936,0.0213833339512348,0.865676999092102,0.8772757275727573,0.55,0.58,0.66,ridge
CEBPE_PTPN12,unseen_combo_fold0,8,0.0011431297753006,0.0338102020323276,0.9901297092437744,0.9717260616539912,0.8795530796051025,0.6850999113356747,0.8800047039985657,0.0067682238295674,0.9487571716308594,0.9357335733573358,0.65,0.72,0.67,ridge
CEBPE_RUNX1T1,unseen_combo_fold0,8,0.0004963795654475,0.0222795773297548,0.9956236481666564,0.98628422342268,0.9568995833396912,0.8496901875898454,0.9574072360992432,0.0039783529937267,0.9760838747024536,0.9228082808280827,0.8,0.84,0.81,ridge
CEBPE_SPI1,unseen_combo_fold1,8,0.0089590149000287,0.0946520715951919,0.9367199540138244,0.9478840546826416,0.914286732673645,0.8102436331904291,0.9133716821670532,0.1145713925361633,0.9354789853096008,0.8802520252025202,0.65,0.68,0.7,ridge
CNN1_MAPK1,unseen_combo_fold1,8,0.001233400311321,0.0351197980344295,0.9893669486045836,0.969340916139216,0.8566868901252747,0.6451139157500224,0.8571472764015198,0.0074146087281405,0.9439072012901306,0.9068226822682268,0.8,0.68,0.79,ridge
CNN1_UBASH3A,unseen_combo_fold1,8,0.0030148152727633,0.0549073331058025,0.976938784122467,0.955542389325765,0.9455780982971193,0.6961725703932222,0.9455773234367372,0.0403855331242084,0.9711381196975708,0.9043504350435044,0.8,0.72,0.71,ridge
DUSP9_ETS2,unseen_combo_fold2,8,0.0016062593786045,0.0400781668722629,0.9873327612876892,0.9755168767758124,0.8634110689163208,0.671070762667463,0.8647652268409729,0.0159585308283567,0.9148996472358704,0.8913771377137714,0.65,0.76,0.73,ridge
DUSP9_IGDCC3,unseen_combo_fold3,8,0.0008501345291733,0.0291570667177438,0.994116187095642,0.9611199537737314,0.972688615322113,0.8114002512747054,0.972025454044342,0.0056724334135651,0.9885369539260864,0.9675487548754876,0.8,0.86,0.82,ridge
DUSP9_KLF1,unseen_combo_fold3,8,0.0016907700337469,0.0411189757287502,0.9895168542861938,0.9634752048583446,0.955290675163269,0.7249670715436578,0.9557979702949524,0.0219056699424982,0.9673894047737122,0.931821182118212,0.75,0.8,0.82,ridge
DUSP9_MAPK1,unseen_combo_fold3,8,0.001715624355711,0.0414200946688652,0.9865208268165588,0.9658696617464464,0.8461107611656189,0.5651317865899298,0.8509135842323303,0.0088421562686562,0.9467681646347046,0.884008400840084,0.65,0.64,0.6,ridge
DUSP9_PRTG,unseen_combo_fold0,8,0.001345362747088,0.0366791859269142,0.9906011819839478,0.9701036969387568,0.9654243588447572,0.7986723764130914,0.9658861756324768,0.0125218937173485,0.9864336252212524,0.9574557455745576,0.6,0.88,0.82,ridge
DUSP9_SNAI1,unseen_combo_fold3,8,0.0057143718004226,0.075593464076519,0.9530422687530518,0.9576728573211216,0.819693386554718,0.746661811663341,0.8231778144836426,0.0453439392149448,0.9354974627494812,0.8971497149714972,0.55,0.64,0.65,ridge
ETS2_CEBPE,unseen_combo_fold4,8,0.0012273242464289,0.0350331887602806,0.9901228547096252,0.975630020416228,0.9547290802001952,0.8187254910522557,0.9557307362556458,0.0122304512187838,0.9763066172599792,0.941062106210621,0.85,0.84,0.8,ridge
ETS2_CNN1,unseen_combo_fold4,8,0.0019347307970747,0.0439855754375457,0.9838149547576904,0.973134662143476,0.8769404292106628,0.6729857193658899,0.8772498965263367,0.0203519705682992,0.9271091222763062,0.9171197119711972,0.7,0.66,0.7,ridge
ETS2_IGDCC3,unseen_combo_fold0,8,0.0008474669302813,0.0291112847626209,0.9928792715072632,0.9782736145574732,0.8777511119842529,0.6844207051248848,0.8794053196907043,0.0045684720389544,0.9655745625495912,0.918079807980798,0.7,0.66,0.69,ridge
ETS2_IKZF3,unseen_combo_fold1,8,0.0009370322222821,0.0306109823286533,0.9949821829795836,0.9776471938341476,0.9798274040222168,0.8718116917333978,0.9801153540611268,0.0110749937593936,0.990882396697998,0.97020102010201,0.7,0.86,0.88,ridge
ETS2_MAP7D1,unseen_combo_fold2,8,0.0015953492838889,0.0399418249726295,0.9862781763076782,0.9664745323858108,0.904451549053192,0.6329875297618296,0.9053878784179688,0.0189637467265129,0.9510837197303772,0.9422382238223822,0.65,0.8,0.73,ridge
ETS2_MAPK1,unseen_combo_fold2,8,0.0031879057642072,0.0564615428447723,0.97654128074646,0.95045479163609,0.9026066064834596,0.7089869445492392,0.902522623538971,0.035521987825632,0.934607982635498,0.9287968796879688,0.8,0.84,0.66,ridge
ETS2_PRTG,unseen_combo_fold4,8,0.0009340828401036,0.0305627696216106,0.9922814965248108,0.974535890655846,0.9010152220726012,0.7150307182712389,0.901680588722229,0.0038260207511484,0.971582531929016,0.9267566756675668,0.6,0.72,0.7,ridge
FEV_CBFA2T3,unseen_combo_fold2,8,0.0043364390730857,0.0658516436815261,0.9722877144813538,0.9587475966429312,0.9180014729499816,0.775410051969464,0.9217588305473328,0.0514313168823719,0.9389342665672302,0.9010621062106212,0.8,0.74,0.77,ridge
FEV_ISL2,unseen_combo_fold3,8,0.0014665501657873,0.0382955633103847,0.9904500246047974,0.9669659155256288,0.9564367532730104,0.7854503299055847,0.9583498239517212,0.0126148462295532,0.9812945127487184,0.96001200120012,0.8,0.86,0.79,ridge
FEV_MAP7D1,unseen_combo_fold3,8,0.0015785855939611,0.0397314168512821,0.9892434477806092,0.9676119456263412,0.9302920699119568,0.7543420309188451,0.9315019249916076,0.011697837151587,0.9615647196769714,0.9205160516051604,0.8,0.8,0.79,ridge
FOSB_CEBPB,unseen_combo_fold1,8,0.0048198155127465,0.0694248899817466,0.961860418319702,0.943305388797348,0.8959222435951233,0.7367677284291143,0.8986511826515198,0.0497451908886432,0.9351213574409484,0.8881728172817281,0.75,0.68,0.75,ridge
FOSB_CEBPE,unseen_combo_fold1,8,0.0048564272001385,0.0696880742907524,0.9638713598251344,0.9603779289431912,0.9068443179130554,0.7853749728553499,0.9087209701538086,0.05094925314188,0.9515894651412964,0.9147194719471948,0.8,0.72,0.72,ridge
FOSB_IKZF3,unseen_combo_fold4,8,0.0030425663571804,0.0551594644784927,0.9808330535888672,0.9557338809435786,0.9356862306594848,0.7648424781443692,0.935737371444702,0.0272224806249141,0.9634287357330322,0.9075787578757876,0.65,0.7,0.76,ridge
FOSB_OSR2,unseen_combo_fold3,8,0.0023047404829412,0.0480077117681503,0.98330819606781,0.9709937760637602,0.9247440099716188,0.7998734812972256,0.9273471832275392,0.0258508250117301,0.9492521286010742,0.918163816381638,0.8,0.78,0.8,ridge
FOSB_PTPN12,unseen_combo_fold4,8,0.0024434551596641,0.0494313165545463,0.9796385169029236,0.9454504661639392,0.7096922993659973,0.4962075237708087,0.7098106145858765,0.0108690075576305,0.8858324885368347,0.866078607860786,0.45,0.5,0.49,ridge
FOSB_UBASH3B,unseen_combo_fold1,8,0.0011782890651375,0.0343262143433094,0.9893828630447388,0.9724799403709368,0.790884256362915,0.5590746882879147,0.7927272915840149,0.0083082728087902,0.8897126317024231,0.8698829882988299,0.7,0.54,0.7,ridge
FOXA1_FOXF1,unseen_combo_fold0,8,0.0006411846843548,0.0253216251730918,0.994157075881958,0.9789799754880104,0.9529853463172911,0.8077723326450968,0.9540767073631288,0.0043604495003819,0.9865673184394836,0.9583558355835584,0.7,0.86,0.83,ridge
FOXA1_FOXL2,unseen_combo_fold2,8,0.0008268827223218,0.0287555679678916,0.992372989654541,0.9708210698269816,0.9495055079460144,0.8017632992521754,0.9507812857627868,0.0034892093390226,0.9850059747695924,0.9522112211221122,0.7,0.84,0.78,ridge
FOXA1_HOXB9,unseen_combo_fold4,8,0.0008454683702439,0.0290769394487142,0.9927826523780824,0.973748459744636,0.9564104676246644,0.8352441637234962,0.957854986190796,0.0054272469133138,0.9812117218971252,0.956087608760876,0.75,0.8,0.83,ridge
FOXA3_FOXA1,unseen_combo_fold4,8,0.0011837423080578,0.034405555576086,0.9895470142364502,0.9672385073886212,0.9388558268547058,0.8083204888632325,0.939858376979828,0.0065995184704661,0.973667323589325,0.9304890489048904,0.65,0.74,0.75,ridge
FOXA3_FOXF1,unseen_combo_fold2,8,0.0011328953551128,0.0336585119366645,0.989029049873352,0.9681985973577898,0.9198521971702576,0.764951955762194,0.9216118454933168,0.0041110087186098,0.9761781692504884,0.9364176417641764,0.8,0.76,0.78,ridge
FOXA3_FOXL2,unseen_combo_fold0,8,0.0034151200670748,0.0584390275180339,0.9717743396759032,0.9630525757601576,0.9291654825210572,0.8158480618799875,0.9307947754859924,0.0334954783320426,0.971628963947296,0.916999699969997,0.8,0.74,0.78,ridge
FOXA3_HOXB9,unseen_combo_fold3,8,0.0008813662570901,0.029687812551856,0.9926791191101074,0.9749063772819776,0.9653911590576172,0.8740235215662117,0.9663744568824768,0.005652645137161,0.9880794882774352,0.9377737773777378,0.75,0.8,0.91,ridge
FOXF1_FOXL2,unseen_combo_fold4,8,0.0013357555726543,0.0365479886531829,0.9884993433952332,0.9651885902038756,0.9468531608581544,0.8116214419972254,0.9473187327384948,0.0098545337095856,0.977344810962677,0.9400900090009,0.75,0.78,0.83,ridge
FOXF1_HOXB9,unseen_combo_fold1,8,0.000911790120881,0.0301958620548248,0.9917508363723756,0.9690958469201376,0.938370943069458,0.781234453182173,0.9400464296340942,0.0042782621458172,0.9785569310188292,0.943030303030303,0.7,0.78,0.78,ridge
FOXL2_HOXB9,unseen_combo_fold3,8,0.0018897505942732,0.0434712618589401,0.9842669367790222,0.9611366630845916,0.923044502735138,0.7679989389013389,0.9251572489738464,0.0097957588732242,0.974004864692688,0.9191839183918392,0.55,0.74,0.77,ridge
FOXL2_MEIS1,unseen_combo_fold3,8,0.0010584975825622,0.0325345583260059,0.9908758401870728,0.9683159782232276,0.91975998878479,0.7292792444489732,0.9216965436935424,0.007422549650073,0.9699341654777528,0.9057905790579058,0.8,0.74,0.82,ridge
IGDCC3_MAPK1,unseen_combo_fold3,8,0.0012299945810809,0.0350712798535823,0.9894388318061828,0.966394633429186,0.8747680187225342,0.6633513442776546,0.8756027817726135,0.0092888204380869,0.9272165894508362,0.8793639363936394,0.6,0.72,0.69,ridge
IGDCC3_PRTG,unseen_combo_fold2,8,0.0028816480189561,0.05368098244071,0.9780972599983216,0.9390710875762062,0.9171830415725708,0.6676625221417556,0.9166167974472046,0.0262824017554521,0.9667508006095886,0.928028802880288,0.6,0.72,0.69,ridge
IGDCC3_ZBTB25,unseen_combo_fold4,8,0.0020286473445594,0.0450405068695545,0.9830438494682312,0.9477987492810288,0.9351140260696412,0.6714851699066566,0.9349756836891174,0.0180529206991195,0.9817623496055604,0.921908190819082,0.8,0.72,0.74,ridge
IRF1_SET,unseen_combo_fold0,8,0.0042354920879006,0.0650806576013565,0.9650822281837464,0.9697155583989054,0.9133563041687012,0.8031856739619561,0.9151344895362854,0.0634718164801597,0.9423974752426147,0.8910651065106511,0.8,0.72,0.69,ridge
JUN_CEBPA,unseen_combo_fold1,8,0.0066709667444229,0.0816759839653968,0.9596543312072754,0.9286122531114592,0.9217036962509156,0.7597547358104468,0.9245253205299376,0.0539705976843833,0.9527324438095092,0.906054605460546,0.65,0.7,0.8,ridge
JUN_CEBPB,unseen_combo_fold3,8,0.0042825662530958,0.0654413178563118,0.9669445753097534,0.9351001139926184,0.8873702883720398,0.6880232090479825,0.8914900422096252,0.0261278841644525,0.9578794240951538,0.916999699969997,0.7,0.74,0.68,ridge
KIF18B_KIF2C,unseen_combo_fold0,8,0.0012569506652653,0.0354534983634948,0.98893940448761,0.9573088168098142,0.5955420136451721,0.2849200005539483,0.597930908203125,0.010195585899055,0.8165943622589111,0.7986198619861986,0.45,0.5,0.44,ridge
KLF1_BAK1,unseen_combo_fold2,8,0.0004522474482655,0.0212661102414131,0.9966739416122437,0.9605649111773984,0.9580522179603576,0.5938337714559541,0.9575156569480896,0.0034760651178658,0.9874387383461,0.9615961596159616,0.85,0.82,0.75,ridge
KLF1_CEBPA,unseen_combo_fold0,8,0.0045258370228111,0.0672743394970893,0.9667580127716064,0.9722875951876055,0.9059248566627502,0.814139260111619,0.9082952737808228,0.046786580234766,0.939441442489624,0.9313891389138914,0.8,0.74,0.77,ridge
KLF1_CLDN6,unseen_combo_fold2,8,0.0019107343396171,0.0437119491398334,0.9865711331367492,0.952210235661304,0.9305394291877748,0.6424714010943571,0.9287216067314148,0.0194788854569196,0.956617832183838,0.937041704170417,0.8,0.74,0.7,ridge
KLF1_COL2A1,unseen_combo_fold1,8,0.0022138957865536,0.0470520555973053,0.982635259628296,0.957791181144378,0.8697561025619507,0.6701130990767846,0.8706114292144775,0.0204581208527088,0.9206973910331726,0.8812721272127213,0.7,0.7,0.63,ridge
KLF1_FOXA1,unseen_combo_fold1,8,0.0014234917471185,0.037729188799858,0.9890962839126588,0.966593702474101,0.883055567741394,0.6692790126400758,0.8830978870391846,0.0151868378743529,0.9040032625198364,0.8889048904890489,0.7,0.78,0.74,ridge
KLF1_MAP2K6,unseen_combo_fold4,8,0.0009234425378963,0.0303881969302892,0.9934350252151488,0.9285431571997762,0.9060907363891602,0.5503705639773614,0.9047154784202576,0.006061912048608,0.964256763458252,0.9118391839183918,0.75,0.64,0.64,ridge
KLF1_TGFBR2,unseen_combo_fold1,8,0.0004775106499437,0.0218520164489746,0.9966909885406494,0.965701378041348,0.9662122130393982,0.5920113296722309,0.9658606052398682,0.0036348637659102,0.9885419011116028,0.9618001800180018,0.8,0.9,0.77,ridge
LHX1_ELMSAN1,unseen_combo_fold2,8,0.0011272439733147,0.03357445448637,0.9904797077178956,0.9680059324711098,0.8982812762260437,0.5602011274515571,0.8992025852203369,0.0105870207771658,0.9490057826042176,0.9154395439543954,0.7,0.72,0.67,ridge
LYL1_CEBPB,unseen_combo_fold4,8,0.0026251291856169,0.0512360148131847,0.9773262143135072,0.95658282545227,0.8263373374938965,0.6760445760074595,0.830864429473877,0.018939234316349,0.9006096124649048,0.8961056105610561,0.65,0.56,0.59,ridge
LYL1_IER5L,unseen_combo_fold2,8,0.0020679477602243,0.0454746931791305,0.9827407002449036,0.9482703306910288,0.8527915477752686,0.5816058833777833,0.8531532287597656,0.0167133752256631,0.92863929271698,0.8852925292529253,0.75,0.58,0.6,ridge
MAP2K3_ELMSAN1,unseen_combo_fold1,8,0.0007374059641733,0.0271552205085754,0.9943627119064332,0.9542791452087112,0.9002112150192261,0.6686311545302275,0.8998729586601257,0.0053510828875005,0.9670614004135132,0.918043804380438,0.6,0.72,0.77,ridge
MAP2K3_IKZF3,unseen_combo_fold0,8,0.0024371903855353,0.0493679083883762,0.984882652759552,0.973645826246742,0.9568102359771729,0.7322525414570884,0.956862211227417,0.039249263703823,0.9706847667694092,0.934965496549655,0.85,0.72,0.77,ridge
MAP2K3_MAP2K6,unseen_combo_fold1,8,0.0009892075322568,0.0314516685903072,0.9925113320350648,0.9481130815148608,0.8232315182685852,0.5869278479536799,0.8228479027748108,0.0063413954339921,0.9193243384361268,0.8918811881188119,0.6,0.68,0.75,ridge
MAP2K3_SLC38A2,unseen_combo_fold1,8,0.0007805422646924,0.0279381871223449,0.9937408566474916,0.9473382618345798,0.8059678077697754,0.5007891588992032,0.8055659532546997,0.0032724663615226,0.9315459728240968,0.8803840384038404,0.6,0.68,0.68,ridge
MAP2K6_ELMSAN1,unseen_combo_fold2,8,0.000381086836569,0.0195214450359344,0.9969335198402404,0.9645071495305207,0.919671595096588,0.6474152696790625,0.9195823073387146,0.0019793401006609,0.9700934886932372,0.9171437143714372,0.8,0.74,0.76,ridge
MAP2K6_IKZF3,unseen_combo_fold2,8,0.0008201178279705,0.0286376997828483,0.9945303201675416,0.9627419168240178,0.9732579588890076,0.7449789919458818,0.9734051823616028,0.0063533093780279,0.9879246354103088,0.9453345334533452,0.85,0.78,0.79,ridge
MAP2K6_SPI1,unseen_combo_fold2,8,0.0047621927224099,0.0690086409449577,0.9566158652305604,0.9473112617736228,0.7736690044403076,0.5801285088501206,0.7682209610939026,0.0349510870873928,0.8759348392486572,0.8641104110411041,0.55,0.56,0.61,ridge
MAPK1_IKZF3,unseen_combo_fold2,8,0.0009573927964083,0.0309417638927698,0.9931946992874146,0.96565110702222,0.959191083908081,0.799039472221275,0.9594760537147522,0.00648795068264,0.9807310104370116,0.9576717671767176,0.85,0.84,0.83,ridge
MAPK1_PRTG,unseen_combo_fold1,8,0.0012555932626128,0.0354343503713607,0.9895046949386596,0.9703280810453394,0.8708916902542114,0.6966672580231459,0.8723554015159607,0.010796669870615,0.9086652994155884,0.878019801980198,0.7,0.64,0.68,ridge
MAPK1_TGFBR2,unseen_combo_fold3,8,0.0007284805760718,0.0269903801381587,0.9939997792243958,0.9707802415257948,0.9455983638763428,0.6951305280755955,0.9459542632102966,0.0060713510029017,0.9796963930130004,0.9645484548454846,1.0,0.9,0.75,ridge
PLK4_STIL,unseen_combo_fold1,8,0.0036405378486961,0.0603368692100048,0.9669045805931092,0.9317096969448676,0.6065335273742676,0.3758090413598682,0.599353015422821,0.0329696722328662,0.8478712439537048,0.8383318331833184,0.4,0.38,0.4,ridge
POU3F2_CBFA2T3,unseen_combo_fold0,8,0.0016256051603704,0.0403187945485115,0.9857529401779176,0.9731475091711984,0.892336905002594,0.7400024697040473,0.8952213525772095,0.0156495906412601,0.9573861956596376,0.9025382538253826,0.7,0.7,0.69,ridge
POU3F2_FOXL2,unseen_combo_fold0,8,0.0021123285405337,0.0459600761532783,0.9828882217407228,0.9745381640146576,0.9415128827095032,0.8271945267597373,0.9427189826965332,0.0247327871620655,0.9751847982406616,0.9451185118511852,0.7,0.82,0.82,ridge
PRDM1_CBFA2T3,unseen_combo_fold0,8,0.0060609611682593,0.0778521746397018,0.9538823962211608,0.948444891589608,0.891607940196991,0.7122611242104895,0.8932700753211975,0.073663406074047,0.949349582195282,0.9273447344734472,0.7,0.74,0.73,ridge
PTPN12_OSR2,unseen_combo_fold2,8,0.0018665919778868,0.0432040728628635,0.9837837815284728,0.9568115127223158,0.6712449789047241,0.4666886071980145,0.6820883750915527,0.0138731803745031,0.7623221278190613,0.7255445544554455,0.5,0.36,0.46,ridge
PTPN12_PTPN9,unseen_combo_fold1,8,0.0009018410928547,0.0300306696444749,0.9925388693809508,0.9566058409123032,0.9501659870147704,0.7065045904798389,0.949302852153778,0.0074439817108213,0.9833816289901732,0.9064986498649864,0.9,0.74,0.79,ridge
PTPN12_SNAI1,unseen_combo_fold2,8,0.0012124219210818,0.0348198488354682,0.9880963563919068,0.957348831656552,0.8454735279083252,0.6685993674738957,0.8455410003662109,0.0052820569835603,0.9439862370491028,0.9167836783678368,0.5,0.7,0.73,ridge
PTPN12_UBASH3A,unseen_combo_fold2,8,0.0019118206109851,0.0437243692576885,0.9850735068321228,0.9542450704229768,0.9561766386032104,0.6912797901431504,0.9559868574142456,0.0272150803357362,0.985932230949402,0.9374017401740176,0.85,0.8,0.79,ridge
PTPN12_ZBTB25,unseen_combo_fold4,8,0.0009498137515038,0.0308190491050481,0.9929203391075134,0.9416436414214592,0.9573076367378236,0.6928926958885089,0.955450713634491,0.0062658474780619,0.984703540802002,0.9084308430843084,0.9,0.76,0.82,ridge
RHOXF2_SET,unseen_combo_fold3,8,0.001999101601541,0.0447113141417503,0.9852498173713684,0.9567200140628436,0.9069589972496032,0.798881062996515,0.9092778563499452,0.0175968576222658,0.9344067573547364,0.9052625262526252,0.65,0.74,0.75,ridge
RHOXF2_ZBTB25,unseen_combo_fold3,8,0.0010994597105309,0.0331581011414527,0.9918521046638488,0.96765371519309,0.9562524557113647,0.766695080059028,0.9562729001045228,0.0046329628676176,0.9885681867599488,0.9375697569756976,0.75,0.74,0.84,ridge
SAMD1_PTPN12,unseen_combo_fold0,8,0.0008997252443805,0.0299954209476709,0.9929940104484558,0.9708765009361044,0.9736275672912598,0.7927286327648472,0.9735130667686462,0.0089860428124666,0.9943371415138244,0.9304770477047704,0.95,0.78,0.82,ridge
SAMD1_TGFBR2,unseen_combo_fold0,8,0.0019449741812422,0.0441018603742122,0.983373999595642,0.9560660090563756,0.8829812407493591,0.57120492573713,0.8832330107688904,0.015961904078722,0.9722001552581788,0.8965616561656166,0.8,0.62,0.6,ridge
SAMD1_UBASH3B,unseen_combo_fold4,8,0.0007750581135042,0.0278398655354976,0.9936273694038392,0.9650154709111134,0.9613643884658812,0.756390568555874,0.9613563418388368,0.0053485305979847,0.9871137738227844,0.9351215121512152,0.9,0.74,0.77,ridge
SAMD1_ZBTB1,unseen_combo_fold3,8,0.0009815189987421,0.0313292033970356,0.9926837682724,0.96879983169644,0.9610300660133362,0.7567621425192288,0.9615069031715392,0.005085458047688,0.9897075295448304,0.9561596159615962,0.9,0.82,0.81,ridge
SET_CEBPE,unseen_combo_fold0,8,0.0026620121207088,0.0515946894884109,0.9773933291435242,0.9671987773722968,0.811565637588501,0.6710554545714982,0.8119508028030396,0.0199277456849813,0.8934366703033447,0.8941374137413741,0.6,0.58,0.59,ridge
SET_KLF1,unseen_combo_fold0,8,0.0018573692068457,0.0430972054600715,0.98684424161911,0.9753362665154632,0.8890659213066101,0.684047400553238,0.88736891746521,0.0215707570314407,0.942202627658844,0.8971017101710171,0.55,0.6,0.7,ridge
SGK1_S1PR2,unseen_combo_fold0,8,0.0037960619665682,0.0616121888160705,0.968886137008667,0.9710297241808052,0.8882243037223816,0.7708066830667409,0.8885121941566467,0.0567903742194175,0.9209102392196656,0.891029102910291,0.65,0.68,0.7,ridge
SGK1_TBX2,unseen_combo_fold4,8,0.0007813584525138,0.0279527902603149,0.9934974312782288,0.96900212138082,0.9591620564460754,0.7683420159607801,0.9593012928962708,0.0046793548390269,0.9853646159172058,0.9572757275727573,0.8,0.78,0.79,ridge
SGK1_TBX3,unseen_combo_fold0,8,0.0032523265108466,0.0570291727781295,0.9723084568977356,0.976270187277915,0.9405888319015504,0.7348635798120348,0.9405945539474488,0.056051205843687,0.9673642516136168,0.9011221122112212,0.65,0.68,0.78,ridge
SNAI1_DLX2,unseen_combo_fold4,8,0.0025836143177002,0.0508292652666568,0.9744975566864014,0.9402495549260892,0.9117211103439332,0.7004362195892435,0.911487638950348,0.020849710330367,0.9543434977531432,0.9135313531353136,0.75,0.74,0.75,ridge
SNAI1_UBASH3B,unseen_combo_fold4,8,0.0012631592107936,0.0355409495532512,0.9882147312164308,0.9543937384577136,0.8535252809524536,0.664808272953078,0.848268449306488,0.0063115148805081,0.9307443499565125,0.8805160516051606,0.7,0.62,0.6,ridge
TBX3_TBX2,unseen_combo_fold0,8,0.0015356669900938,0.0391875877976417,0.9868234992027284,0.9841960978386992,0.9709272980690002,0.7958341135162935,0.9704621434211732,0.0266384817659854,0.987010419368744,0.9292529252925292,0.95,0.84,0.78,ridge
TGFBR2_C19orf26,unseen_combo_fold3,8,0.0016532303998246,0.0406599342823028,0.9861357808113098,0.9663857383507126,0.8545809984207153,0.4944619563301977,0.8550123572349548,0.018533706665039,0.9345069527626038,0.8857485748574857,0.7,0.66,0.65,ridge
TGFBR2_ETS2,unseen_combo_fold4,8,0.0010796904098242,0.0328586436808109,0.990647315979004,0.970335831225012,0.7649105787277222,0.4987776917210995,0.7688915729522705,0.0101635241881012,0.8412618637084961,0.8402280228022803,0.7,0.68,0.66,ridge
TGFBR2_IGDCC3,unseen_combo_fold3,8,0.0005511508788913,0.0234766025096178,0.9953939914703368,0.9668837108019666,0.9491612315177916,0.6770180152533912,0.9489102363586426,0.0027944177854806,0.984916090965271,0.9423582358235824,0.8,0.8,0.72,ridge
TGFBR2_PRTG,unseen_combo_fold2,8,0.0007067138212732,0.0265840888023376,0.9941099286079408,0.9658631810163172,0.9509668350219728,0.7170568330681826,0.950847864151001,0.004047283437103,0.9825425148010254,0.936069606960696,0.75,0.86,0.77,ridge
TMSB4X_BAK1,unseen_combo_fold4,8,0.0005047360900789,0.0224663317203521,0.9961607456207277,0.9644297653016316,0.919623851776123,0.2218341906594099,0.9194628596305848,0.0032504720147699,0.9741646647453308,0.8424122412241224,0.75,0.62,0.5,ridge
UBASH3B_CNN1,unseen_combo_fold2,8,0.0015827696770429,0.0397840365767478,0.9890923500061036,0.959528430435934,0.9756575226783752,0.7831714993068186,0.9753382205963136,0.0222181677818298,0.9900701642036438,0.9338733873387338,0.8,0.84,0.84,ridge
UBASH3B_OSR2,unseen_combo_fold2,8,0.0021174969151616,0.0460162684321403,0.9811108708381652,0.9672646060221204,0.6454027891159058,0.5164313549535337,0.6605061292648315,0.0151758575811982,0.7368287444114685,0.7281968196819681,0.55,0.48,0.42,ridge
UBASH3B_PTPN12,unseen_combo_fold1,8,0.0009873979724943,0.0314228907227516,0.992564618587494,0.9390703753752272,0.9566515684127808,0.7016326698166152,0.9546879529953004,0.0064013600349426,0.9870944619178772,0.9184878487848784,0.75,0.72,0.79,ridge
UBASH3B_PTPN9,unseen_combo_fold4,8,0.0008477824740111,0.0291167050600051,0.9929710626602172,0.962517058711758,0.9607775211334229,0.7383536523038119,0.9598242044448853,0.0081416582688689,0.987665057182312,0.9228802880288028,0.75,0.76,0.79,ridge
UBASH3B_UBASH3A,unseen_combo_fold1,8,0.0014005949487909,0.0374245233833789,0.987764060497284,0.9679438703359534,0.9157233238220216,0.6404965810993659,0.9156765937805176,0.0141334664076566,0.960261046886444,0.9064746474647464,0.7,0.72,0.69,ridge
UBASH3B_ZBTB25,unseen_combo_fold4,8,0.001065881922841,0.0326478481292724,0.9914339780807496,0.9371061002129348,0.9403263330459596,0.6503428186085726,0.9381940960884094,0.0083383210003376,0.976832628250122,0.914011401140114,0.8,0.72,0.7,ridge
ZBTB10_DLX2,unseen_combo_fold3,8,0.0048534488305449,0.0696666985750198,0.9579339027404784,0.9423584888610718,0.9022552967071532,0.7565954056594042,0.9030588865280152,0.0483033657073974,0.9517861008644104,0.9123792379237924,0.75,0.68,0.76,ridge
ZBTB10_ELMSAN1,unseen_combo_fold2,8,0.0020956574007868,0.0457783490419387,0.9818965792655944,0.958599502653433,0.9020043015480042,0.7506603341161968,0.904474914073944,0.0156392566859722,0.9658694267272948,0.9312571257125712,0.8,0.66,0.7,ridge
ZBTB10_PTPN12,unseen_combo_fold0,8,0.001982488669455,0.044525146484375,0.9828671813011168,0.9637055698404302,0.8734292387962341,0.7651132597162459,0.8751440048217773,0.008937451057136,0.959733247756958,0.9097509750975098,0.6,0.68,0.69,ridge
ZBTB10_SNAI1,unseen_combo_fold2,8,0.003502081381157,0.0591783858835697,0.9701714515686036,0.9409650157279712,0.9130105376243592,0.7821549745534719,0.914038360118866,0.0248485561460256,0.9619168043136596,0.938001800180018,0.75,0.72,0.76,ridge
ZC3HAV1_CEBPA,unseen_combo_fold1,8,0.0028803953900933,0.0536693148314952,0.9798411130905152,0.9548484481400484,0.9445406794548036,0.7770384298573064,0.9456821084022522,0.0231259576976299,0.966504693031311,0.9398019801980196,0.8,0.84,0.81,ridge
ZC3HAV1_CEBPE,unseen_combo_fold3,8,0.001867045648396,0.043209321796894,0.9842825531959534,0.9593015080310252,0.8791202902793884,0.6071392838435883,0.8781702518463135,0.0148853315040469,0.9519331455230712,0.9127272727272728,0.7,0.8,0.66,ridge
ZC3HAV1_HOXC13,unseen_combo_fold3,8,0.0012489584041759,0.0353406071662902,0.989307165145874,0.9546088627488272,0.854115903377533,0.6305741202204026,0.856113612651825,0.00857815425843,0.924000918865204,0.909042904290429,0.6,0.72,0.71,ridge
ZNF318_FOXL2,unseen_combo_fold3,8,0.0014284271746873,0.0377945378422737,0.9870612025260924,0.965294343433965,0.8373434543609619,0.667059991129462,0.835629940032959,0.0081828171387314,0.9348533153533936,0.92008400840084,0.65,0.62,0.63,ridge
AHR_FEV,unseen_combo_fold0,8,0.0041568232700228,0.0644734278321266,0.9754344820976256,0.9508799237520166,0.908251702785492,0.7516285209349328,0.9130019545555116,0.0497127994894981,0.946010172367096,0.825046504650465,0.65,0.66,0.68,mlp
AHR_KLF1,unseen_combo_fold2,8,0.0012761156540364,0.0357227623462677,0.9913853406906128,0.9530448909411028,0.904208242893219,0.4609262516772434,0.9051117300987244,0.0083673568442463,0.9617947936058044,0.8772757275727573,0.85,0.68,0.67,mlp
BCL2L11_BAK1,unseen_combo_fold0,8,0.0005701858899556,0.0238785650581121,0.995084583759308,0.956246085915082,0.3331970870494842,0.1544121742366325,0.3381108343601227,0.0054304534569382,0.5455000996589661,0.5315691569156916,0.25,0.22,0.26,mlp
BCL2L11_TGFBR2,unseen_combo_fold0,8,0.0004891952266916,0.0221177581697702,0.9958762526512146,0.9678370440284888,0.7827761173248291,0.291108643548107,0.7827228307723999,0.0056009120307862,0.9047642350196838,0.846924692469247,0.7,0.54,0.52,mlp
BPGM_SAMD1,unseen_combo_fold0,8,0.0010252535576,0.0320195816457271,0.9920213222503662,0.9601287726193904,0.95237398147583,0.692133981784539,0.9524356722831726,0.00897819083184,0.9826972484588624,0.9254245424542454,0.85,0.78,0.78,mlp
BPGM_ZBTB1,unseen_combo_fold1,8,0.0009281594539061,0.0304657090455293,0.993105173110962,0.9548293797470973,0.9522003531455994,0.6759158251499059,0.9512705206871032,0.0091374879702925,0.9766333103179932,0.9413621362136214,0.8,0.74,0.72,mlp
C3orf72_FOXL2,unseen_combo_fold4,8,0.0035071696620434,0.0592213608324527,0.968305766582489,0.9279322159977929,0.7971743941307068,0.5717767405233338,0.7980957627296448,0.0144614158198237,0.928807258605957,0.8953135313531353,0.6,0.58,0.59,mlp
CBL_CNN1,unseen_combo_fold1,8,0.0019475267035886,0.0441307909786701,0.9868295192718506,0.9507335149311174,0.970380425453186,0.7579698414671858,0.9701699018478394,0.0262167304754257,0.9861953854560852,0.9533633363336332,0.8,0.88,0.8,mlp
CBL_PTPN12,unseen_combo_fold1,8,0.0010922198416665,0.0330487489700317,0.9924666285514832,0.9594669083738976,0.967271089553833,0.7192706372615686,0.9672477841377258,0.0138565357774496,0.9903330206871032,0.921896189618962,0.8,0.78,0.8,mlp
CBL_PTPN9,unseen_combo_fold3,8,0.0008676562574692,0.0294560063630342,0.9929115176200868,0.9497767080405304,0.9482725262641908,0.6443867309072965,0.946760594844818,0.0045923818834125,0.9837815165519714,0.8866966696669667,0.8,0.8,0.77,mlp
CBL_TGFBR2,unseen_combo_fold2,8,0.0008114168886095,0.0284853801131248,0.993112564086914,0.9490535375514532,0.9266647100448608,0.5369353686299085,0.9265918731689452,0.0059366934001445,0.9782316088676452,0.9157275727572756,0.7,0.78,0.71,mlp
CBL_UBASH3A,unseen_combo_fold4,8,0.002700185868889,0.0519633144140243,0.978889524936676,0.931896741193202,0.8692092895507812,0.5231051516893656,0.869216799736023,0.0241020061075687,0.952042281627655,0.8894449444944494,0.65,0.6,0.58,mlp
CBL_UBASH3B,unseen_combo_fold4,8,0.0023586561437696,0.048565998673439,0.982591450214386,0.9564120218761892,0.9704840779304504,0.7711494534655592,0.9704573750495912,0.035848569124937,0.9862488508224488,0.95011101110111,0.85,0.82,0.8,mlp
CDKN1B_CDKN1A,unseen_combo_fold0,8,0.0016499240882694,0.0406192578375339,0.9848546385765076,0.9597201519629968,0.9326175451278688,0.6619789905154132,0.9326243996620178,0.0180100426077842,0.9762943387031556,0.931977197719772,0.85,0.88,0.82,mlp
CDKN1C_CDKN1A,unseen_combo_fold4,8,0.0012473497772589,0.035317838191986,0.9891982078552246,0.9490703975701466,0.9324523210525512,0.6211780343759354,0.9325242638587952,0.0066176229156553,0.9808592796325684,0.9383738373837384,0.85,0.78,0.81,mlp
CDKN1C_CDKN1B,unseen_combo_fold3,8,0.0014327713288366,0.0378519669175148,0.9870297312736512,0.9529975552595862,0.9031641483306884,0.6018229537899519,0.9032523036003112,0.0075673894025385,0.965347409248352,0.9224842484248424,0.7,0.76,0.74,mlp
CEBPB_CEBPA,unseen_combo_fold3,8,0.0041118115186691,0.0641234070062637,0.972697615623474,0.9407138712969364,0.9407843947410583,0.7741569626575401,0.9431613683700562,0.0140164550393819,0.9825425148010254,0.9471227122712272,0.85,0.84,0.82,mlp
CEBPB_MAPK1,unseen_combo_fold2,8,0.000979586620815,0.0312983468174934,0.992048442363739,0.9530332835567796,0.9630257487297058,0.8025449017528298,0.9637784957885742,0.0057426863349974,0.9871403574943542,0.9722052205220522,0.8,0.84,0.84,mlp
CEBPB_OSR2,unseen_combo_fold1,8,0.0014682917390018,0.0383182950317859,0.9881161451339722,0.9650471060460774,0.9549261331558228,0.8463330491009572,0.9568833708763124,0.0110494140535593,0.9733685851097108,0.944026402640264,0.75,0.88,0.79,mlp
CEBPB_PTPN12,unseen_combo_fold4,8,0.0022171081509441,0.0470861792564392,0.98098224401474,0.9513402190736164,0.8177913427352905,0.6669213807640645,0.8222299218177795,0.0170601643621921,0.8997093439102173,0.8613021302130213,0.4,0.6,0.67,mlp
CEBPE_CEBPA,unseen_combo_fold0,8,0.0026688042562454,0.0516604706645011,0.9823756814002992,0.9586374235820588,0.9681097865104676,0.8575097835335649,0.9690860509872437,0.018800102174282,0.9817676544189452,0.963864386438644,0.9,0.86,0.86,mlp
CEBPE_CEBPB,unseen_combo_fold1,8,0.0027958049904555,0.0528753735125064,0.978079080581665,0.9515859002703454,0.9375227093696594,0.8038589972057387,0.939602553844452,0.0185090322047472,0.9675426483154296,0.9233243324332432,0.85,0.76,0.8,mlp
CEBPE_CNN1,unseen_combo_fold4,8,0.0046884822659194,0.0684724897146225,0.9596532583236694,0.9435110883622576,0.8173179626464844,0.6257017884276211,0.819344162940979,0.0360040105879306,0.9029873609542848,0.8670507050705071,0.55,0.62,0.64,mlp
CEBPE_KLF1,unseen_combo_fold3,8,0.005105550866574,0.0714531391859054,0.9606629014015198,0.9542973842599114,0.635307252407074,0.4871793700280392,0.6420546174049377,0.03914725035429,0.7205494046211243,0.7988718871887188,0.35,0.46,0.52,mlp
CEBPE_PTPN12,unseen_combo_fold0,8,0.0007590651512145,0.0275511369109153,0.9933319687843324,0.9691616578792076,0.9027379155158995,0.6919603763304357,0.9036186337471008,0.00444539450109,0.96062034368515,0.937953795379538,0.7,0.8,0.72,mlp
CEBPE_RUNX1T1,unseen_combo_fold0,8,0.0005033428897149,0.0224353037774562,0.9956350922584534,0.9756803160150088,0.9593343734741212,0.8183713176187317,0.9596591591835022,0.0036434817593544,0.9791606068611144,0.9414101410141014,0.85,0.86,0.78,mlp
CEBPE_SPI1,unseen_combo_fold1,8,0.0060105393640697,0.0775276720523834,0.9574292302131652,0.9425992491766756,0.9399880766868592,0.8156868688045184,0.9409652352333068,0.0728596895933151,0.9625107645988464,0.9146474647464746,0.8,0.72,0.77,mlp
CNN1_MAPK1,unseen_combo_fold1,8,0.0005989794735796,0.0244740564376115,0.994867742061615,0.9635598888337468,0.927966296672821,0.6462326921444475,0.9265553951263428,0.003783700056374,0.978807806968689,0.9282928292829284,0.9,0.72,0.85,mlp
CNN1_UBASH3A,unseen_combo_fold1,8,0.0043821055442094,0.0661974772810936,0.9666405916213988,0.9385868985964771,0.9252786040306092,0.6659698865853438,0.9248364567756652,0.061748381704092,0.961970031261444,0.8845724572457245,0.75,0.66,0.72,mlp
DUSP9_ETS2,unseen_combo_fold2,8,0.0009481767192482,0.0307924784719944,0.9924527406692504,0.9623742244528436,0.9237910509109496,0.6704433898929422,0.9236238598823548,0.0086886044591665,0.9691907167434692,0.9201800180018002,0.8,0.78,0.75,mlp
DUSP9_IGDCC3,unseen_combo_fold3,8,0.0011488975724205,0.0338953919708728,0.991857886314392,0.9594663886261487,0.959610104560852,0.7385343088476294,0.9592220187187196,0.009735913015902,0.9778549671173096,0.9644884488448844,0.75,0.8,0.79,mlp
DUSP9_KLF1,unseen_combo_fold3,8,0.0018142691114917,0.042594239115715,0.9892823696136476,0.9580116002028854,0.9553411602973938,0.709532332813666,0.9557889103889464,0.0241011306643486,0.9713927507400512,0.9316771677167716,0.8,0.78,0.79,mlp
DUSP9_MAPK1,unseen_combo_fold3,8,0.0011518304236233,0.0339386276900768,0.9908312559127808,0.9642709703526244,0.8266626000404358,0.5452331258955944,0.8321370482444763,0.008706378750503,0.8991695046424866,0.87997599759976,0.65,0.7,0.58,mlp
DUSP9_PRTG,unseen_combo_fold0,8,0.0014091095654293,0.037538107484579,0.9902206063270568,0.9584482654346717,0.967288613319397,0.7631652946178389,0.9676939249038696,0.0137609494850039,0.987758994102478,0.9642964296429642,0.75,0.86,0.84,mlp
DUSP9_SNAI1,unseen_combo_fold3,8,0.0078034275211393,0.0883370116353035,0.9367611408233644,0.9385447318827004,0.7334528565406799,0.6863606005335702,0.7370550036430359,0.0582534745335578,0.901378571987152,0.8822442244224422,0.5,0.52,0.6,mlp
ETS2_CEBPE,unseen_combo_fold4,8,0.001109592965804,0.033310554921627,0.9911134839057922,0.9644580780564432,0.960216462612152,0.8216049602682051,0.96121746301651,0.0059628407470881,0.9836944937705994,0.9471947194719472,0.85,0.84,0.78,mlp
ETS2_CNN1,unseen_combo_fold4,8,0.0008134285453706,0.028520667925477,0.9929794073104858,0.950528482040355,0.8874287009239197,0.6411143070088465,0.8876839876174927,0.0050613754428923,0.9532088041305542,0.9112391239123911,0.85,0.64,0.7,mlp
ETS2_IGDCC3,unseen_combo_fold0,8,0.0005336957983672,0.023101856932044,0.9956058859825134,0.9693306391566628,0.9238278865814208,0.6806499958333361,0.9246811270713806,0.0027178006712347,0.9778644442558287,0.9306930693069309,0.7,0.78,0.8,mlp
ETS2_IKZF3,unseen_combo_fold1,8,0.0012947339564561,0.0359824113547802,0.9932419061660768,0.960758728635858,0.979335069656372,0.8235805526816427,0.9794169068336488,0.0154826054349541,0.9947126507759094,0.9735133513351336,0.8,0.86,0.84,mlp
ETS2_MAP7D1,unseen_combo_fold2,8,0.0019806625787168,0.0445046350359916,0.9828278422355652,0.9527893311651724,0.8821067810058594,0.5983373969079665,0.8831973075866699,0.0257140081375837,0.931759774684906,0.8967056705670567,0.6,0.72,0.73,mlp
ETS2_MAPK1,unseen_combo_fold2,8,0.0015865318709984,0.0398312918841838,0.988278031349182,0.9554501903126428,0.9576754570007324,0.7760116140035744,0.9581454396247864,0.019596641883254,0.9734384417533876,0.9492469246924692,0.9,0.88,0.78,mlp
ETS2_PRTG,unseen_combo_fold4,8,0.0007092511514201,0.0266317687928676,0.9940510988235474,0.963933768627496,0.9191096425056458,0.7048890311722658,0.920191526412964,0.0055972123518586,0.9589250683784484,0.9233723372337234,0.6,0.78,0.69,mlp
FEV_CBFA2T3,unseen_combo_fold2,8,0.0057091983035206,0.0755592361092567,0.9619688987731934,0.9302220728295524,0.8707301020622253,0.6898108575813842,0.8766589164733887,0.0632745921611785,0.9075058102607728,0.8588658865886588,0.75,0.7,0.76,mlp
FEV_ISL2,unseen_combo_fold3,8,0.0035083869006484,0.0592316389083862,0.9789372086524964,0.9488214561797652,0.937467098236084,0.7330354301773588,0.9394908547401428,0.0455296598374843,0.9711585640907288,0.9244044404440444,0.75,0.78,0.76,mlp
FEV_MAP7D1,unseen_combo_fold3,8,0.0016615674830973,0.0407623276114463,0.9884192943572998,0.9454342253109924,0.925346612930298,0.6737342212706444,0.9266219735145568,0.0133869815617799,0.96681547164917,0.9355775577557756,0.8,0.82,0.79,mlp
FOSB_CEBPB,unseen_combo_fold1,8,0.0038515713531523,0.0620610304176807,0.9695231318473816,0.9462285624996808,0.9106624126434326,0.7545836926825913,0.9129723906517028,0.0363514795899391,0.9418856501579284,0.8924692469246924,0.7,0.7,0.79,mlp
FOSB_CEBPE,unseen_combo_fold1,8,0.0027091670781373,0.0520496591925621,0.980272114276886,0.9582455556678314,0.945909321308136,0.808606792081091,0.9470321536064148,0.0251118000596761,0.9740968346595764,0.9427662766276628,0.85,0.78,0.8,mlp
FOSB_IKZF3,unseen_combo_fold4,8,0.0012972969561815,0.0360180102288723,0.9910908341407776,0.9595228942984576,0.952847421169281,0.7448922098333567,0.9532623291015624,0.0094310911372303,0.9780881404876708,0.9245484548454844,0.7,0.72,0.77,mlp
FOSB_OSR2,unseen_combo_fold3,8,0.0026752543635666,0.0517228618264198,0.9807559251785278,0.9590235633177,0.93329918384552,0.7728734360131616,0.9366453886032104,0.0360895507037639,0.9533079862594604,0.9061626162616262,0.75,0.84,0.78,mlp
FOSB_PTPN12,unseen_combo_fold4,8,0.0012148243840783,0.0348543301224708,0.9897183179855348,0.9487216891790766,0.7602982521057129,0.4794237140194228,0.7602993845939636,0.0093773892149329,0.8979938626289368,0.8563456345634564,0.6,0.5,0.54,mlp
FOSB_UBASH3B,unseen_combo_fold1,8,0.00066815916216,0.0258487742394208,0.994003176689148,0.9634337783944866,0.8418934345245361,0.5798776624250807,0.8433457612991333,0.0043579661287367,0.9227613806724548,0.8796159615961596,0.6,0.64,0.72,mlp
FOXA1_FOXF1,unseen_combo_fold0,8,0.0009227175032719,0.0303762648254632,0.991670787334442,0.9676589969540308,0.9343819618225098,0.7697343899503105,0.935491383075714,0.0076865078881382,0.9737226963043212,0.9395859585958596,0.65,0.78,0.79,mlp
FOXA1_FOXL2,unseen_combo_fold2,8,0.0008732910500839,0.0295514985918998,0.9919403791427612,0.9593682998310924,0.942284345626831,0.7746330146271059,0.943742036819458,0.0032662760931998,0.9851247072219848,0.9571317131713172,0.8,0.82,0.79,mlp
FOXA1_HOXB9,unseen_combo_fold4,8,0.0013491115532815,0.0367302522063255,0.9889900088310242,0.9650475686027382,0.9578953981399536,0.8329415685096344,0.9590821266174316,0.012649699114263,0.9893096089363098,0.9524632463246324,0.8,0.78,0.84,mlp
FOXA3_FOXA1,unseen_combo_fold4,8,0.0012390257325023,0.035199798643589,0.9886009097099304,0.9606811091515974,0.9393808841705322,0.7957004708275256,0.9405681490898132,0.0106903696432709,0.9758629202842712,0.9407260726072608,0.8,0.8,0.74,mlp
FOXA3_FOXF1,unseen_combo_fold2,8,0.000938317971304,0.0306319762021303,0.9909588098526,0.9625945887382752,0.9222384691238404,0.750949547332317,0.9241785407066344,0.0036975834518671,0.9799264073371888,0.9353855385538554,0.65,0.78,0.79,mlp
FOXA3_FOXL2,unseen_combo_fold0,8,0.0035646553151309,0.0597047358751297,0.9704843759536744,0.9496848619041124,0.90718412399292,0.7800178159438174,0.9089584350585938,0.0323949716985225,0.9619306921958924,0.9031983198319832,0.75,0.7,0.72,mlp
FOXA3_HOXB9,unseen_combo_fold3,8,0.0019421693868935,0.0440700501203537,0.9836409687995912,0.9570937126740356,0.933418869972229,0.8058914126487271,0.9357394576072692,0.0193079337477684,0.9702648520469666,0.8873687368736873,0.55,0.7,0.82,mlp
FOXF1_FOXL2,unseen_combo_fold4,8,0.0019016613950952,0.0436080433428287,0.9834858775138856,0.9558409386677924,0.94254332780838,0.7931241810611549,0.9437578916549684,0.0176893658936023,0.9798707365989684,0.9493309330933092,0.8,0.8,0.82,mlp
FOXF1_HOXB9,unseen_combo_fold1,8,0.001032741041854,0.0321362875401973,0.990628719329834,0.9615995935170976,0.9297984838485718,0.7709731337840263,0.9316860437393188,0.0052969055250287,0.9749836325645448,0.931881188118812,0.7,0.76,0.8,mlp
FOXL2_HOXB9,unseen_combo_fold3,8,0.0022062396164983,0.0469706244766712,0.981587529182434,0.9518670237413775,0.9121299386024476,0.7475706483929153,0.9146745204925536,0.0168182924389839,0.9640830159187316,0.9078187818781878,0.5,0.7,0.76,mlp
FOXL2_MEIS1,unseen_combo_fold3,8,0.0015394947258755,0.0392363965511322,0.9867963790893556,0.9585735059949252,0.9147897958755492,0.728048040200754,0.9168298840522766,0.0171290878206491,0.968942403793335,0.9032223222322232,0.75,0.72,0.77,mlp
IGDCC3_MAPK1,unseen_combo_fold3,8,0.0008265331853181,0.0287494901567697,0.9929778575897216,0.9641547018840058,0.894446611404419,0.6665065285792311,0.8943167328834534,0.0062883468344807,0.9471166729927064,0.916027602760276,0.7,0.76,0.71,mlp
IGDCC3_PRTG,unseen_combo_fold2,8,0.001245331717655,0.0352892577648162,0.989465057849884,0.9552292378120872,0.9244236350059508,0.6544444289134945,0.9248510003089904,0.0075368355028331,0.9714601635932922,0.9366816681668166,0.6,0.82,0.77,mlp
IGDCC3_ZBTB25,unseen_combo_fold4,8,0.0030471428763121,0.0552009306848049,0.9743931293487548,0.944520051534836,0.928257167339325,0.6512462380393889,0.9282490611076356,0.0361037105321884,0.9763208627700806,0.9215241524152415,0.8,0.72,0.76,mlp
IRF1_SET,unseen_combo_fold0,8,0.0033846059814095,0.0581773668527603,0.9719105362892152,0.9405711019698382,0.8715452551841736,0.7211642724130568,0.8740674257278442,0.036625899374485,0.9159858226776124,0.8663426342634264,0.65,0.68,0.68,mlp
JUN_CEBPA,unseen_combo_fold1,8,0.0062774447724223,0.0792303308844566,0.9628733396530152,0.9274880237683324,0.9323052167892456,0.7525502097005659,0.9348000288009644,0.0539155229926109,0.9622267484664916,0.901914191419142,0.8,0.78,0.8,mlp
JUN_CEBPB,unseen_combo_fold3,8,0.0052924090996384,0.0727489441633224,0.9595926403999328,0.9311855583409664,0.8729197382926941,0.6861319158732073,0.8775529861450195,0.048049334436655,0.9464780688285828,0.9106630663066306,0.7,0.78,0.65,mlp
KIF18B_KIF2C,unseen_combo_fold0,8,0.0013709577033296,0.0370264463126659,0.9879918694496156,0.948201764559768,0.5363751649856567,0.2150794060982548,0.5393036603927612,0.0114181200042366,0.7785317897796631,0.8046564656465647,0.35,0.42,0.42,mlp
KLF1_BAK1,unseen_combo_fold2,8,0.0007823492051102,0.0279705058783292,0.9941535592079164,0.9609279788226046,0.931343138217926,0.5161078333739423,0.9312835335731506,0.0092746764421463,0.9636857509613036,0.9266966696669668,0.8,0.74,0.71,mlp
KLF1_CEBPA,unseen_combo_fold0,8,0.0043934355489909,0.066282995045185,0.9688715934753418,0.9585202939312232,0.9040299654006958,0.7971923286302776,0.9061174392700196,0.0421946048736572,0.9221526384353638,0.8918091809180918,0.85,0.78,0.78,mlp
KLF1_CLDN6,unseen_combo_fold2,8,0.0027703768573701,0.0526343695819377,0.9799678921699524,0.9436728602780812,0.8962963223457336,0.6068310949319544,0.8954706192016602,0.0371672436594963,0.9214168787002563,0.921860186018602,0.8,0.68,0.65,mlp
KLF1_COL2A1,unseen_combo_fold1,8,0.0033492988441139,0.0578731261193752,0.9737367630004884,0.9455351616660704,0.7898203134536743,0.6108122017603389,0.791659414768219,0.0379373058676719,0.8523896336555481,0.870963096309631,0.65,0.62,0.58,mlp
KLF1_FOXA1,unseen_combo_fold1,8,0.0018945079063996,0.0435259453952312,0.9855570793151855,0.956109365100674,0.8385529518127441,0.5923855755232685,0.83882075548172,0.0227547604590654,0.8585774898529053,0.8736033603360336,0.65,0.72,0.69,mlp
KLF1_MAP2K6,unseen_combo_fold4,8,0.0007423984352499,0.0272469893097877,0.99468731880188,0.9511000754824036,0.9363692998886108,0.5719705401996482,0.935766339302063,0.0081255855038762,0.9782567620277404,0.9365016501650164,0.8,0.7,0.69,mlp
KLF1_TGFBR2,unseen_combo_fold1,8,0.0005599961732514,0.0236642379313707,0.9959958791732788,0.9635957187971376,0.9635062217712402,0.5893076179305319,0.9636308550834656,0.0053963270038366,0.9861909747123718,0.9536633663366336,0.8,0.84,0.77,mlp
LHX1_ELMSAN1,unseen_combo_fold2,8,0.001959963934496,0.0442714802920818,0.9829993844032288,0.9404064451909832,0.8295167088508606,0.4963105228528065,0.8307665586471558,0.024108912795782,0.9087217450141908,0.8884608460846085,0.6,0.58,0.62,mlp
LYL1_CEBPB,unseen_combo_fold4,8,0.0027749796863645,0.0526780746877193,0.9760850071907043,0.9461330738663712,0.8096955418586731,0.6856173255610333,0.8142591714859009,0.0243550892919302,0.8731403946876526,0.8840804080408041,0.6,0.6,0.62,mlp
LYL1_IER5L,unseen_combo_fold2,8,0.0018459341954439,0.0429643355309963,0.9838228821754456,0.9546389727295926,0.8752742409706116,0.706867262491857,0.8768013119697571,0.0218740366399288,0.921241044998169,0.9165796579657964,0.65,0.66,0.69,mlp
MAP2K3_ELMSAN1,unseen_combo_fold1,8,0.001169494818896,0.0341978780925273,0.9910561442375184,0.9426014512068732,0.8389942646026611,0.5830322896858249,0.8388329744338989,0.0120745720341801,0.9104207754135132,0.8745754575457546,0.5,0.6,0.72,mlp
MAP2K3_IKZF3,unseen_combo_fold0,8,0.0021303836256265,0.0461560785770416,0.9870337247848512,0.9649861485366148,0.9550620317459106,0.706151038585628,0.9549108743667604,0.0327017493546009,0.9700626134872437,0.9194359435943594,0.8,0.7,0.75,mlp
MAP2K3_MAP2K6,unseen_combo_fold1,8,0.0007503434317186,0.0273923967033624,0.9938786625862122,0.9516879963664432,0.72931969165802,0.5105852155530206,0.7292881011962891,0.0079187955707311,0.7757638692855835,0.8403360336033603,0.6,0.72,0.67,mlp
MAP2K3_SLC38A2,unseen_combo_fold1,8,0.0007030876586213,0.0265158005058765,0.9941943287849426,0.9527660468414,0.7573339343070984,0.4635415599888515,0.7575093507766724,0.0068942797370254,0.8999027013778687,0.8929372937293729,0.45,0.6,0.66,mlp
MAP2K6_ELMSAN1,unseen_combo_fold2,8,0.0005012873443774,0.0223894473165273,0.9959286451339722,0.9533464690377204,0.8799924254417419,0.5989359787940709,0.8795861005783081,0.0046482230536639,0.9434158802032472,0.8823762376237624,0.75,0.72,0.75,mlp
MAP2K6_IKZF3,unseen_combo_fold2,8,0.0010542548261582,0.0324692912399768,0.9930616021156312,0.9550336638774296,0.9677453637123108,0.6875462674252482,0.9677724838256836,0.0090378290042281,0.9887199401855468,0.9355175517551756,0.85,0.72,0.78,mlp
MAP2K6_SPI1,unseen_combo_fold2,8,0.0014232328394427,0.0377257578074932,0.9866641759872437,0.9435550058573744,0.7995538115501404,0.5499077293459309,0.7988206744194031,0.009252505376935,0.91183203458786,0.8903570357035704,0.6,0.6,0.63,mlp
MAPK1_IKZF3,unseen_combo_fold2,8,0.0010229668114334,0.0319838523864746,0.992701530456543,0.9509500234481632,0.9564015865325928,0.7568785751799286,0.9570627808570862,0.0067460048012435,0.9805917143821716,0.9511671167116712,0.85,0.84,0.82,mlp
MAPK1_PRTG,unseen_combo_fold1,8,0.0008143783779814,0.0285373162478208,0.9931910634040833,0.9643000605111842,0.9035101532936096,0.702541772642266,0.9044156670570374,0.0075824242085218,0.9404523372650146,0.8993579357935794,0.75,0.7,0.74,mlp
MAPK1_TGFBR2,unseen_combo_fold3,8,0.0008847842691466,0.0297453235834836,0.9927219152450562,0.9673062369118168,0.939264476299286,0.7044039172658793,0.9393305778503418,0.010104184038937,0.9685162305831908,0.9544674467446744,0.9,0.88,0.72,mlp
PLK4_STIL,unseen_combo_fold1,8,0.0032123455312103,0.0566775575280189,0.9707522392272948,0.9347928143651124,0.7365748286247253,0.470704345746995,0.7330250144004822,0.0338203348219394,0.9179141521453856,0.8840804080408041,0.65,0.52,0.52,mlp
POU3F2_CBFA2T3,unseen_combo_fold0,8,0.0014537372626364,0.0381279066205024,0.9871641993522644,0.9575286398549157,0.8758543133735657,0.7109472143964459,0.8795098662376404,0.0097214337438344,0.9500032067298888,0.9073627362736274,0.6,0.68,0.65,mlp
POU3F2_FOXL2,unseen_combo_fold0,8,0.0015691539738327,0.0396125465631485,0.9875028133392334,0.9553650467720368,0.9302271604537964,0.7768649297637396,0.9315165281295776,0.0145093854516744,0.9714913964271544,0.9197119711971196,0.75,0.78,0.8,mlp
PRDM1_CBFA2T3,unseen_combo_fold0,8,0.0042284922674298,0.0650268569588661,0.967869222164154,0.9319530601921252,0.8897696733474731,0.6755077210367674,0.8915871977806091,0.0385940372943878,0.955791175365448,0.9166036603660366,0.5,0.68,0.76,mlp
PTPN12_OSR2,unseen_combo_fold2,8,0.001087148906663,0.032971940934658,0.990306317806244,0.9556329458794158,0.6619601249694824,0.4539565863847774,0.6732591390609741,0.0082422327250242,0.783389687538147,0.7221602160216022,0.5,0.4,0.44,mlp
PTPN12_PTPN9,unseen_combo_fold1,8,0.0010391457471996,0.0322357825934886,0.9913949966430664,0.9599154699523726,0.9653747081756592,0.730687851720866,0.9652907848358154,0.0132413376122713,0.9887126088142396,0.9298049804980498,0.85,0.76,0.83,mlp
PTPN12_SNAI1,unseen_combo_fold2,8,0.0009555242140777,0.0309115555137395,0.9906449317932128,0.9542282728804246,0.8359527587890625,0.6414224867841337,0.8360795378684998,0.0066460305824875,0.9296719431877136,0.8857005700570058,0.5,0.64,0.71,mlp
PTPN12_UBASH3A,unseen_combo_fold2,8,0.0022934922017157,0.0478904172778129,0.9821195006370544,0.9494698825221358,0.9589691758155824,0.7082515423428345,0.9588826894760132,0.0349940955638885,0.9877364039421082,0.9352535253525353,0.85,0.82,0.8,mlp
PTPN12_ZBTB25,unseen_combo_fold4,8,0.000971101631876,0.03116250410676,0.9926050305366516,0.950319974714591,0.9681447744369508,0.7068325436595287,0.9678428173065186,0.0102427778765559,0.9882255792617798,0.9147674767476748,0.85,0.78,0.84,mlp
RHOXF2_SET,unseen_combo_fold3,8,0.0025656004436314,0.0506517551839351,0.9813361763954164,0.9461766859725284,0.8791816234588623,0.7369161844782546,0.8839020729064941,0.0241354256868362,0.9323548078536988,0.877983798379838,0.55,0.64,0.69,mlp
RHOXF2_ZBTB25,unseen_combo_fold3,8,0.0015070455847308,0.0388206839561462,0.988537073135376,0.95061777960555,0.9400485157966614,0.7198399219954014,0.9402868747711182,0.0098735466599464,0.9843118786811828,0.9345454545454546,0.75,0.72,0.77,mlp
SAMD1_PTPN12,unseen_combo_fold0,8,0.0008260848699137,0.0287416912615299,0.993575930595398,0.9590531283471608,0.9650117754936218,0.7507893267542614,0.96499502658844,0.0058524506166577,0.990096926689148,0.9116951695169516,0.85,0.78,0.79,mlp
SAMD1_TGFBR2,unseen_combo_fold0,8,0.0018128807423636,0.0425779372453689,0.9845468401908876,0.9502938615780662,0.8832408785820007,0.562043033994034,0.8837525844573975,0.0135090555995702,0.9659950733184814,0.891965196519652,0.75,0.64,0.64,mlp
SAMD1_UBASH3B,unseen_combo_fold4,8,0.0011597092961892,0.0340545065701007,0.9904719591140748,0.9562753675704488,0.9564841985702516,0.719581157123449,0.9566651582717896,0.0124232051894068,0.9850531816482544,0.9315451545154516,0.9,0.8,0.78,mlp
SAMD1_ZBTB1,unseen_combo_fold3,8,0.0012327710865065,0.0351108387112617,0.9909924268722534,0.9594051159463388,0.9521840214729308,0.7342503511972833,0.9524415135383606,0.0098513737320899,0.9814515709877014,0.9452145214521452,0.85,0.82,0.81,mlp
SET_CEBPE,unseen_combo_fold0,8,0.0053238803520798,0.0729649290442466,0.9546642899513244,0.9432317629347472,0.7835802435874939,0.6412808055813856,0.7854496836662292,0.0344534404575824,0.8790207505226135,0.893921392139214,0.5,0.6,0.6,mlp
SET_KLF1,unseen_combo_fold0,8,0.002017282648012,0.0449141710996627,0.9854090213775636,0.9421594412107652,0.8721749782562256,0.6741507316963601,0.8725298643112183,0.0183375291526317,0.9326951503753662,0.9108670867086708,0.5,0.68,0.7,mlp
SGK1_S1PR2,unseen_combo_fold0,8,0.0026315122377127,0.0512982681393623,0.9786196947097778,0.944634544168136,0.8946908116340637,0.7034400862519525,0.8952792882919312,0.0318403579294681,0.936790406703949,0.9065226522652264,0.75,0.7,0.76,mlp
SGK1_TBX2,unseen_combo_fold4,8,0.0011108010075986,0.0333286821842193,0.9909865260124208,0.942187684509707,0.9424747824668884,0.7415603047204191,0.9412473440170288,0.0079175187274813,0.9771503806114196,0.9318091809180918,0.65,0.74,0.75,mlp
SGK1_TBX3,unseen_combo_fold0,8,0.001720764208585,0.0414820946753025,0.9854453802108764,0.942757311058264,0.9266922473907472,0.6708504954056149,0.9264079332351683,0.0141104040667414,0.9710610508918762,0.905826582658266,0.65,0.72,0.75,mlp
SNAI1_DLX2,unseen_combo_fold4,8,0.0025515775196254,0.0505131408572196,0.9742026329040528,0.9332925471759804,0.893775999546051,0.6796773524904627,0.8931761384010315,0.0201864670962095,0.9474036693572998,0.8975817581758175,0.75,0.66,0.72,mlp
SNAI1_UBASH3B,unseen_combo_fold4,8,0.0010406470391899,0.0322590619325637,0.990243911743164,0.9484734092394336,0.8509588241577148,0.6517743892595809,0.8461180925369263,0.0072091561742126,0.9347810745239258,0.8918211821182118,0.7,0.66,0.65,mlp
TBX3_TBX2,unseen_combo_fold0,8,0.0009334949427284,0.0305531490594148,0.992096781730652,0.9513502228927616,0.9527578949928284,0.6824578392368427,0.952691376209259,0.0081210108473896,0.9871170520782472,0.9117431743174318,0.8,0.74,0.79,mlp
TGFBR2_C19orf26,unseen_combo_fold3,8,0.0015963994665071,0.0399549677968025,0.9864489436149596,0.9624603171747592,0.883689820766449,0.6122893383386475,0.8839718699455261,0.0214056111872196,0.9348573088645936,0.8962376237623763,0.65,0.68,0.64,mlp
TGFBR2_ETS2,unseen_combo_fold4,8,0.0005854911287315,0.0241969246417284,0.9949352741241456,0.9609761374646958,0.8651814460754395,0.5282150609499845,0.8670904636383057,0.003734478726983,0.9454947710037231,0.918175817581758,0.75,0.76,0.75,mlp
TGFBR2_IGDCC3,unseen_combo_fold3,8,0.0005692454287782,0.0238588638603687,0.995212197303772,0.9655866343477406,0.9491432905197144,0.689341840490105,0.9491952061653136,0.0027994757983833,0.9840859174728394,0.9483588358835884,0.8,0.8,0.72,mlp
TGFBR2_PRTG,unseen_combo_fold2,8,0.000643367820885,0.0253646969795227,0.9945318102836608,0.9594326056877344,0.9522859454154968,0.6984306188886847,0.9525119662284852,0.003930564969778,0.982671856880188,0.9389018901890188,0.65,0.82,0.74,mlp
TMSB4X_BAK1,unseen_combo_fold4,8,0.0010125922271981,0.0318212546408176,0.9921241402626038,0.9494337918628114,0.8452180624008179,0.2330854514297398,0.8411741256713867,0.0126923630014061,0.9425222277641296,0.8696549654965496,0.65,0.52,0.47,mlp
UBASH3B_CNN1,unseen_combo_fold2,8,0.0020550517365336,0.0453326776623725,0.9866304993629456,0.9467953614627546,0.9702200293540956,0.7404994411874066,0.9699351191520692,0.0314055681228637,0.9880428314208984,0.9332853285328532,0.8,0.88,0.86,mlp
UBASH3B_OSR2,unseen_combo_fold2,8,0.000902401341591,0.0300399959087371,0.9918994307518004,0.9612915743856004,0.7074776887893677,0.5125463045395641,0.7195821404457092,0.0066231256350874,0.8135097026824951,0.7868346834683468,0.55,0.52,0.5,mlp
UBASH3B_PTPN12,unseen_combo_fold1,8,0.0012116349535062,0.0348085463047027,0.9911527037620544,0.9576728975984728,0.9658040404319764,0.7365908612635547,0.9657724499702454,0.0159016754478216,0.9914770126342772,0.9276927692769276,0.9,0.78,0.84,mlp
UBASH3B_PTPN9,unseen_combo_fold4,8,0.0012799311662092,0.0357761271297931,0.9894026517868042,0.9572007456763908,0.9581448435783386,0.7300545154530718,0.9573014378547668,0.0163789838552474,0.9870203137397766,0.9465106510651063,0.7,0.8,0.81,mlp
UBASH3B_UBASH3A,unseen_combo_fold1,8,0.0007612180779688,0.0275901816785335,0.993187665939331,0.9579676765502022,0.9234748482704164,0.6712986168640583,0.9234736561775208,0.0053986017592251,0.968068301677704,0.922160216021602,0.75,0.78,0.73,mlp
UBASH3B_ZBTB25,unseen_combo_fold4,8,0.0011824485845863,0.0343867503106594,0.9902666807174684,0.9493125253984426,0.9572758078575134,0.6881413380838763,0.9565522074699402,0.0143814980983734,0.9841662049293518,0.9325292529252924,0.85,0.72,0.75,mlp
ZBTB10_DLX2,unseen_combo_fold3,8,0.0066739460453391,0.0816942229866981,0.9416830539703368,0.9277382518913544,0.8698897957801819,0.7143522198694856,0.8709477782249451,0.0758072733879089,0.9230748414993286,0.8887368736873688,0.7,0.62,0.73,mlp
ZBTB10_ELMSAN1,unseen_combo_fold2,8,0.003849086118862,0.0620410032570362,0.9667145609855652,0.9359454628400302,0.864833414554596,0.6588329393279164,0.8686553239822388,0.0419550687074661,0.9449777603149414,0.9145274527452746,0.75,0.64,0.64,mlp
ZBTB10_PTPN12,unseen_combo_fold0,8,0.0024379894603043,0.0493759997189044,0.9790746569633484,0.9552653889552004,0.8525269031524658,0.742841200100133,0.8546549081802368,0.0099704377353191,0.9541861414909364,0.8968856885688569,0.55,0.64,0.7,mlp
ZBTB10_SNAI1,unseen_combo_fold2,8,0.0033292893785983,0.0576999932527542,0.9715701937675476,0.9353659970009258,0.9146648049354552,0.7730738783282105,0.9163856506347656,0.0210153553634881,0.9677192568778992,0.93009300930093,0.75,0.72,0.75,mlp
ZC3HAV1_CEBPA,unseen_combo_fold1,8,0.0035567828454077,0.0596387684345245,0.9763019680976868,0.949586769296264,0.9454333782196044,0.7777168278737755,0.946912407875061,0.0385589972138404,0.971650004386902,0.9501830183018302,0.8,0.78,0.81,mlp
ZC3HAV1_CEBPE,unseen_combo_fold3,8,0.0033885797020047,0.0582115091383457,0.9708205461502076,0.9528819019679512,0.8190598487854004,0.5524389360090074,0.8191114068031311,0.0279729273170232,0.909501612186432,0.8883648364836484,0.6,0.7,0.65,mlp
ZC3HAV1_HOXC13,unseen_combo_fold3,8,0.0011657057330012,0.0341424345970153,0.9904628992080688,0.9517953103686132,0.831664502620697,0.6189922801533617,0.8339287638664246,0.0108746076002717,0.9132471680641174,0.9021542154215422,0.55,0.64,0.73,mlp
ZNF318_FOXL2,unseen_combo_fold3,8,0.0017984880832955,0.0424085855484008,0.9833446145057678,0.953124307552338,0.7722270488739014,0.6356328807049895,0.7709800601005554,0.0163749922066926,0.8742376565933228,0.9008820882088208,0.6,0.56,0.59,mlp
AHR_FEV,unseen_combo_fold0,8,0.0042917518876492,0.0655114650726318,0.9752619862556458,0.9702617012885596,0.9303005337715148,0.8084940147890792,0.9340888261795044,0.0569442361593246,0.9601247310638428,0.8766876687668766,0.6,0.76,0.68,ridge_reactome
AHR_KLF1,unseen_combo_fold2,8,0.0015113890403881,0.0388765856623649,0.9895306825637816,0.9671338968309748,0.8877540826797485,0.493956352342442,0.8896725177764893,0.010517300106585,0.9441690444946288,0.8601260126012601,0.75,0.7,0.62,ridge_reactome
BCL2L11_BAK1,unseen_combo_fold0,8,0.0006787179154343,0.0260522160679101,0.9943004846572876,0.9586413100596092,0.4229564666748047,0.193406667843511,0.4300825297832489,0.0043796687386929,0.6734999418258667,0.6747194719471947,0.35,0.24,0.32,ridge_reactome
BCL2L11_TGFBR2,unseen_combo_fold0,8,0.0009743565460667,0.0312146842479705,0.9917920231819152,0.956248869311379,0.4911501109600067,0.1515099418970281,0.4904698431491852,0.0106696859002113,0.716774046421051,0.5796579657965797,0.5,0.4,0.34,ridge_reactome
BPGM_SAMD1,unseen_combo_fold0,8,0.0009074302506633,0.0301235821098089,0.993043839931488,0.975436892188308,0.9659538269042968,0.7463642732915368,0.9656824469566344,0.0091702919453382,0.9918769598007202,0.9311851185118512,0.85,0.8,0.8,ridge_reactome
BPGM_ZBTB1,unseen_combo_fold1,8,0.000795165891759,0.0281986854970455,0.9942866563796996,0.9545280222594232,0.966359317302704,0.7025019331319962,0.9655011892318726,0.0043975058943033,0.990472972393036,0.9490909090909092,0.9,0.8,0.77,ridge_reactome
C3orf72_FOXL2,unseen_combo_fold4,8,0.0049108313396573,0.0700773224234581,0.9560328125953674,0.9230519421775296,0.7864526510238647,0.5792091139745564,0.7880072593688965,0.0265427995473146,0.911587119102478,0.8947974797479747,0.5,0.6,0.58,ridge_reactome
CBL_CNN1,unseen_combo_fold1,8,0.0016076500760391,0.0400955118238925,0.9886202216148376,0.9549338121962352,0.9642207622528076,0.7583106964098847,0.9641252756118774,0.0175427328795194,0.9831869602203368,0.9392619261926192,0.8,0.86,0.76,ridge_reactome
CBL_PTPN12,unseen_combo_fold1,8,0.0024240990169346,0.049235139042139,0.9819381833076476,0.9119096356286824,0.8916172981262207,0.5515831894843459,0.8888693451881409,0.0185966305434703,0.9603278636932372,0.8822922292229223,0.65,0.6,0.62,ridge_reactome
CBL_PTPN9,unseen_combo_fold3,8,0.0008752633002586,0.0295848492532968,0.9932296872138976,0.959789232316634,0.955592393875122,0.6794331782957007,0.954164981842041,0.0048408615402877,0.986117422580719,0.9083348334833484,0.8,0.82,0.78,ridge_reactome
CBL_TGFBR2,unseen_combo_fold2,8,0.0012047691270709,0.0347097851336002,0.9897042512893676,0.95571605419951,0.9049431085586548,0.5658673429662799,0.9046439528465272,0.0067338263615965,0.967947244644165,0.8686348634863487,0.55,0.58,0.69,ridge_reactome
CBL_UBASH3A,unseen_combo_fold4,8,0.002462513744831,0.0496237203478813,0.9805335998535156,0.9383533248052836,0.8692231774330139,0.5303604449254508,0.8690199851989746,0.0162068363279104,0.9480573534965516,0.8988178817881788,0.65,0.64,0.6,ridge_reactome
CBL_UBASH3B,unseen_combo_fold4,8,0.0021963734179735,0.0468654818832874,0.9834572076797484,0.952576537441151,0.9602479934692384,0.754701591834483,0.9599688053131104,0.0298039428889751,0.9821888208389282,0.9296009600960096,0.8,0.74,0.75,ridge_reactome
CDKN1B_CDKN1A,unseen_combo_fold0,8,0.0027525648474693,0.0524648912250995,0.9746975898742676,0.9290363321530802,0.8320849537849426,0.5038237346431562,0.8318568468093872,0.0190362632274627,0.9496110677719116,0.8996819681968197,0.75,0.7,0.73,ridge_reactome
CDKN1C_CDKN1A,unseen_combo_fold4,8,0.001798924175091,0.0424137264490127,0.9842167496681212,0.9406830245661189,0.9061800837516784,0.5693567690259439,0.9063711166381836,0.0079058548435568,0.9736976027488708,0.912931293129313,0.8,0.72,0.76,ridge_reactome
CDKN1C_CDKN1B,unseen_combo_fold3,8,0.0015068884240463,0.0388186611235141,0.9865664839744568,0.9485080224863376,0.8862384557723999,0.5389494969566209,0.8863719701766968,0.0080225523561239,0.9706314206123352,0.924008400840084,0.75,0.72,0.67,ridge_reactome
CEBPB_CEBPA,unseen_combo_fold3,8,0.0038297914434224,0.0618853084743022,0.9745492935180664,0.9445782351899312,0.9426589012145996,0.7791401706590851,0.9450111985206604,0.0139865456148982,0.9809257388114928,0.9505550555055504,0.85,0.9,0.82,ridge_reactome
CEBPB_MAPK1,unseen_combo_fold2,8,0.0036437788512557,0.0603637211024761,0.9718742966651917,0.9377589571406464,0.8940470814704895,0.7065281654233849,0.8964225053787231,0.0188955515623092,0.9564517140388488,0.9208400840084008,0.7,0.7,0.73,ridge_reactome
CEBPB_OSR2,unseen_combo_fold1,8,0.0025460792239755,0.050458688288927,0.9808017015457152,0.962120509549202,0.9279704689979552,0.8326921733540251,0.9309433102607728,0.0228944793343544,0.948848843574524,0.9224722472247224,0.65,0.82,0.74,ridge_reactome
CEBPB_PTPN12,unseen_combo_fold4,8,0.0047836038284003,0.0691636055707931,0.9603129029273988,0.9162256744490944,0.7410067915916443,0.5432455868388838,0.7449479699134827,0.0357122905552387,0.852981448173523,0.8228142814281428,0.3,0.46,0.59,ridge_reactome
CEBPE_CEBPA,unseen_combo_fold0,8,0.0060322615318,0.0776676386594772,0.9698087573051452,0.9562145550848704,0.9699020385742188,0.8664179716281488,0.9711427688598632,0.0701699554920196,0.9793290495872498,0.96014401440144,0.9,0.86,0.86,ridge_reactome
CEBPE_CEBPB,unseen_combo_fold1,8,0.0082483291625976,0.0908203125,0.9338762760162354,0.914149207844874,0.8254907131195068,0.6486778133132134,0.8324434161186218,0.0959603786468505,0.8915718793869019,0.8248424842484249,0.75,0.62,0.64,ridge_reactome
CEBPE_CNN1,unseen_combo_fold4,8,0.0024091359227895,0.0490829497575759,0.9785010814666748,0.969722007901171,0.8392737507820129,0.6728916552051307,0.8415061831474304,0.0202944129705429,0.9069229364395142,0.8502010201020102,0.65,0.64,0.69,ridge_reactome
CEBPE_KLF1,unseen_combo_fold3,8,0.0028253891505301,0.0531543903052806,0.9783143997192384,0.9643725908978944,0.7601755857467651,0.5633547196061767,0.7639211416244507,0.0235253684222698,0.8264398574829102,0.8544854485448545,0.45,0.56,0.6,ridge_reactome
CEBPE_PTPN12,unseen_combo_fold0,8,0.001115238876082,0.0333951935172081,0.9903774857521056,0.9708479760024962,0.8884525299072266,0.6855071223790823,0.8892635107040405,0.0070111830718815,0.9523686766624452,0.9376537653765376,0.65,0.74,0.69,ridge_reactome
CEBPE_RUNX1T1,unseen_combo_fold0,8,0.000386180327041,0.0196514707058668,0.9966094493865968,0.9862483541235426,0.9690247178077698,0.8634426650957294,0.9694389700889589,0.0028000120073556,0.984740436077118,0.9427902790279028,0.8,0.86,0.85,ridge_reactome
CEBPE_SPI1,unseen_combo_fold1,8,0.0165757443755865,0.128746822476387,0.8752952814102173,0.8863319286390129,0.7708710432052612,0.6203345629617718,0.7727879881858826,0.2245826721191406,0.8071407675743103,0.7293009300930093,0.5,0.6,0.62,ridge_reactome
CNN1_MAPK1,unseen_combo_fold1,8,0.0012939451262354,0.0359714478254318,0.9890279173851012,0.9698225761701692,0.8543858528137207,0.6302425651944017,0.8548349142074585,0.0071420837193727,0.9472034573554992,0.9146114611461146,0.75,0.78,0.82,ridge_reactome
CNN1_UBASH3A,unseen_combo_fold1,8,0.002949051791802,0.0543051734566688,0.977490246295929,0.9566321407971504,0.9467193484306335,0.7014521416611992,0.946718156337738,0.0396607816219329,0.9710729718208312,0.903906390639064,0.8,0.72,0.71,ridge_reactome
DUSP9_ETS2,unseen_combo_fold2,8,0.0014057512162253,0.037493348121643,0.98901104927063,0.9755874701020248,0.8873792886734009,0.6757712523095599,0.8882355093955994,0.0107176359742879,0.9415960907936096,0.9133273327332734,0.75,0.74,0.75,ridge_reactome
DUSP9_IGDCC3,unseen_combo_fold3,8,0.0007785038906149,0.0279016830027103,0.9945327639579772,0.9662865819519442,0.9733774065971376,0.8201954427510989,0.9728338718414308,0.0059273545630276,0.9877148866653442,0.9693849384938494,0.8,0.88,0.83,ridge_reactome
DUSP9_KLF1,unseen_combo_fold3,8,0.0018477473640814,0.0429854318499565,0.988789975643158,0.9660827078050856,0.9560312032699584,0.730968432821877,0.9565224647521972,0.0260923355817794,0.967690885066986,0.9296369636963696,0.7,0.78,0.81,ridge_reactome
DUSP9_MAPK1,unseen_combo_fold3,8,0.0028144971001893,0.053051833063364,0.9772785305976868,0.9535799687407256,0.5544754266738892,0.3604473933075006,0.5653141140937805,0.0284769255667924,0.6455734372138977,0.7046864686468647,0.4,0.38,0.44,ridge_reactome
DUSP9_PRTG,unseen_combo_fold0,8,0.0010546271223574,0.0324750244617462,0.9926778674125672,0.9669865456643558,0.966621458530426,0.8032492233240447,0.967064619064331,0.0066206492483615,0.9864750504493712,0.9606480648064808,0.65,0.9,0.84,ridge_reactome
DUSP9_SNAI1,unseen_combo_fold3,8,0.0049540824256837,0.0703852400183677,0.9590429067611694,0.9588305481071574,0.8634994029998779,0.7603346887212218,0.866610586643219,0.046523667871952,0.9452342987060548,0.8977497749774977,0.6,0.66,0.68,ridge_reactome
ETS2_CEBPE,unseen_combo_fold4,8,0.0013121216325089,0.036223217844963,0.9894917011260986,0.9730270678107166,0.9560830593109132,0.8263228128784225,0.9572399258613586,0.0142176989465951,0.9763522148132324,0.941038103810381,0.9,0.84,0.82,ridge_reactome
ETS2_CNN1,unseen_combo_fold4,8,0.0013647748855873,0.036942858248949,0.988516628742218,0.9731090979994944,0.8870013952255249,0.6752479660321699,0.8874678611755371,0.0148666203022003,0.93041330575943,0.9192799279927992,0.7,0.64,0.72,ridge_reactome
ETS2_IGDCC3,unseen_combo_fold0,8,0.000870457442943,0.0295035149902105,0.9926501512527466,0.9769689084987158,0.8706424832344055,0.6737825066221526,0.8724241256713867,0.0060023157857358,0.9564034938812256,0.925988598859886,0.65,0.66,0.69,ridge_reactome
ETS2_IKZF3,unseen_combo_fold1,8,0.0009540431783534,0.0308875888586044,0.9947646260261536,0.974103129776326,0.980750858783722,0.8613976676603017,0.980847179889679,0.0107757886871695,0.9916748404502868,0.967056705670567,0.75,0.88,0.86,ridge_reactome
ETS2_MAP7D1,unseen_combo_fold2,8,0.0019753435626626,0.0444448366761207,0.9828854203224182,0.9721563059233091,0.9035331606864928,0.6474310269207868,0.9035347104072572,0.0267381090670824,0.9483469724655152,0.922004200420042,0.65,0.78,0.77,ridge_reactome
ETS2_MAPK1,unseen_combo_fold2,8,0.0036408170126378,0.0603391826152801,0.9730713367462158,0.956769782598878,0.9253748655319214,0.7147247947275558,0.925788640975952,0.0524778068065643,0.9526469111442566,0.9317131713171316,0.85,0.86,0.77,ridge_reactome
ETS2_PRTG,unseen_combo_fold4,8,0.0007290262728929,0.0270004868507385,0.9939078092575072,0.9741281737075964,0.917226016521454,0.7164598254286011,0.9179862141609192,0.0047810059040784,0.9719086289405824,0.924068406840684,0.7,0.76,0.71,ridge_reactome
FEV_CBFA2T3,unseen_combo_fold2,8,0.0062956968322396,0.0793454274535179,0.9601100087165833,0.9570271772550458,0.9132700562477112,0.7824306288145526,0.9173004031181335,0.083102636039257,0.9319043159484864,0.8837923792379238,0.75,0.74,0.81,ridge_reactome
FEV_ISL2,unseen_combo_fold3,8,0.0028954516164958,0.0538094006478786,0.9828482270240784,0.970881408942808,0.9623377323150636,0.8045980527147496,0.9639710187911988,0.0396957732737064,0.984572410583496,0.9546114611461146,0.8,0.86,0.84,ridge_reactome
FEV_MAP7D1,unseen_combo_fold3,8,0.0021682190708816,0.0465641394257545,0.985177516937256,0.973378529407577,0.917284905910492,0.7433919517795513,0.918710708618164,0.0276574566960334,0.953230619430542,0.914983498349835,0.8,0.78,0.8,ridge_reactome
FOSB_CEBPB,unseen_combo_fold1,8,0.0044757355935871,0.0669009387493133,0.9652019143104552,0.944609046028524,0.8911668062210083,0.7527934948086051,0.8940209746360779,0.0387887917459011,0.9270122051239014,0.8821242124212422,0.7,0.66,0.76,ridge_reactome
FOSB_CEBPE,unseen_combo_fold1,8,0.0042644594796001,0.0653028264641761,0.9682486653327942,0.961003160307425,0.9058194160461426,0.7839568653551747,0.9072686433792114,0.0386011078953743,0.9495252370834352,0.9091389138913892,0.8,0.72,0.73,ridge_reactome
FOSB_IKZF3,unseen_combo_fold4,8,0.0028853463008999,0.053715419024229,0.9820008873939514,0.9581350659930729,0.9395513534545898,0.7696528566756277,0.9394187927246094,0.0258410293608903,0.966524600982666,0.906030603060306,0.65,0.7,0.77,ridge_reactome
FOSB_OSR2,unseen_combo_fold3,8,0.0028249784372746,0.0531505271792411,0.9799808263778688,0.9710591590955688,0.9333241581916808,0.8108966224159389,0.9360201954841614,0.0379380695521831,0.9535415768623352,0.9194359435943594,0.75,0.82,0.79,ridge_reactome
FOSB_PTPN12,unseen_combo_fold4,8,0.0066730203106999,0.0816885530948638,0.9449254274368286,0.9184103133893764,0.4362716376781463,0.3690795676638356,0.4397075772285461,0.0389661639928817,0.6041242480278015,0.6748874887488749,0.2,0.32,0.39,ridge_reactome
FOSB_UBASH3B,unseen_combo_fold1,8,0.0014306316152215,0.0378236919641494,0.98714417219162,0.9657821828288428,0.7966117858886719,0.5651979859450256,0.7985503673553467,0.0093468185514211,0.9034826755523682,0.8844164416441644,0.65,0.58,0.68,ridge_reactome
FOXA1_FOXF1,unseen_combo_fold0,8,0.000704665610101,0.026545537635684,0.9935364723205566,0.9724732499338994,0.9395962357521056,0.7951652456966296,0.9410154223442078,0.0031056895386427,0.983981192111969,0.9573117311731172,0.65,0.88,0.8,ridge_reactome
FOXA1_FOXL2,unseen_combo_fold2,8,0.0009086626232601,0.0301440320909023,0.9915820956230164,0.9715183374114656,0.9490838646888732,0.8051811787799588,0.950538694858551,0.0038533681072294,0.9845272302627563,0.9506870687068708,0.65,0.82,0.79,ridge_reactome
FOXA1_HOXB9,unseen_combo_fold4,8,0.0009151427657343,0.0302513260394334,0.9921875,0.9739060485214818,0.9547656178474426,0.8325521132942113,0.956272840499878,0.0065207500010728,0.980000376701355,0.9543354335433544,0.75,0.8,0.82,ridge_reactome
FOXA3_FOXA1,unseen_combo_fold4,8,0.001334793982096,0.0365348309278488,0.9884476661682128,0.9646664703949556,0.9308564066886902,0.7956032367921038,0.9318150281906128,0.0074909385293722,0.9703269004821776,0.9294929492949296,0.65,0.76,0.73,ridge_reactome
FOXA3_FOXF1,unseen_combo_fold2,8,0.0012167749227955,0.0348822996020317,0.9882323741912842,0.9680871358179828,0.920316219329834,0.7710453576671688,0.9223172664642334,0.0043342495337128,0.9769752025604248,0.9345334533453346,0.85,0.76,0.76,ridge_reactome
FOXA3_FOXL2,unseen_combo_fold0,8,0.0029748911038041,0.054542563855648,0.9753575921058656,0.9615249720357972,0.9265540838241576,0.8104191231853486,0.9283379912376404,0.0266715139150619,0.9702599048614502,0.912163216321632,0.8,0.74,0.74,ridge_reactome
FOXA3_HOXB9,unseen_combo_fold3,8,0.0017584902234375,0.0419343560934066,0.985973596572876,0.9727100665042696,0.9585902094841005,0.8657134768987131,0.9594027996063232,0.0187790486961603,0.9831463694572448,0.9126312631263126,0.7,0.82,0.92,ridge_reactome
FOXF1_FOXL2,unseen_combo_fold4,8,0.0013634283095598,0.0369246304035186,0.9881796836853028,0.964200350782608,0.9455986618995668,0.8037534160358502,0.9462727308273317,0.0100624440237879,0.977021872997284,0.9412901290129012,0.75,0.78,0.85,ridge_reactome
FOXF1_HOXB9,unseen_combo_fold1,8,0.0009530060342513,0.0308707952499389,0.9913671016693116,0.9678455727519244,0.9354246854782104,0.7703368458889919,0.9371102452278136,0.0046946038492023,0.9770179986953736,0.9394899489948996,0.65,0.78,0.77,ridge_reactome
FOXL2_HOXB9,unseen_combo_fold3,8,0.0022273687645792,0.0471950061619281,0.9818134903907776,0.9621375597991514,0.921620547771454,0.7720309729560751,0.9235152006149292,0.0187370050698518,0.9724084734916688,0.91990399039904,0.55,0.72,0.79,ridge_reactome
FOXL2_MEIS1,unseen_combo_fold3,8,0.0010570174781605,0.0325118042528629,0.9909206032752992,0.9687829489858416,0.917802631855011,0.7421006030538307,0.919748604297638,0.0066723125055432,0.9701238870620728,0.8982298229822983,0.8,0.7,0.8,ridge_reactome
IGDCC3_MAPK1,unseen_combo_fold3,8,0.0011933236382901,0.0345445163547992,0.9897686243057252,0.9720390626740478,0.8739526271820068,0.676985894469963,0.8747740387916565,0.0095735304057598,0.9227662086486816,0.8801800180018002,0.65,0.66,0.72,ridge_reactome
IGDCC3_PRTG,unseen_combo_fold2,8,0.0014467246364802,0.0380358323454856,0.9879727363586426,0.9564174750614204,0.9188594222068788,0.6735096325986685,0.9181323647499084,0.0083806701004505,0.9687673449516296,0.928052805280528,0.55,0.72,0.7,ridge_reactome
IGDCC3_ZBTB25,unseen_combo_fold4,8,0.0021109413355588,0.0459449812769889,0.982292413711548,0.9510816567635524,0.938144862651825,0.6821209646546975,0.9380884170532228,0.0205869264900684,0.982511579990387,0.9247044704470448,0.8,0.76,0.76,ridge_reactome
IRF1_SET,unseen_combo_fold0,8,0.0023683081381022,0.0486652664840221,0.9807441830635072,0.959991603178652,0.914093852043152,0.7852803723728765,0.9150371551513672,0.024387327954173,0.939616560935974,0.8893729372937293,0.7,0.76,0.7,ridge_reactome
JUN_CEBPA,unseen_combo_fold1,8,0.0084310127422213,0.0918205454945564,0.9496946334838868,0.9170506207640384,0.9048902988433838,0.7351319550052705,0.9077869653701782,0.0761661976575851,0.9448276162147522,0.8948094809480948,0.55,0.7,0.73,ridge_reactome
JUN_CEBPB,unseen_combo_fold3,8,0.0052579524926841,0.0725117400288581,0.9597577452659608,0.9328842766829616,0.8730379939079285,0.6803572472745736,0.8776233196258545,0.0467181205749511,0.9387834668159484,0.8956495649564956,0.8,0.72,0.64,ridge_reactome
KIF18B_KIF2C,unseen_combo_fold0,8,0.0014358048792928,0.0378920175135135,0.9874253869056702,0.95400283337908,0.5047879815101624,0.2334207758472823,0.507936954498291,0.013022000901401,0.6583691835403442,0.632931293129313,0.35,0.46,0.4,ridge_reactome
KLF1_BAK1,unseen_combo_fold2,8,0.0006177476025186,0.0248545296490192,0.9955217838287354,0.967955519915591,0.9540125727653505,0.6016272040109973,0.9539647698402404,0.00747398333624,0.9812670350074768,0.9489468946894688,0.8,0.82,0.76,ridge_reactome
KLF1_CEBPA,unseen_combo_fold0,8,0.0023326876107603,0.0482979044318199,0.9852718710899352,0.9753398872477308,0.9557430744171144,0.8748074858372304,0.956353724002838,0.0149980783462524,0.9741856455802916,0.9577317731773176,0.9,0.86,0.81,ridge_reactome
KLF1_CLDN6,unseen_combo_fold2,8,0.0024816798977553,0.0498164631426334,0.9825178384780884,0.9600109834554416,0.9286170601844788,0.6453862455122682,0.9266828298568726,0.0326516330242157,0.9538508653640748,0.941926192619262,0.85,0.72,0.71,ridge_reactome
KLF1_COL2A1,unseen_combo_fold1,8,0.0024090951774269,0.0490825325250625,0.981249213218689,0.9526161023634904,0.8658261895179749,0.6613823519410783,0.8666017651557922,0.0212588589638471,0.9169915914535522,0.8787518751875187,0.7,0.68,0.63,ridge_reactome
KLF1_FOXA1,unseen_combo_fold1,8,0.0018028101185336,0.0424595102667808,0.986477792263031,0.9579231801723392,0.852877676486969,0.5942902246314018,0.8497975468635559,0.0189683679491281,0.8833230137825012,0.8885688568856885,0.7,0.68,0.69,ridge_reactome
KLF1_MAP2K6,unseen_combo_fold4,8,0.0008718369062989,0.0295268837362527,0.9937125444412231,0.9371224499955672,0.9110347032546996,0.5702678734077131,0.9101418256759644,0.006657070480287,0.9593845009803772,0.9194479447944794,0.8,0.68,0.7,ridge_reactome
KLF1_TGFBR2,unseen_combo_fold1,8,0.0005227535730227,0.0228638052940368,0.9962878823280334,0.9579407953930804,0.960561990737915,0.5533870527890129,0.959751844406128,0.0034084012731909,0.98527991771698,0.9587518751875188,0.8,0.86,0.76,ridge_reactome
LHX1_ELMSAN1,unseen_combo_fold2,8,0.001517295371741,0.0389524772763252,0.9866712093353271,0.970844847500824,0.9007670283317566,0.6628343103088201,0.9015008211135864,0.0219426304101943,0.9430602192878724,0.9083108310831084,0.75,0.74,0.63,ridge_reactome
LYL1_CEBPB,unseen_combo_fold4,8,0.0037039180751889,0.0608598217368125,0.9679892659187316,0.952854165375181,0.819491982460022,0.689485302345555,0.8239498734474182,0.0266982093453407,0.8884861469268799,0.8843924392439244,0.65,0.58,0.58,ridge_reactome
LYL1_IER5L,unseen_combo_fold2,8,0.0030098161660134,0.0548617914319038,0.974226176738739,0.9514377063472688,0.8146599531173706,0.5023168491154799,0.8141906261444092,0.0338269770145416,0.9068253636360168,0.882916291629163,0.7,0.54,0.58,ridge_reactome
MAP2K3_ELMSAN1,unseen_combo_fold1,8,0.0007354733534157,0.0271196123212575,0.9943506121635436,0.9517084253621833,0.8994902968406677,0.6693803309877603,0.8990614414215088,0.0050102598033845,0.9662878513336182,0.9174437443744374,0.5,0.7,0.78,ridge_reactome
MAP2K3_IKZF3,unseen_combo_fold0,8,0.0019269462209194,0.0438969954848289,0.9876843690872192,0.9642736783497876,0.9503523707389832,0.6855233875645713,0.9505051374435424,0.0259973779320716,0.9674261808395386,0.9237443744374436,0.9,0.66,0.7,ridge_reactome
MAP2K3_MAP2K6,unseen_combo_fold1,8,0.0026465675327926,0.0514448024332523,0.9780550599098206,0.935850003327027,0.3115650117397308,0.1831301280466081,0.3100064992904663,0.015536124818027,0.5681309103965759,0.5854425442544254,0.2,0.24,0.29,ridge_reactome
MAP2K3_SLC38A2,unseen_combo_fold1,8,0.000810147030279,0.0284630823880434,0.9934574365615844,0.9472091428107412,0.8137856721878052,0.5048626010162002,0.8135316967964172,0.0033680135384202,0.935829222202301,0.87997599759976,0.6,0.68,0.7,ridge_reactome
MAP2K6_ELMSAN1,unseen_combo_fold2,8,0.0003485950874164,0.0186707004904747,0.9971674084663392,0.96884632016598,0.9161043167114258,0.6210243546113224,0.9161105751991272,0.0023756104055792,0.9687745571136476,0.9183678367836784,0.8,0.8,0.79,ridge_reactome
MAP2K6_IKZF3,unseen_combo_fold2,8,0.0008980500861071,0.0299674831330776,0.9939916133880616,0.9646207668561788,0.9722890853881836,0.7204895024644152,0.9723546504974364,0.0073146419599652,0.9898179173469543,0.9416861686168616,0.9,0.78,0.76,ridge_reactome
MAP2K6_SPI1,unseen_combo_fold2,8,0.005279139149934,0.0726576820015907,0.9549729824066162,0.9409058338052908,0.7501808404922485,0.5561350794517426,0.7393349409103394,0.0354987233877182,0.8706201910972595,0.8428922892289229,0.45,0.48,0.58,ridge_reactome
MAPK1_IKZF3,unseen_combo_fold2,8,0.001004867372103,0.0316996425390243,0.9929192066192628,0.9660734539762748,0.9564852118492126,0.7986621097609965,0.9569648504257202,0.007334092631936,0.979257583618164,0.9615481548154816,0.9,0.84,0.84,ridge_reactome
MAPK1_PRTG,unseen_combo_fold1,8,0.0011400537332519,0.0337646827101707,0.9905237555503844,0.9716589541254056,0.8869938850402832,0.7114073458277924,0.8881105184555054,0.0089971981942653,0.9260555505752563,0.8916051605160517,0.7,0.68,0.71,ridge_reactome
MAPK1_TGFBR2,unseen_combo_fold3,8,0.0009504510671831,0.0308293867856264,0.9922029972076416,0.9602334798797648,0.9206330180168152,0.6238796314590926,0.9211329221725464,0.0058262781240046,0.9763256907463074,0.9641524152415242,0.95,0.88,0.73,ridge_reactome
PLK4_STIL,unseen_combo_fold1,8,0.0033956402912735,0.0582721233367919,0.9692436456680298,0.9316955425406124,0.6410577893257141,0.4019631668470322,0.6346828937530518,0.0280328504741191,0.8740940690040588,0.8580498049804981,0.4,0.36,0.44,ridge_reactome
POU3F2_CBFA2T3,unseen_combo_fold0,8,0.0016803945181891,0.0409926138818264,0.985337495803833,0.9684936975738136,0.8675995469093323,0.7091418670121685,0.8700073957443237,0.0139128807932138,0.9389006495475768,0.902058205820582,0.7,0.68,0.69,ridge_reactome
POU3F2_FOXL2,unseen_combo_fold0,8,0.0016339712310582,0.0404224097728729,0.9867061972618104,0.9709049442559332,0.9344481229782104,0.8107770031724649,0.935815930366516,0.0159489382058382,0.9721242189407348,0.9424182418241824,0.7,0.8,0.8,ridge_reactome
PRDM1_CBFA2T3,unseen_combo_fold0,8,0.0036102726589888,0.0600855462253093,0.9725415110588074,0.9488379172003264,0.9052852988243104,0.7149540836758176,0.9067147374153136,0.0314135514199733,0.9610571265220642,0.934029402940294,0.7,0.74,0.72,ridge_reactome
PTPN12_OSR2,unseen_combo_fold2,8,0.0016537392511963,0.0406661927700042,0.9852815866470336,0.9650930427625148,0.6115592122077942,0.4378159451862018,0.6237472891807556,0.0147217102348804,0.6827428340911865,0.6299309930993099,0.5,0.36,0.42,ridge_reactome
PTPN12_PTPN9,unseen_combo_fold1,8,0.0011755590094253,0.0342864245176315,0.99032062292099,0.9414178597205466,0.9351696968078612,0.6337232450382728,0.9336124658584596,0.0089637264609336,0.9828938245773317,0.8843924392439244,0.85,0.68,0.72,ridge_reactome
PTPN12_SNAI1,unseen_combo_fold2,8,0.0017758796457201,0.0421411879360675,0.9824987053871156,0.9541768320244504,0.8249672651290894,0.650782182242913,0.8256204128265381,0.0068207154981791,0.9396089315414428,0.9004260426042604,0.5,0.64,0.65,ridge_reactome
PTPN12_UBASH3A,unseen_combo_fold2,8,0.0019619674421846,0.044294100254774,0.9847301840782166,0.9566358327410848,0.9605550765991212,0.7122247435303471,0.960464596748352,0.0292773861438035,0.9870771765708924,0.9414821482148216,0.85,0.82,0.81,ridge_reactome
PTPN12_ZBTB25,unseen_combo_fold4,8,0.001017041853629,0.0318910926580429,0.9923952221870422,0.9405648292728788,0.9544853568077089,0.684912277883226,0.9525960087776184,0.0071269068866968,0.9833084344863892,0.9078427842784278,0.85,0.74,0.82,ridge_reactome
RHOXF2_SET,unseen_combo_fold3,8,0.0028075950685888,0.0529867447912693,0.98044353723526,0.9624926793025704,0.893387496471405,0.7879648236823188,0.8943405747413635,0.0318516083061695,0.9275510907173156,0.8746354635463547,0.65,0.68,0.72,ridge_reactome
RHOXF2_ZBTB25,unseen_combo_fold3,8,0.0021890993230044,0.0467878133058548,0.9838923215866088,0.970658195679613,0.9565107226371764,0.7644440232616009,0.9568473100662231,0.0282742381095886,0.986029863357544,0.9406060606060606,0.8,0.82,0.83,ridge_reactome
SAMD1_PTPN12,unseen_combo_fold0,8,0.0007998715154826,0.0282819997519254,0.99378901720047,0.96703626978647,0.9683682918548584,0.775351595960483,0.9684035778045654,0.0053879665210843,0.992486536502838,0.919015901590159,0.9,0.72,0.82,ridge_reactome
SAMD1_TGFBR2,unseen_combo_fold0,8,0.001754674129188,0.0418888293206691,0.9850385785102844,0.9560345729514363,0.8862777948379517,0.5778589967235163,0.8866754174232483,0.0119640687480568,0.972942590713501,0.8954335433543354,0.8,0.62,0.65,ridge_reactome
SAMD1_UBASH3B,unseen_combo_fold4,8,0.0007882950594648,0.0280765928328037,0.9935113787651062,0.966970583535208,0.9628646969795228,0.7578292007898078,0.9628930687904358,0.0060012442991137,0.9878886342048644,0.94019801980198,0.9,0.74,0.78,ridge_reactome
SAMD1_ZBTB1,unseen_combo_fold3,8,0.0018616938032209,0.0431473515927791,0.9868464469909668,0.9704497017271988,0.957813024520874,0.7537585376914577,0.958325207233429,0.0234483908861875,0.9859321117401124,0.9526072607260726,0.9,0.8,0.82,ridge_reactome
SET_CEBPE,unseen_combo_fold0,8,0.0026028752326965,0.0510183796286582,0.9783973693847656,0.9653469694062292,0.864774763584137,0.7147962548383762,0.8645417094230652,0.0180949512869119,0.9269070029258728,0.916147614761476,0.65,0.64,0.67,ridge_reactome
SET_KLF1,unseen_combo_fold0,8,0.0023486381396651,0.0484627485275268,0.9831895232200624,0.96779649481176,0.8492657542228699,0.6958744725900281,0.8480982780456543,0.0248050577938556,0.9095023274421692,0.9011461146114612,0.6,0.64,0.68,ridge_reactome
SGK1_S1PR2,unseen_combo_fold0,8,0.0029226997867226,0.0540619976818561,0.9761068820953368,0.9654118734197052,0.8802767992019653,0.7255065096869139,0.8810693025588989,0.0382035113871097,0.9213839173316956,0.8888088808880888,0.75,0.68,0.7,ridge_reactome
SGK1_TBX2,unseen_combo_fold4,8,0.000692569068633,0.0263167079538106,0.994239330291748,0.9641775824188588,0.9641870260238647,0.767332885994621,0.9642218351364136,0.0035847832914441,0.9886415004730223,0.9536393639363936,0.85,0.84,0.82,ridge_reactome
SGK1_TBX3,unseen_combo_fold0,8,0.0017056296346709,0.0412992686033248,0.9856499433517456,0.970537261381952,0.9451319575309752,0.7136425458636471,0.945049524307251,0.0244182609021663,0.9725639224052428,0.8868286828682869,0.65,0.7,0.77,ridge_reactome
SNAI1_DLX2,unseen_combo_fold4,8,0.0022589771542698,0.0475286990404129,0.9770635962486268,0.9408552411023452,0.9077193140983582,0.6784002130198277,0.9077028036117554,0.0151925720274448,0.9574602842330932,0.90996699669967,0.7,0.68,0.73,ridge_reactome
SNAI1_UBASH3B,unseen_combo_fold4,8,0.0011710651451721,0.0342208296060562,0.9890968799591064,0.944110089707068,0.8514968156814575,0.6511047521202339,0.8483230471611023,0.0058578620664775,0.9378482699394226,0.8688748874887489,0.7,0.66,0.62,ridge_reactome
TBX3_TBX2,unseen_combo_fold0,8,0.0014522385317832,0.0381082482635974,0.9879352450370787,0.9701625094996952,0.9380781650543212,0.6903377992565367,0.9341863989830016,0.0187174212187528,0.973660409450531,0.8756555655565557,0.85,0.82,0.73,ridge_reactome
TGFBR2_C19orf26,unseen_combo_fold3,8,0.0018419618718326,0.0429180823266506,0.9843530654907228,0.970585073426738,0.8821427226066589,0.5823891551018789,0.8825057148933411,0.0248729661107063,0.9447527527809144,0.9151635163516352,0.7,0.68,0.64,ridge_reactome
TGFBR2_ETS2,unseen_combo_fold4,8,0.0009325046557933,0.0305369384586811,0.9919147491455078,0.969829909570161,0.7757335305213928,0.4863991142208056,0.7792326211929321,0.0092028202489018,0.8567664623260498,0.8594779477947795,0.7,0.74,0.7,ridge_reactome
TGFBR2_IGDCC3,unseen_combo_fold3,8,0.0005606334307231,0.0236776992678642,0.995348870754242,0.9715806451008976,0.9502259492874146,0.6819093268385742,0.9501693844795228,0.0036359187215566,0.9860202670097352,0.9478307830783078,0.8,0.76,0.71,ridge_reactome
TGFBR2_PRTG,unseen_combo_fold2,8,0.0007397222798317,0.0271978359669446,0.9937664270401,0.9672484066573616,0.9489354491233826,0.7108522120405399,0.9486095905303956,0.0057912208139896,0.9812071919441224,0.9364296429642964,0.75,0.84,0.74,ridge_reactome
TMSB4X_BAK1,unseen_combo_fold4,8,0.0005119426059536,0.0226261485368013,0.996055781841278,0.9642780438527948,0.915261209011078,0.1970550596436952,0.9152398109436036,0.0037385828327387,0.9726011157035828,0.8075127512751276,0.75,0.6,0.5,ridge_reactome
UBASH3B_CNN1,unseen_combo_fold2,8,0.0025015084538608,0.0500150807201862,0.9830141663551332,0.964411727353704,0.9769967794418336,0.7941897602262308,0.9767503142356871,0.0406595766544342,0.9906595349311828,0.9394779477947794,0.75,0.86,0.87,ridge_reactome
UBASH3B_OSR2,unseen_combo_fold2,8,0.0017428157152608,0.0417470447719097,0.984257698059082,0.973733336150628,0.5352240204811096,0.4676653177392281,0.5535146594047546,0.0150438658893108,0.600949227809906,0.6155535553555356,0.4,0.42,0.39,ridge_reactome
UBASH3B_PTPN12,unseen_combo_fold1,8,0.0009428460034541,0.0307057984173297,0.9929288029670716,0.9375887483594432,0.9583463668823242,0.6945008889432311,0.9563691020011902,0.0055414331145584,0.9881495237350464,0.9226042604260426,0.75,0.76,0.79,ridge_reactome
UBASH3B_PTPN9,unseen_combo_fold4,8,0.0015787082957103,0.0397329628467559,0.986742377281189,0.9568734811460096,0.9256271719932556,0.6822929519076769,0.9240276217460632,0.0189249888062477,0.9674641489982604,0.8604140414041405,0.65,0.7,0.7,ridge_reactome
UBASH3B_UBASH3A,unseen_combo_fold1,8,0.0012283000396564,0.0350471101701259,0.9891139268875122,0.9708948389651992,0.9185561537742616,0.6560184833169567,0.918540894985199,0.0118950195610523,0.9616112112998962,0.908958895889589,0.75,0.74,0.71,ridge_reactome
UBASH3B_ZBTB25,unseen_combo_fold4,8,0.0010599055094644,0.0325561910867691,0.9914085268974304,0.9423437398977365,0.9438650608062744,0.6594260344772686,0.9419992566108704,0.0094985160976648,0.9780035018920898,0.9183798379837984,0.8,0.72,0.71,ridge_reactome
ZBTB10_DLX2,unseen_combo_fold3,8,0.0072533064521849,0.0851663425564765,0.9364044070243835,0.9431024519247448,0.8997525572776794,0.7563286120278305,0.9007511734962464,0.0905007719993591,0.9501665234565736,0.9032103210321032,0.75,0.64,0.76,ridge_reactome
ZBTB10_ELMSAN1,unseen_combo_fold2,8,0.0027691833674907,0.0526230297982692,0.9766749739646912,0.96289338842612,0.9142726063728333,0.7705422310493905,0.9161391854286194,0.0293920394033193,0.9744824767112732,0.9407260726072608,0.8,0.68,0.72,ridge_reactome
ZBTB10_PTPN12,unseen_combo_fold0,8,0.0023282228503376,0.0482516624033451,0.9800827503204346,0.9610918355751612,0.8527752757072449,0.7557535220734991,0.8549389243125916,0.0086350021883845,0.9618396162986756,0.9152355235523552,0.65,0.68,0.69,ridge_reactome
ZBTB10_SNAI1,unseen_combo_fold2,8,0.0038335786666721,0.0619159005582332,0.9691609740257264,0.9486288977626408,0.9085344076156616,0.7861960183604262,0.908220112323761,0.0331170596182346,0.9618425369262696,0.9418661866186618,0.7,0.74,0.72,ridge_reactome
ZC3HAV1_CEBPA,unseen_combo_fold1,8,0.0024186989758163,0.049180269241333,0.98256915807724,0.9560252087812952,0.9558597207069396,0.8148819398019395,0.9562893509864808,0.0160383228212595,0.9764626026153564,0.9590639063906392,0.8,0.84,0.86,ridge_reactome
ZC3HAV1_CEBPE,unseen_combo_fold3,8,0.0017203249735757,0.0414768010377883,0.9854806065559388,0.962842312737896,0.8797250390052795,0.6221404855964109,0.8789930939674377,0.0148030901327729,0.9449690580368042,0.9167476747674768,0.7,0.78,0.68,ridge_reactome
ZC3HAV1_HOXC13,unseen_combo_fold3,8,0.0012671316508203,0.0355967916548252,0.9892001748085022,0.9618445773028688,0.8350485563278198,0.5634030008338182,0.8372215628623962,0.0135925021022558,0.9338303804397584,0.9165316531653164,0.55,0.74,0.68,ridge_reactome
ZNF318_FOXL2,unseen_combo_fold3,8,0.0017826567636802,0.0422215200960636,0.9835401177406312,0.965933327252562,0.7768654823303223,0.6575465675183079,0.7757547497749329,0.0158596783876419,0.8743771314620972,0.9076267626762676,0.55,0.6,0.6,ridge_reactome
AHR_FEV,unseen_combo_fold0,8,0.0040172380395233,0.0633816868066787,0.9771219491958618,0.9497180820167082,0.915411412715912,0.7431691031917053,0.9199107885360718,0.0512998960912227,0.95201575756073,0.902934293429343,0.65,0.78,0.68,mlp_reactome
AHR_KLF1,unseen_combo_fold2,8,0.0016202972037717,0.0402529165148735,0.988997519016266,0.9521141789377976,0.8768242001533508,0.4229837129704615,0.8788766860961914,0.011027880012989,0.9459872841835022,0.8544254425442545,0.75,0.68,0.61,mlp_reactome
BCL2L11_BAK1,unseen_combo_fold0,8,0.0005424682167358,0.0232909470796585,0.9953532814979552,0.9602180372530216,0.3106136322021484,0.0897469556861777,0.3134796023368835,0.0056409449316561,0.5523388385772705,0.462982298229823,0.25,0.2,0.24,mlp_reactome
BCL2L11_TGFBR2,unseen_combo_fold0,8,0.0008195655536837,0.0286280550062656,0.993233323097229,0.965309791280507,0.5779791474342346,0.1473723491676515,0.5662094354629517,0.0092565007507801,0.8105909824371338,0.612985298529853,0.55,0.38,0.34,mlp_reactome
BPGM_SAMD1,unseen_combo_fold0,8,0.0012558830203488,0.0354384407401084,0.9903146028518676,0.9583183956348312,0.9506193995475768,0.67106489898856,0.9506006240844728,0.01383588463068,0.9837260842323304,0.9106750675067506,0.8,0.8,0.8,mlp_reactome
BPGM_ZBTB1,unseen_combo_fold1,8,0.0008634859113954,0.0293851308524608,0.9939395785331726,0.9616566093082144,0.9562216997146606,0.6818885710381484,0.9552577137947084,0.007600322831422,0.9850528836250304,0.9507590759075908,0.8,0.74,0.75,mlp_reactome
C3orf72_FOXL2,unseen_combo_fold4,8,0.0030264926608651,0.0550135672092437,0.9716282486915588,0.926233378646454,0.7931003570556641,0.5707268793377144,0.7944278120994568,0.0140032591298222,0.9261530637741088,0.8966096609660966,0.55,0.58,0.53,mlp_reactome
CBL_CNN1,unseen_combo_fold1,8,0.0034120471682399,0.0584127306938171,0.9764519929885864,0.9560316051244216,0.9588903784751892,0.7385724843221396,0.9587590098381042,0.0517582185566425,0.9802623391151428,0.9530633063306332,0.85,0.84,0.79,mlp_reactome
CBL_PTPN12,unseen_combo_fold1,8,0.0011497595114633,0.0339081026613712,0.992012858390808,0.9595460685192696,0.951626479625702,0.6995875609445582,0.9513752460479736,0.0102787744253873,0.98319673538208,0.8989138913891389,0.75,0.68,0.75,mlp_reactome
CBL_PTPN9,unseen_combo_fold3,8,0.0010691640200093,0.0326980724930763,0.9920231103897096,0.9528690366302354,0.9459402561187744,0.662987496328046,0.944523274898529,0.0077800308354198,0.9780464768409728,0.9066546654665466,0.6,0.76,0.79,mlp_reactome
CBL_TGFBR2,unseen_combo_fold2,8,0.0028984295204281,0.053837064653635,0.9749739766120912,0.94786052815883,0.7484502792358398,0.384108839184402,0.7479819655418396,0.0429994165897369,0.8845580816268921,0.7478307830783079,0.45,0.5,0.51,mlp_reactome
CBL_UBASH3A,unseen_combo_fold4,8,0.0033429274335503,0.057818055152893,0.9737281799316406,0.9248059519202924,0.8427685499191284,0.497160115761795,0.8407105803489685,0.0345343500375747,0.922850489616394,0.8892649264926492,0.55,0.54,0.53,mlp_reactome
CBL_UBASH3B,unseen_combo_fold4,8,0.003510573413223,0.0592500902712345,0.9736780524253844,0.9439523238674076,0.9572779536247252,0.7147552156879347,0.9565319418907166,0.0533615685999393,0.9808534979820251,0.925988598859886,0.75,0.74,0.8,mlp_reactome
CDKN1B_CDKN1A,unseen_combo_fold0,8,0.0024976260028779,0.0499762557446956,0.9772045016288756,0.953847312797948,0.8635538816452026,0.5875003947173479,0.8607592582702637,0.0265800710767507,0.949928879737854,0.8807920792079208,0.75,0.72,0.68,mlp_reactome
CDKN1C_CDKN1A,unseen_combo_fold4,8,0.001438001403585,0.0379209890961647,0.9875998497009276,0.9532129153074668,0.9323302507400512,0.6481131873187852,0.9321039319038392,0.01159109454602,0.9771597981452942,0.9347134713471348,0.85,0.76,0.79,mlp_reactome
CDKN1C_CDKN1B,unseen_combo_fold3,8,0.0012589120306074,0.0354811511933803,0.9885685443878174,0.9575263725579152,0.9068133234977722,0.6160179190337318,0.90695720911026,0.0069827218540012,0.9685788154602052,0.9254485448544856,0.8,0.78,0.72,mlp_reactome
CEBPB_CEBPA,unseen_combo_fold3,8,0.0035655666142702,0.0597123652696609,0.9761621356010436,0.9467312998127032,0.945107638835907,0.7869064039379182,0.9473187923431396,0.0151301110163331,0.9788913130760192,0.9406900690069008,0.75,0.88,0.83,mlp_reactome
CEBPB_MAPK1,unseen_combo_fold2,8,0.0048988666385412,0.0699919015169143,0.9605093002319336,0.9397573673371108,0.8344746232032776,0.6913494799742266,0.8379516005516052,0.0315825343132019,0.9206493496894836,0.8783318331833183,0.65,0.6,0.63,mlp_reactome
CEBPB_OSR2,unseen_combo_fold1,8,0.0016922270879149,0.0411366894841194,0.9862728714942932,0.9671498346660428,0.948081076145172,0.8474305991727382,0.950172483921051,0.0139497956261038,0.9655328989028932,0.92004800480048,0.85,0.86,0.75,mlp_reactome
CEBPB_PTPN12,unseen_combo_fold4,8,0.0029651718214154,0.0544533915817737,0.9743053317070008,0.9399467967119572,0.7309303283691406,0.6187995300618547,0.7375994920730591,0.02899662964046,0.8178153038024902,0.8237263726372638,0.35,0.48,0.64,mlp_reactome
CEBPE_CEBPA,unseen_combo_fold0,8,0.0034622445236891,0.0588408410549163,0.9785402417182922,0.9611596777573874,0.9661930799484252,0.8574069116684933,0.9675179719924928,0.0305334348231554,0.9765127301216124,0.9668766876687668,0.85,0.86,0.87,mlp_reactome
CEBPE_CEBPB,unseen_combo_fold1,8,0.0032187923789024,0.0567344017326831,0.9744038581848145,0.9514633442188908,0.9388633370399476,0.7923156954225198,0.9411454796791076,0.0284676402807235,0.973350703716278,0.9304290429042904,0.8,0.72,0.83,mlp_reactome
CEBPE_CNN1,unseen_combo_fold4,8,0.002238540444523,0.0473132170736789,0.9796965718269348,0.9436282878863448,0.8233451843261719,0.6137505968583993,0.8258461952209473,0.0157128032296895,0.906853437423706,0.8875847584758476,0.65,0.62,0.67,mlp_reactome
CEBPE_KLF1,unseen_combo_fold3,8,0.00345183419995,0.0587523132562637,0.9735226035118104,0.9608913749631696,0.7114137411117554,0.5222287995594868,0.7161539793014526,0.0283067543059587,0.7881969809532166,0.8363876387638763,0.4,0.54,0.56,mlp_reactome
CEBPE_PTPN12,unseen_combo_fold0,8,0.0010426089866086,0.0322894565761089,0.9907866716384888,0.9656056678397336,0.851908266544342,0.6350888098577399,0.8535099625587463,0.0093071516603231,0.918986976146698,0.9246324632463246,0.7,0.68,0.72,mlp_reactome
CEBPE_RUNX1T1,unseen_combo_fold0,8,0.0010854962747544,0.0329468697309494,0.9905331134796144,0.9728586633254284,0.945225715637207,0.8264873377582314,0.9460946917533876,0.009743707254529,0.9665104150772096,0.9144674467446744,0.8,0.8,0.82,mlp_reactome
CEBPE_SPI1,unseen_combo_fold1,8,0.0091674579307436,0.0957468450069427,0.9334869384765624,0.9330643948243056,0.9187533855438232,0.7736075106098188,0.9201307892799376,0.1202234849333763,0.9540871381759644,0.9000780078007801,0.7,0.62,0.73,mlp_reactome
CNN1_MAPK1,unseen_combo_fold1,8,0.0014798396732658,0.0384686850011348,0.9881488084793092,0.957901541574376,0.8888120651245117,0.658600593391523,0.8880800604820251,0.0161519683897495,0.929649829864502,0.905970597059706,0.75,0.66,0.75,mlp_reactome
CNN1_UBASH3A,unseen_combo_fold1,8,0.0018857414834201,0.0434251241385936,0.9855759739875792,0.9508076973273936,0.9493998885154724,0.7023482084274063,0.9493908882141112,0.0188701767474412,0.9725507497787476,0.9071227122712272,0.8,0.74,0.74,mlp_reactome
DUSP9_ETS2,unseen_combo_fold2,8,0.0016246360028162,0.0403067730367183,0.9870445132255554,0.954489482662178,0.8592153191566467,0.5845462161194755,0.8627930879592896,0.0177351143211126,0.9275477528572084,0.8837443744374437,0.6,0.7,0.68,mlp_reactome
DUSP9_IGDCC3,unseen_combo_fold3,8,0.0014338821638375,0.0378666371107101,0.9896900057792664,0.965303265052024,0.9624012112617492,0.7849498538073503,0.96286803483963,0.0174934566020965,0.9785402417182922,0.9633723372337234,0.75,0.84,0.81,mlp_reactome
DUSP9_KLF1,unseen_combo_fold3,8,0.002960372949019,0.054409310221672,0.982577919960022,0.9640566242470848,0.9471518993377686,0.7203286152155619,0.9477791786193848,0.0481649935245513,0.9601592421531676,0.9152115211521152,0.75,0.76,0.8,mlp_reactome
DUSP9_MAPK1,unseen_combo_fold3,8,0.0020974886137992,0.0457983464002609,0.9833603501319884,0.956559904562303,0.6116055250167847,0.3681780089815248,0.6213312745094299,0.0199630819261074,0.7524718642234802,0.7500750075007501,0.5,0.44,0.46,mlp_reactome
DUSP9_PRTG,unseen_combo_fold0,8,0.0010493699228391,0.0323939807713031,0.9925928711891174,0.9644347248797216,0.9686134457588196,0.7857211633804839,0.969049036502838,0.007819308899343,0.9880812168121338,0.963876387638764,0.7,0.86,0.86,mlp_reactome
DUSP9_SNAI1,unseen_combo_fold3,8,0.0083095571026206,0.0911567732691764,0.9315812587738036,0.9437534590203492,0.7419120073318481,0.6942297334516886,0.7479019165039062,0.0844452157616615,0.9109262228012084,0.8851725172517252,0.5,0.56,0.62,mlp_reactome
ETS2_CEBPE,unseen_combo_fold4,8,0.0010438266908749,0.0323083065450191,0.9915719032287598,0.9580882529762608,0.9598852396011353,0.8063562618694063,0.96088969707489,0.0064186127856373,0.9822203516960144,0.9435823582358236,0.8,0.86,0.82,mlp_reactome
ETS2_CNN1,unseen_combo_fold4,8,0.0011545696761459,0.0339789576828479,0.989973247051239,0.9480084539980098,0.7988119125366211,0.5406105919932983,0.7996397018432617,0.0095268692821264,0.8974777460098267,0.8853645364536453,0.7,0.6,0.61,mlp_reactome
ETS2_IGDCC3,unseen_combo_fold0,8,0.0005597156123258,0.0236583091318607,0.9953356385231018,0.9665410539321816,0.9190857410430908,0.6751489781633744,0.9199029803276062,0.0031318070832639,0.9775105714797974,0.9365496549654966,0.75,0.8,0.78,mlp_reactome
ETS2_IKZF3,unseen_combo_fold1,8,0.0006689862348139,0.0258647687733173,0.9959726333618164,0.9701270499366428,0.9816570281982422,0.8535548949402554,0.9816356301307678,0.0054202135652303,0.9918463230133056,0.9662046204620462,0.85,0.86,0.82,mlp_reactome
ETS2_MAP7D1,unseen_combo_fold2,8,0.0018961110617965,0.0435443557798862,0.9835609197616576,0.9576726590901096,0.8908402323722839,0.5873219270631327,0.8917571902275085,0.0230032391846179,0.9506020545959472,0.9134593459345934,0.75,0.78,0.73,mlp_reactome
ETS2_MAPK1,unseen_combo_fold2,8,0.0034974480513483,0.0591392256319522,0.9749345183372498,0.9531430602930672,0.9354029297828674,0.7479217223329554,0.9364490509033204,0.0531364046037197,0.9673601388931274,0.9397059705970596,0.8,0.88,0.72,mlp_reactome
ETS2_PRTG,unseen_combo_fold4,8,0.0010881181806325,0.0329866372048854,0.9908903241157532,0.957423277899951,0.8746830821037292,0.6498158591684172,0.8763737082481384,0.0093807997182011,0.953690469264984,0.9068586858685868,0.55,0.7,0.69,mlp_reactome
FEV_CBFA2T3,unseen_combo_fold2,8,0.0066427355632185,0.0815029814839363,0.95730859041214,0.932107711402968,0.8976293802261353,0.7184131472976051,0.9028562307357788,0.0854192823171615,0.9439914226531982,0.8760756075607561,0.7,0.7,0.75,mlp_reactome
FEV_ISL2,unseen_combo_fold3,8,0.0032967482693493,0.0574173182249069,0.9794772863388062,0.953716349091114,0.9435126781463624,0.7334265935785467,0.9459701180458068,0.0421949587762355,0.9679561257362366,0.9350495049504952,0.8,0.86,0.82,mlp_reactome
FEV_MAP7D1,unseen_combo_fold3,8,0.001484730746597,0.0385322049260139,0.9897151589393616,0.9541026310174376,0.934691309928894,0.7193666309876254,0.935452938079834,0.0114278318360447,0.9784265160560608,0.927980798079808,0.9,0.82,0.79,mlp_reactome
FOSB_CEBPB,unseen_combo_fold1,8,0.0045314617455005,0.0673161298036575,0.9640907049179076,0.9466098833234258,0.9013240933418274,0.7539582343096382,0.903894543647766,0.0479573905467987,0.9334831833839417,0.8869486948694869,0.7,0.66,0.8,mlp_reactome
FOSB_CEBPE,unseen_combo_fold1,8,0.0033644754439592,0.0580040998756885,0.9750320315361024,0.9590265970432852,0.9361836910247804,0.8023020924946523,0.938228726387024,0.0339121595025062,0.9680950045585632,0.9348334833483348,0.8,0.82,0.77,mlp_reactome
FOSB_IKZF3,unseen_combo_fold4,8,0.0012717315694317,0.0356613472104072,0.9913053512573242,0.9589721077872674,0.9487438797950744,0.7515039994097913,0.9490799903869628,0.0104556810110807,0.974244236946106,0.9137113711371138,0.65,0.7,0.74,mlp_reactome
FOSB_OSR2,unseen_combo_fold3,8,0.0021285694092512,0.0461364202201366,0.9857030510902404,0.961898122733843,0.94794100522995,0.7935213718111086,0.9494128823280334,0.0273079220205545,0.96822190284729,0.9313891389138914,0.8,0.86,0.79,mlp_reactome
FOSB_PTPN12,unseen_combo_fold4,8,0.0041182520799338,0.0641736090183258,0.9661760330200196,0.9277855714365958,0.6369795203208923,0.4350401556883512,0.6354811191558838,0.0176812373101711,0.8421765565872192,0.8302190219021902,0.45,0.44,0.49,mlp_reactome
FOSB_UBASH3B,unseen_combo_fold1,8,0.0007696945685893,0.0277433693408966,0.993224799633026,0.968209223970181,0.8482290506362915,0.6017504286153788,0.8489270210266113,0.0051128817722201,0.9271836876869202,0.8861446144614461,0.55,0.64,0.74,mlp_reactome
FOXA1_FOXF1,unseen_combo_fold0,8,0.0010272616054862,0.0320509225130081,0.9907853603363036,0.9639152808380456,0.9274466037750244,0.7717705993051751,0.9284760355949402,0.0089852847158908,0.97434002161026,0.9282568256825684,0.75,0.76,0.79,mlp_reactome
FOXA1_FOXL2,unseen_combo_fold2,8,0.0010001544142141,0.0316252186894416,0.9908215403556824,0.9616523950919792,0.943002462387085,0.7842023880189458,0.9445884227752686,0.0037439137231558,0.9833768010139464,0.9451065106510652,0.8,0.8,0.84,mlp_reactome
FOXA1_HOXB9,unseen_combo_fold4,8,0.0014251789543777,0.0377515442669391,0.9881697297096252,0.9622235222642296,0.9518476724624634,0.8218716444194609,0.953538417816162,0.0132810473442077,0.9851738214492798,0.946174617461746,0.65,0.8,0.84,mlp_reactome
FOXA3_FOXA1,unseen_combo_fold4,8,0.0015120429452508,0.0388849973678588,0.9862982034683228,0.9575880565216458,0.9204530119895936,0.7812298529149747,0.9216156601905824,0.0127970715984702,0.964430034160614,0.931917191719172,0.65,0.74,0.7,mlp_reactome
FOXA3_FOXF1,unseen_combo_fold2,8,0.0012815761147066,0.0357991084456443,0.9876706600189208,0.9559042655552988,0.9017693996429444,0.7237436019056906,0.9044125080108644,0.0053264633752405,0.967016100883484,0.9168556855685568,0.7,0.76,0.74,mlp_reactome
FOXA3_FOXL2,unseen_combo_fold0,8,0.0032506620045751,0.0570145770907402,0.97281152009964,0.9534726477369632,0.9148991703987122,0.7866778474703882,0.9169968962669371,0.0283726435154676,0.962330162525177,0.9061266126612662,0.75,0.74,0.74,mlp_reactome
FOXA3_HOXB9,unseen_combo_fold3,8,0.0023185641039162,0.0481514707207679,0.9812825918197632,0.9600563326361434,0.941355288028717,0.8345658821062238,0.942833662033081,0.0264223236590623,0.9743281006813048,0.9092229222922292,0.7,0.74,0.86,mlp_reactome
FOXF1_FOXL2,unseen_combo_fold4,8,0.0015504581388086,0.0393758565187454,0.9865679740905762,0.9596300394862216,0.9493736624717712,0.8110214635991341,0.9504360556602478,0.0145009849220514,0.9781200885772704,0.941038103810381,0.65,0.8,0.82,mlp_reactome
FOXF1_HOXB9,unseen_combo_fold1,8,0.0012049884535372,0.0347129441797733,0.9893024563789368,0.9631567983155594,0.9322150349617004,0.7725564150208221,0.9339151382446288,0.0101502398028969,0.97923743724823,0.934125412541254,0.6,0.7,0.79,mlp_reactome
FOXL2_HOXB9,unseen_combo_fold3,8,0.0021843428257852,0.0467369519174099,0.98199063539505,0.9498148355168788,0.9116166234016418,0.761415166751842,0.9136468768119812,0.0162310060113668,0.9650417566299438,0.9168676867686768,0.55,0.76,0.75,mlp_reactome
FOXL2_MEIS1,unseen_combo_fold3,8,0.0012044281465932,0.0347048714756965,0.9898115396499634,0.961429287309617,0.9068082571029664,0.7282172192179215,0.9090621471405028,0.009443225339055,0.9607105255126952,0.8938973897389739,0.7,0.72,0.76,mlp_reactome
IGDCC3_MAPK1,unseen_combo_fold3,8,0.0013318755663931,0.0364948697388172,0.9885621666908264,0.9650840523331526,0.8330657482147217,0.6453715292040922,0.8342248201370239,0.0133467530831694,0.8798143267631531,0.87005100510051,0.55,0.64,0.69,mlp_reactome
IGDCC3_PRTG,unseen_combo_fold2,8,0.0012600535992532,0.0354972332715988,0.9894669651985168,0.9561521026932568,0.928520917892456,0.6567930635774877,0.9287844896316528,0.0084221297875046,0.9699604511260986,0.9312691269126911,0.6,0.78,0.74,mlp_reactome
IGDCC3_ZBTB25,unseen_combo_fold4,8,0.0030788986478,0.05548782274127,0.9741435647010804,0.9451781948518496,0.932932674884796,0.6626125683652196,0.932284951210022,0.0378900170326232,0.9810544848442078,0.9390939093909392,0.9,0.72,0.74,mlp_reactome
IRF1_SET,unseen_combo_fold0,8,0.0043444512411952,0.0659124478697776,0.9647690653800964,0.9460644109102976,0.8547648787498474,0.7160622779033776,0.8538998365402222,0.0560216046869754,0.88954758644104,0.8466006600660066,0.65,0.68,0.63,mlp_reactome
JUN_CEBPA,unseen_combo_fold1,8,0.0168007351458072,0.1296176463365554,0.8991157412528992,0.9129519211170988,0.8819544911384583,0.7027872345924384,0.88580721616745,0.2238740026950836,0.9371460676193236,0.8745634563456346,0.55,0.64,0.65,mlp_reactome
JUN_CEBPB,unseen_combo_fold3,8,0.0061721410602331,0.0785629749298095,0.9531031847000122,0.9328321518523798,0.8667230010032654,0.6944007737271113,0.8709374666213989,0.0640974640846252,0.92680561542511,0.8938373837383738,0.65,0.72,0.66,mlp_reactome
KIF18B_KIF2C,unseen_combo_fold0,8,0.0014964697184041,0.0386842302978038,0.9867647290229796,0.9516348582250982,0.4808216094970703,0.187956690967021,0.484259694814682,0.0143803497776389,0.769231379032135,0.7210801080108011,0.3,0.46,0.43,mlp_reactome
KLF1_BAK1,unseen_combo_fold2,8,0.0007064375095069,0.0265788920223712,0.9946852326393129,0.9488869961710986,0.932153582572937,0.5259995398883801,0.9320627450942992,0.0075224377214908,0.9658677577972412,0.9267086708670867,0.8,0.82,0.67,mlp_reactome
KLF1_CEBPA,unseen_combo_fold0,8,0.00154223467689,0.0392712950706481,0.9887437224388124,0.9683017105006592,0.9677995443344116,0.8634802192323385,0.9684807658195496,0.0086976364254951,0.9837333559989928,0.9645364536453646,0.9,0.82,0.86,mlp_reactome
KLF1_CLDN6,unseen_combo_fold2,8,0.0027267870027571,0.0522186458110809,0.9804347157478333,0.9368979434446448,0.8963038325309753,0.5846197517051565,0.8958802223205566,0.0306024812161922,0.9267632961273192,0.9262646264626464,0.85,0.66,0.66,mlp_reactome
KLF1_COL2A1,unseen_combo_fold1,8,0.0026672487147152,0.0516454130411148,0.9790282249450684,0.9508778956201356,0.8524630069732666,0.6094866583715237,0.8535982966423035,0.0338203944265842,0.9142393469810486,0.8711911191119112,0.7,0.66,0.6,mlp_reactome
KLF1_FOXA1,unseen_combo_fold1,8,0.0020637975540012,0.0454290397465229,0.9848338961601256,0.9578390209665456,0.8479200601577759,0.5859887474255753,0.8453534841537476,0.0247184261679649,0.8960568904876709,0.8821842184218421,0.7,0.7,0.66,mlp_reactome
KLF1_MAP2K6,unseen_combo_fold4,8,0.0015593610005453,0.0394887439906597,0.9887262582778932,0.9361540241928028,0.8600168228149414,0.5174358438161644,0.8595529198646545,0.0225435011088848,0.937247633934021,0.8942454245424543,0.8,0.54,0.64,mlp_reactome
KLF1_TGFBR2,unseen_combo_fold1,8,0.0007768063805997,0.0278712473809719,0.994608759880066,0.9604170275155616,0.952415645122528,0.5460220068176124,0.952272653579712,0.0086881164461374,0.9805223345756532,0.9549474947494748,0.8,0.88,0.73,mlp_reactome
LHX1_ELMSAN1,unseen_combo_fold2,8,0.0016175571363419,0.0402188636362552,0.9857807755470276,0.9538069448826132,0.8722214698791504,0.5625055056105253,0.8734144568443298,0.0216069165617227,0.9227911829948424,0.8696069606960696,0.6,0.62,0.65,mlp_reactome
LYL1_CEBPB,unseen_combo_fold4,8,0.005862892139703,0.076569527387619,0.9501622319221495,0.9417993477135588,0.7298219799995422,0.6749519338766703,0.7373318076133728,0.0527446158230304,0.7765686511993408,0.838043804380438,0.5,0.52,0.58,mlp_reactome
LYL1_IER5L,unseen_combo_fold2,8,0.0031862636096775,0.0564469993114471,0.972285807132721,0.9436692906647606,0.8355359435081482,0.5433446645811213,0.8361001014709473,0.0407531037926673,0.9112571477890016,0.8857965796579658,0.65,0.6,0.66,mlp_reactome
MAP2K3_ELMSAN1,unseen_combo_fold1,8,0.001178321079351,0.0343266800045967,0.9912216067314148,0.9544748300645244,0.8678737282752991,0.62714605027635,0.867280900478363,0.0148844039067626,0.9325958490371704,0.9107590759075908,0.5,0.72,0.71,mlp_reactome
MAP2K3_IKZF3,unseen_combo_fold0,8,0.0018253591842949,0.0427242219448089,0.9885247945785522,0.9633935791048776,0.956948220729828,0.7121686010855556,0.9568252563476562,0.0270005445927381,0.9694573283195496,0.9325532553255326,0.8,0.72,0.77,mlp_reactome
MAP2K3_MAP2K6,unseen_combo_fold1,8,0.0028863507322967,0.0537247695028781,0.9762438535690308,0.9463283371518166,-0.0220403913408517,-0.0461800945228361,-0.0226104017347097,0.028857946395874,0.0806359574198722,-0.0077647764776477,0.3,0.24,0.28,mlp_reactome
MAP2K3_SLC38A2,unseen_combo_fold1,8,0.0005932925269007,0.024357596412301,0.9950724244117736,0.9575705950080704,0.808789074420929,0.4733920918246065,0.8083244562149048,0.0063507389277219,0.9063975214958192,0.8955175517551756,0.6,0.66,0.72,mlp_reactome
MAP2K6_ELMSAN1,unseen_combo_fold2,8,0.0004133980546612,0.0203321930021047,0.9966132640838624,0.959275895144664,0.8997389078140259,0.5866059681695759,0.8995423913002014,0.0029946300201117,0.9599711894989014,0.9089108910891088,0.8,0.74,0.78,mlp_reactome
MAP2K6_IKZF3,unseen_combo_fold2,8,0.0007519209757447,0.0274211782962083,0.9950827360153198,0.9611514359129448,0.9778270721435548,0.7274307301212862,0.977924942970276,0.0063906307332217,0.9918356537818908,0.9534833483348336,0.9,0.76,0.8,mlp_reactome
MAP2K6_SPI1,unseen_combo_fold2,8,0.0073795402422547,0.0859042480587959,0.936744511127472,0.926366801751872,0.6800217628479004,0.5001108071047452,0.6667037010192871,0.0485833026468753,0.8153582811355591,0.7855385538553855,0.4,0.44,0.55,mlp_reactome
MAPK1_IKZF3,unseen_combo_fold2,8,0.0017358019249513,0.0416629575192928,0.988664984703064,0.9528735961205884,0.9400140047073364,0.7137853883553353,0.9409319758415222,0.0181190334260463,0.977661907672882,0.9527032703270328,0.8,0.86,0.8,mlp_reactome
MAPK1_PRTG,unseen_combo_fold1,8,0.0028437145520001,0.053326491266489,0.976286232471466,0.9573144775909336,0.7353327870368958,0.5774069495552135,0.7387287616729736,0.030935849994421,0.7662628293037415,0.8070927092709271,0.5,0.54,0.53,mlp_reactome
MAPK1_TGFBR2,unseen_combo_fold3,8,0.0025002814363688,0.0500028133392334,0.9793001413345336,0.9622835374154208,0.7886923551559448,0.590829341189397,0.7901699542999268,0.0366903431713581,0.8348650932312012,0.8686828682868287,0.85,0.72,0.65,mlp_reactome
PLK4_STIL,unseen_combo_fold1,8,0.0036107769701629,0.0600897409021854,0.9670239090919496,0.9373331598741595,0.6801007390022278,0.4406426658785862,0.6755697727203369,0.0405023992061615,0.8792312741279602,0.8497809780978098,0.45,0.42,0.46,mlp_reactome
POU3F2_CBFA2T3,unseen_combo_fold0,8,0.0020790200214833,0.0455962717533111,0.9818717241287231,0.9566919780087696,0.8677622079849243,0.6674928284065529,0.8707271218299866,0.0212121959775686,0.9485390782356262,0.9045784578457846,0.65,0.64,0.7,mlp_reactome
POU3F2_FOXL2,unseen_combo_fold0,8,0.0020856286864727,0.0456686839461326,0.9828647375106812,0.9576682659636452,0.9252296090126038,0.785995252896387,0.9269499182701112,0.0219580046832561,0.9731104373931884,0.9354815481548154,0.65,0.82,0.83,mlp_reactome
PRDM1_CBFA2T3,unseen_combo_fold0,8,0.0046384809538722,0.068106397986412,0.9650686383247375,0.9387090123515464,0.8622447848320007,0.6618252445520657,0.8638374209403992,0.0401696860790252,0.9232696294784546,0.90994299429943,0.65,0.66,0.71,mlp_reactome
PTPN12_OSR2,unseen_combo_fold2,8,0.0016344487667083,0.0404283180832862,0.9853176474571228,0.954945354097876,0.4648846983909607,0.3287262952021037,0.4788756072521209,0.0188933387398719,0.5162169933319092,0.4751395139513951,0.45,0.3,0.4,mlp_reactome
PTPN12_PTPN9,unseen_combo_fold1,8,0.0007524758111685,0.0274312924593687,0.9940592646598816,0.963149906770271,0.9564219117164612,0.7386406435508467,0.9561503529548644,0.0067211897112429,0.9812072515487672,0.913963396339634,0.65,0.76,0.77,mlp_reactome
PTPN12_SNAI1,unseen_combo_fold2,8,0.0018525171326473,0.0430408790707588,0.9820145964622498,0.9559088649287422,0.7704704999923706,0.5973732994946607,0.7715526223182678,0.0105937421321868,0.8843109011650085,0.8600420042004201,0.4,0.6,0.61,mlp_reactome
PTPN12_UBASH3A,unseen_combo_fold2,8,0.0014572159852832,0.038173496723175,0.9888910055160522,0.95750266978274,0.9692960381507874,0.7358946773479752,0.969304382801056,0.0207148883491754,0.9918113350868224,0.9404140414041404,0.8,0.82,0.83,mlp_reactome
PTPN12_ZBTB25,unseen_combo_fold4,8,0.0015488495118916,0.0393554270267486,0.9881116151809692,0.949114998918639,0.9634239077568054,0.679469736821613,0.9634227752685548,0.0199982784688472,0.9896246194839478,0.932001200120012,0.95,0.8,0.86,mlp_reactome
RHOXF2_SET,unseen_combo_fold3,8,0.0026345821097493,0.0513281822204589,0.981021523475647,0.9524565408365104,0.8765057921409607,0.7350599527085271,0.8796793222427368,0.0259372368454933,0.9137137532234192,0.8468286828682868,0.55,0.64,0.71,mlp_reactome
RHOXF2_ZBTB25,unseen_combo_fold3,8,0.0012590610422194,0.0354832485318183,0.99042147397995,0.954421844291933,0.9504407644271852,0.7221982743348959,0.9507239460945128,0.0078890286386013,0.9856207370758056,0.9426222622262226,0.8,0.78,0.82,mlp_reactome
SAMD1_PTPN12,unseen_combo_fold0,8,0.0012806593440473,0.0357863008975982,0.9900802373886108,0.966562300295422,0.9629216194152832,0.7619402501060134,0.9629795551300048,0.0150208827108144,0.9861945509910583,0.9036663666366636,0.85,0.68,0.8,mlp_reactome
SAMD1_TGFBR2,unseen_combo_fold0,8,0.0019832307007163,0.0445334799587726,0.9830601811408995,0.9492491599960676,0.878549337387085,0.5545847596059473,0.8791258335113525,0.016266606748104,0.9674819707870485,0.8803840384038404,0.75,0.56,0.63,mlp_reactome
SAMD1_UBASH3B,unseen_combo_fold4,8,0.0009384333970956,0.0306338611990213,0.9922891855239868,0.9547500600372654,0.9542859792709352,0.7325801225078221,0.9541946649551392,0.0072751878760755,0.9832494258880616,0.9304530453045304,0.85,0.72,0.74,mlp_reactome
SAMD1_ZBTB1,unseen_combo_fold3,8,0.0013368249638006,0.036562617868185,0.9900660514831544,0.9594017448222922,0.9505735635757446,0.7266810858015246,0.9511805176734924,0.011130191385746,0.9817349910736084,0.9464146414641464,0.9,0.78,0.81,mlp_reactome
SET_CEBPE,unseen_combo_fold0,8,0.0031260915566235,0.0559114627540111,0.9731455445289612,0.9512279690363198,0.8138522505760193,0.6523837366026595,0.8153574466705322,0.0208216793835163,0.9031059145927428,0.904086408640864,0.6,0.62,0.61,mlp_reactome
SET_KLF1,unseen_combo_fold0,8,0.0028822666499763,0.0536867454648017,0.9795739054679872,0.950841453353236,0.813034176826477,0.6155519970947109,0.8120536804199219,0.0386161208152771,0.8841156959533691,0.8802520252025202,0.5,0.62,0.68,mlp_reactome
SGK1_S1PR2,unseen_combo_fold0,8,0.0040387725457549,0.0635513365268707,0.9664008617401124,0.9491587952979192,0.8160784244537354,0.6888749210736983,0.8187531232833862,0.057010818272829,0.8712887763977051,0.8278787878787879,0.5,0.56,0.65,mlp_reactome
SGK1_TBX2,unseen_combo_fold4,8,0.0019756034016609,0.044447761029005,0.984135091304779,0.9417382933831666,0.9247257709503174,0.6769338072671917,0.9239567518234252,0.0235562585294246,0.973869562149048,0.9127752775277528,0.75,0.7,0.79,mlp_reactome
SGK1_TBX3,unseen_combo_fold0,8,0.0036191092804074,0.0601590350270271,0.969059944152832,0.952050837298309,0.8689515590667725,0.644279352676591,0.8681502938270569,0.0576495639979839,0.925302803516388,0.8682268226822683,0.6,0.66,0.73,mlp_reactome
SNAI1_DLX2,unseen_combo_fold4,8,0.0036479467526078,0.0603982359170913,0.962305784225464,0.932675117835254,0.8795692324638367,0.6414128384774747,0.879128634929657,0.0399884544312953,0.9459284543991088,0.9025982598259826,0.75,0.7,0.7,mlp_reactome
SNAI1_UBASH3B,unseen_combo_fold4,8,0.0010075935861095,0.0317426137626171,0.9904710650444032,0.9480035341608352,0.8544182181358337,0.6619832070734439,0.8503986597061157,0.0070741479285061,0.937840700149536,0.9009060906090608,0.7,0.74,0.66,mlp_reactome
TBX3_TBX2,unseen_combo_fold0,8,0.0019616794306784,0.0442908518016338,0.983495593070984,0.9492835028252792,0.8978747129440308,0.649029879329383,0.8944212794303894,0.0220207404345273,0.9436941146850586,0.8411521152115211,0.9,0.72,0.72,mlp_reactome
TGFBR2_C19orf26,unseen_combo_fold3,8,0.0018457968253642,0.0429627373814582,0.984431266784668,0.9576579630188008,0.8474302887916565,0.5240663400672148,0.8462317585945129,0.0235880892723798,0.921171247959137,0.8709270927092709,0.6,0.62,0.62,mlp_reactome
TGFBR2_ETS2,unseen_combo_fold4,8,0.0007417738088406,0.0272355247288942,0.9937146902084352,0.9498955303112182,0.8304917812347412,0.468578290976075,0.8318932056427002,0.0065981466323137,0.9311169385910034,0.9034383438343836,0.7,0.78,0.68,mlp_reactome
TGFBR2_IGDCC3,unseen_combo_fold3,8,0.0006261570379137,0.0250231306999921,0.9947607517242432,0.9645903825211212,0.9466493129730223,0.6772150968344619,0.9466830492019652,0.0049857529811561,0.982186496257782,0.9433663366336632,0.75,0.78,0.76,mlp_reactome
TGFBR2_PRTG,unseen_combo_fold2,8,0.0006549020763486,0.0255910549312829,0.9944248199462892,0.9636234937611662,0.951487958431244,0.7047529604851402,0.9516583681106568,0.0043860133737325,0.9809383749961852,0.9377377737773778,0.7,0.82,0.75,mlp_reactome
TMSB4X_BAK1,unseen_combo_fold4,8,0.0016623792471364,0.0407722853124141,0.9869834184646606,0.9316490601271452,0.7094489336013794,0.1407781027233652,0.7093098163604736,0.024056127294898,0.8973560333251953,0.7393579357935793,0.55,0.38,0.38,mlp_reactome
UBASH3B_CNN1,unseen_combo_fold2,8,0.0011532886419445,0.0339601039886474,0.9918634295463562,0.95950335792882,0.981186032295227,0.7955950367957536,0.9811866283416748,0.0159887596964836,0.9914800524711608,0.958055805580558,0.8,0.92,0.87,mlp_reactome
UBASH3B_OSR2,unseen_combo_fold2,8,0.0007124000694602,0.026690823957324,0.9936374425888062,0.9646472789915164,0.7383319139480591,0.5227542891349702,0.7498956322669983,0.0049299858510494,0.8656134009361267,0.8445244524452445,0.6,0.58,0.48,mlp_reactome
UBASH3B_PTPN12,unseen_combo_fold1,8,0.0005470572505146,0.0233892556279897,0.9957851767539978,0.9632883637748564,0.9754090905189514,0.7618022433395266,0.975393295288086,0.0034226842690259,0.9933835864067078,0.935901590159016,0.85,0.78,0.81,mlp_reactome
UBASH3B_PTPN9,unseen_combo_fold4,8,0.0014829168794676,0.0385086610913276,0.98747718334198,0.9561002754776184,0.9546672701835632,0.7386873851254587,0.954567551612854,0.0199681762605905,0.9789705276489258,0.9444704470447044,0.75,0.78,0.81,mlp_reactome
UBASH3B_UBASH3A,unseen_combo_fold1,8,0.0024238976184278,0.0492330938577652,0.978694498538971,0.9560674244307432,0.9201403260231018,0.6694313559472581,0.9201133251190186,0.0294840224087238,0.9582344889640808,0.9296489648964896,0.7,0.74,0.71,mlp_reactome
UBASH3B_ZBTB25,unseen_combo_fold4,8,0.0012870386708527,0.0358753204345703,0.9893913269042968,0.9429487659834545,0.9476109147071838,0.6563233212888245,0.9469425082206726,0.0152530744671821,0.9805384278297424,0.9085748574857486,0.85,0.68,0.72,mlp_reactome
ZBTB10_DLX2,unseen_combo_fold3,8,0.0067986641079187,0.0824540108442306,0.9404897689819336,0.9236835104612288,0.8596441745758057,0.7178595149253828,0.8608938455581665,0.0800259709358215,0.9018113017082214,0.880924092409241,0.65,0.6,0.69,mlp_reactome
ZBTB10_ELMSAN1,unseen_combo_fold2,8,0.0026950926985591,0.051914282143116,0.9766167402267456,0.9502462481648384,0.89277583360672,0.7281710829153352,0.8963053822517395,0.0259603857994079,0.9624933004379272,0.93992199219922,0.75,0.68,0.66,mlp_reactome
ZBTB10_PTPN12,unseen_combo_fold0,8,0.0034600973594933,0.0588225908577442,0.969771683216095,0.9510717645577268,0.7490941286087036,0.6718433357273376,0.7525405883789062,0.0241110064089298,0.9404011368751526,0.8973537353735374,0.5,0.58,0.65,mlp_reactome
ZBTB10_SNAI1,unseen_combo_fold2,8,0.0052307760342955,0.0723241046071052,0.956652045249939,0.942615721473888,0.9107477068901062,0.7692115593693922,0.9114111661911012,0.0554870665073394,0.9655195474624634,0.9383858385838584,0.7,0.72,0.73,mlp_reactome
ZC3HAV1_CEBPA,unseen_combo_fold1,8,0.0021062144078314,0.0458935126662254,0.9852586388587952,0.9616868902591796,0.9581548571586608,0.8109492830573415,0.9593742489814758,0.0148128531873226,0.9781448245048524,0.947914791479148,0.8,0.84,0.83,mlp_reactome
ZC3HAV1_CEBPE,unseen_combo_fold3,8,0.001198984333314,0.0346263535320758,0.989777445793152,0.9607229928907054,0.8532121181488037,0.5892796615146952,0.8527097702026367,0.0090821040794253,0.9212931990623474,0.9096069606960696,0.6,0.74,0.67,mlp_reactome
ZC3HAV1_HOXC13,unseen_combo_fold3,8,0.0020347109530121,0.0451077707111835,0.982902765274048,0.9535240852529112,0.7341318130493164,0.5034384968484504,0.7336233854293823,0.0278578288853168,0.8512430787086487,0.8625142514251425,0.65,0.6,0.61,mlp_reactome
ZNF318_FOXL2,unseen_combo_fold3,8,0.0017517022788524,0.041853342205286,0.9837538599967957,0.958924401367386,0.7743417620658875,0.6565588643702722,0.7735863924026489,0.0185684543102979,0.8703796863555908,0.8973897389738974,0.55,0.58,0.62,mlp_reactome
AHR_FEV,unseen_combo_fold0,8,0.0035063461400568,0.0592144094407558,0.9789559245109558,0.96672557704083,0.9220882654190063,0.796310444336018,0.9260545372962952,0.0398913994431495,0.9466302394866944,0.8677587758775878,0.65,0.72,0.71,ridge_shuffle_1001
AHR_KLF1,unseen_combo_fold2,8,0.0020306864753365,0.0450631380081176,0.9857125282287598,0.9605430913836032,0.8763201236724854,0.4834574422889482,0.8785467743873596,0.0128989983350038,0.9371002912521362,0.8601140114011401,0.75,0.68,0.62,ridge_shuffle_1001
BCL2L11_BAK1,unseen_combo_fold0,8,0.0005669140373356,0.0238099563866853,0.9951937794685364,0.969792322223329,0.4035195708274841,0.1396141555866543,0.4055010080337524,0.0050726952031254,0.6113471388816833,0.6018721872187218,0.45,0.26,0.29,ridge_shuffle_1001
BCL2L11_TGFBR2,unseen_combo_fold0,8,0.0004524790856521,0.0212715566158294,0.9962056279182434,0.9773828273365784,0.7934573888778687,0.2935376496436639,0.7929433584213257,0.0042399321682751,0.9355782866477966,0.8228142814281428,0.75,0.44,0.45,ridge_shuffle_1001
BPGM_SAMD1,unseen_combo_fold0,8,0.0011686332290992,0.0341852791607379,0.9911829829216005,0.9732854275474834,0.950785756111145,0.7322655781702985,0.9502475261688232,0.0125056114047765,0.9851967096328736,0.9095949594959496,0.9,0.7,0.75,ridge_shuffle_1001
BPGM_ZBTB1,unseen_combo_fold1,8,0.001098567736335,0.033144649118185,0.992211103439331,0.9740604327874332,0.9716589450836182,0.7268605615686343,0.9714947938919068,0.0152526041492819,0.9925156235694884,0.9622922292229223,0.95,0.86,0.81,ridge_shuffle_1001
C3orf72_FOXL2,unseen_combo_fold4,8,0.0057585285976529,0.0758849680423736,0.950554370880127,0.9207172087328032,0.7926355600357056,0.5874265697137033,0.7938519716262817,0.0333961546421051,0.914447009563446,0.893921392139214,0.5,0.6,0.56,ridge_shuffle_1001
CBL_CNN1,unseen_combo_fold1,8,0.0026724603958427,0.0516958460211753,0.9815728068351746,0.961166648281594,0.9619625806808472,0.7581951887198649,0.9614568948745728,0.0383666343986988,0.98041170835495,0.9347374737473748,0.8,0.86,0.78,ridge_shuffle_1001
CBL_PTPN12,unseen_combo_fold1,8,0.0010699782287701,0.0327105224132537,0.9920286536216736,0.9434579908123272,0.9551184773445128,0.6885545394246373,0.9541719555854796,0.0091397557407617,0.9826245903968812,0.924956495649565,0.7,0.78,0.74,ridge_shuffle_1001
CBL_PTPN9,unseen_combo_fold3,8,0.0006343746208585,0.0251867938786745,0.9949663877487184,0.9695135303555004,0.9627181887626648,0.695316443024155,0.9612016677856444,0.0038037744816392,0.989129602909088,0.9291689168916892,0.8,0.82,0.8,ridge_shuffle_1001
CBL_TGFBR2,unseen_combo_fold2,8,0.0007029120461083,0.0265124887228012,0.994005560874939,0.9643456052351992,0.9376034140586852,0.5927638132857975,0.937388241291046,0.0034566700924187,0.982966959476471,0.912091209120912,0.5,0.7,0.74,ridge_shuffle_1001
CBL_UBASH3A,unseen_combo_fold4,8,0.0026657879352569,0.0516312681138515,0.979299247264862,0.9343037051006602,0.8639695644378662,0.5129074148013438,0.8620113730430603,0.0204199813306331,0.9495157599449158,0.901830183018302,0.65,0.6,0.57,ridge_shuffle_1001
CBL_UBASH3B,unseen_combo_fold4,8,0.0033900060225278,0.058223757892847,0.9744501113891602,0.9297450702408496,0.912925660610199,0.60324447589757,0.9105533957481384,0.0426993034780025,0.9573112726211548,0.8654785478547855,0.7,0.58,0.62,ridge_shuffle_1001
CDKN1B_CDKN1A,unseen_combo_fold0,8,0.0012432754738256,0.0352601110935211,0.9886108040809632,0.9653331566995856,0.9471863508224488,0.6737618196471041,0.9469563364982604,0.0105922138318419,0.9898309707641602,0.9358895889588958,0.85,0.84,0.83,ridge_shuffle_1001
CDKN1C_CDKN1A,unseen_combo_fold4,8,0.0017284187488257,0.0415742546319961,0.9850220680236816,0.9544305663065956,0.9389257431030272,0.6424545996985654,0.9391213059425354,0.0115980859845876,0.983061909675598,0.9374017401740176,0.85,0.76,0.78,ridge_shuffle_1001
CDKN1C_CDKN1B,unseen_combo_fold3,8,0.0013027109671384,0.0360930860042572,0.9881092309951782,0.9653097716512664,0.9137246012687684,0.6225195210170229,0.913833737373352,0.011832139454782,0.9730749130249025,0.9242364236423642,0.75,0.74,0.72,ridge_shuffle_1001
CEBPB_CEBPA,unseen_combo_fold3,8,0.0058788829483091,0.0766738727688789,0.9640060663223268,0.939996700883708,0.93747740983963,0.7822646351081138,0.9399752020835876,0.0326975136995315,0.9778375029563904,0.9445304530453046,0.9,0.84,0.81,ridge_shuffle_1001
CEBPB_MAPK1,unseen_combo_fold2,8,0.0014953770441934,0.0386701039969921,0.9879021048545836,0.957913238649668,0.9479203820228576,0.823370936040377,0.9490150213241576,0.010952603071928,0.9752765893936156,0.974905490549055,0.8,0.86,0.78,ridge_shuffle_1001
CEBPB_OSR2,unseen_combo_fold1,8,0.0020342206116765,0.045102335512638,0.9835386872291564,0.9663318141865556,0.9437652826309204,0.841280936344269,0.9462286829948424,0.0175187364220619,0.9672027230262756,0.9362016201620162,0.75,0.82,0.76,ridge_shuffle_1001
CEBPB_PTPN12,unseen_combo_fold4,8,0.0021225151140242,0.0460707619786262,0.981678068637848,0.9564162376883356,0.8285170197486877,0.656426730866826,0.8323299884796143,0.0140124121680855,0.9197167158126832,0.8589018901890189,0.55,0.58,0.67,ridge_shuffle_1001
CEBPE_CEBPA,unseen_combo_fold0,8,0.0037123714573681,0.0609292313456535,0.9786143898963928,0.9581376032742068,0.9682809114456176,0.8649997938983236,0.96935373544693,0.0370742604136467,0.9790215492248536,0.9574797479747976,0.9,0.84,0.84,ridge_shuffle_1001
CEBPE_CEBPB,unseen_combo_fold1,8,0.006509952712804,0.0806842744350433,0.9483869671821594,0.9498128899078538,0.9023804664611816,0.7703903295508279,0.9059800505638124,0.0812848359346389,0.9437132477760316,0.8850885088508851,0.7,0.64,0.77,ridge_shuffle_1001
CEBPE_CNN1,unseen_combo_fold4,8,0.0035544787533581,0.0596194490790367,0.9692787528038024,0.9644643773445049,0.811432957649231,0.6520529726156209,0.8140140175819397,0.0320737063884735,0.8831416964530945,0.8276747674767476,0.55,0.62,0.69,ridge_shuffle_1001
CEBPE_KLF1,unseen_combo_fold3,8,0.0033573280088603,0.0579424537718296,0.974333107471466,0.9642467003026208,0.7386921644210815,0.5551779105201404,0.7427346110343933,0.0277713797986507,0.8067716956138611,0.8423162316231623,0.45,0.52,0.59,ridge_shuffle_1001
CEBPE_PTPN12,unseen_combo_fold0,8,0.0012887835036963,0.035899631679058,0.9890140891075134,0.9697328195884256,0.8881219029426575,0.6950599761633647,0.8884736895561218,0.0084825474768877,0.9509480595588684,0.933909390939094,0.65,0.74,0.69,ridge_shuffle_1001
CEBPE_RUNX1T1,unseen_combo_fold0,8,0.0006167445098981,0.0248343404382467,0.9946659207344056,0.9842823273760388,0.9600035548210144,0.8575105742483182,0.9604527950286864,0.0053153755143284,0.9772070050239564,0.928088808880888,0.8,0.86,0.84,ridge_shuffle_1001
CEBPE_SPI1,unseen_combo_fold1,8,0.0115410732105374,0.1074293851852417,0.9162650108337402,0.9454177870792068,0.924929678440094,0.8201015920855262,0.925084114074707,0.1561285555362701,0.9419212341308594,0.9045304530453044,0.8,0.72,0.74,ridge_shuffle_1001
CNN1_MAPK1,unseen_combo_fold1,8,0.0006874750833958,0.0262197460979223,0.9941079020500184,0.9684228592192828,0.9148226380348206,0.6482485131168092,0.9150550961494446,0.003921344410628,0.9760018587112428,0.9322532253225324,0.85,0.72,0.82,ridge_shuffle_1001
CNN1_UBASH3A,unseen_combo_fold1,8,0.0052457274869084,0.0724273920059204,0.9596661329269408,0.9544031258409996,0.9314345121383668,0.6630060580374012,0.9312825202941896,0.0802642405033111,0.9720435738563538,0.9123072307230724,0.85,0.68,0.7,ridge_shuffle_1001
DUSP9_ETS2,unseen_combo_fold2,8,0.0015081850579008,0.0388353578746318,0.9880304336547852,0.9749005369321996,0.8704574704170227,0.6740818174263237,0.8722267150878906,0.0150275137275457,0.9219170808792114,0.9075907590759076,0.65,0.76,0.75,ridge_shuffle_1001
DUSP9_IGDCC3,unseen_combo_fold3,8,0.0008943672291934,0.0299059730023145,0.993719220161438,0.9661258938456408,0.9707278609275818,0.8130487490924184,0.9702244997024536,0.0074725486338138,0.9862053990364076,0.9683888388838884,0.8,0.88,0.82,ridge_shuffle_1001
DUSP9_KLF1,unseen_combo_fold3,8,0.0022157207131385,0.0470714420080184,0.9867211580276488,0.9680970413990612,0.9534149169921876,0.7242126454653882,0.9539599418640136,0.0330861918628215,0.9657167196273804,0.9292529252925292,0.7,0.78,0.81,ridge_shuffle_1001
DUSP9_MAPK1,unseen_combo_fold3,8,0.0011768750846385,0.0343056134879589,0.9906398057937622,0.9655832442041152,0.8521011471748352,0.5673959010829689,0.8566458225250244,0.0054603535681962,0.9471164345741272,0.8857365736573657,0.65,0.68,0.65,ridge_shuffle_1001
DUSP9_PRTG,unseen_combo_fold0,8,0.0012132069095969,0.0348311215639114,0.9916725158691406,0.9631668996965268,0.9617093801498412,0.7918459086991738,0.9620412588119508,0.0086922980844974,0.9823508262634276,0.9544794479447944,0.6,0.88,0.81,ridge_shuffle_1001
DUSP9_SNAI1,unseen_combo_fold3,8,0.005716604180634,0.0756082311272621,0.953478991985321,0.940502150844022,0.829451322555542,0.7075392567361435,0.8301588892936707,0.0481366552412509,0.9432937502861024,0.8928292829282928,0.55,0.64,0.65,ridge_shuffle_1001
ETS2_CEBPE,unseen_combo_fold4,8,0.0012213883455842,0.0349483676254749,0.990160584449768,0.9730908802580652,0.9556704163551332,0.8150819824344474,0.956775963306427,0.0122864935547113,0.9763593673706056,0.943066306630663,0.9,0.86,0.81,ridge_shuffle_1001
ETS2_CNN1,unseen_combo_fold4,8,0.0016467261593788,0.0405798740684986,0.986133873462677,0.9742474955850926,0.8867460489273071,0.681090047918294,0.8871155977249146,0.0177064761519432,0.9328089356422424,0.921884188418842,0.7,0.64,0.71,ridge_shuffle_1001
ETS2_IGDCC3,unseen_combo_fold0,8,0.000977833289653,0.0312703251838684,0.991752564907074,0.977055018650718,0.8576964735984802,0.6805438962879088,0.8596603870391846,0.0065250522457063,0.9457584619522096,0.92002400240024,0.7,0.72,0.68,ridge_shuffle_1001
ETS2_IKZF3,unseen_combo_fold1,8,0.0011188819771632,0.0334496945142746,0.9933676719665528,0.9666365113746114,0.972739040851593,0.8064280738125039,0.9731712341308594,0.0104514332488179,0.9895998239517212,0.953867386738674,0.75,0.8,0.8,ridge_shuffle_1001
ETS2_MAP7D1,unseen_combo_fold2,8,0.001522445003502,0.0390185229480266,0.986902117729187,0.9653340830907688,0.904644012451172,0.6264722280447969,0.9055264592170716,0.0171575360000133,0.9515014290809632,0.9396339633963396,0.7,0.8,0.73,ridge_shuffle_1001
ETS2_MAPK1,unseen_combo_fold2,8,0.0046158535405993,0.0679400712251663,0.9654998779296876,0.915606801495666,0.866960883140564,0.5357549160178474,0.867111325263977,0.0516296736896038,0.9361109733581544,0.9267566756675668,0.75,0.74,0.62,ridge_shuffle_1001
ETS2_PRTG,unseen_combo_fold4,8,0.0007533321622759,0.0274468977004289,0.9937018752098083,0.9754777571793802,0.914404273033142,0.7226070683821119,0.9153287410736084,0.0048446427099406,0.967471718788147,0.9105310531053106,0.7,0.74,0.72,ridge_shuffle_1001
FEV_CBFA2T3,unseen_combo_fold2,8,0.0052891219966113,0.0727263465523719,0.965398907661438,0.943358274016784,0.8848893046379089,0.718874132477157,0.8903476595878601,0.0599505715072155,0.9219998717308044,0.8961176117611761,0.6,0.72,0.74,ridge_shuffle_1001
FEV_ISL2,unseen_combo_fold3,8,0.0033167223446071,0.0575909912586212,0.9808127284049988,0.9687704092656488,0.9462947249412536,0.7758853813188201,0.9486324191093444,0.046112522482872,0.9770894050598145,0.9336573657365737,0.7,0.82,0.82,ridge_shuffle_1001
FEV_MAP7D1,unseen_combo_fold3,8,0.0016236500814557,0.0402945429086685,0.9886707663536072,0.9709689274669636,0.930662214756012,0.7494339257097241,0.9317666888237,0.0161695852875709,0.9659135937690736,0.9418421842184218,0.75,0.8,0.8,ridge_shuffle_1001
FOSB_CEBPB,unseen_combo_fold1,8,0.0043999282643198,0.0663319528102874,0.9651212096214294,0.9470347470348028,0.908447265625,0.7523254936483796,0.9106776714324952,0.0456844046711921,0.945188581943512,0.901974197419742,0.75,0.72,0.79,ridge_shuffle_1001
FOSB_CEBPE,unseen_combo_fold1,8,0.0044435071758925,0.0666596367955207,0.9671047329902648,0.9640487722132246,0.9247229695320128,0.8029251194344453,0.9266698360443116,0.0492029339075088,0.9619398713111876,0.9265286528652864,0.85,0.78,0.76,ridge_shuffle_1001
FOSB_IKZF3,unseen_combo_fold4,8,0.0038781438488513,0.0622747465968132,0.975447952747345,0.9537462482881528,0.9240487217903136,0.7632719568440641,0.9242540597915648,0.035641111433506,0.9534056782722472,0.9014701470147016,0.65,0.7,0.73,ridge_shuffle_1001
FOSB_OSR2,unseen_combo_fold3,8,0.0027623826172202,0.0525583736598491,0.9806585311889648,0.9722908698135374,0.9363795518875122,0.8220078270365634,0.9388636946678162,0.0382143147289752,0.9533371925354004,0.9163396339633963,0.75,0.8,0.78,ridge_shuffle_1001
FOSB_PTPN12,unseen_combo_fold4,8,0.0022725837770849,0.0476716235280036,0.9809169769287108,0.947665142485756,0.6976562738418579,0.4814985744001988,0.6981319189071655,0.0108475862070918,0.8768102526664734,0.8631623162316232,0.4,0.52,0.49,ridge_shuffle_1001
FOSB_UBASH3B,unseen_combo_fold1,8,0.0014849141007289,0.0385345816612243,0.9866454601287842,0.9748209344884292,0.7597458362579346,0.5506813499695867,0.7622138261795044,0.0112841371446847,0.8594659566879272,0.8494929492949295,0.65,0.54,0.63,ridge_shuffle_1001
FOXA1_FOXF1,unseen_combo_fold0,8,0.0010784816695377,0.0328402444720268,0.9902493953704834,0.9699927120989684,0.9085863828659058,0.7385876271270123,0.9103497266769408,0.0082018766552209,0.9582775235176086,0.928064806480648,0.6,0.74,0.78,ridge_shuffle_1001
FOXA1_FOXL2,unseen_combo_fold2,8,0.0008492281194776,0.0291415192186832,0.992173433303833,0.970099549771361,0.9475767016410828,0.7991128222523745,0.948882520198822,0.0035952737089246,0.9842358231544496,0.9511311131113112,0.7,0.84,0.77,ridge_shuffle_1001
FOXA1_HOXB9,unseen_combo_fold4,8,0.0009130868129432,0.0302173271775245,0.99220472574234,0.9725386000528672,0.9538455009460448,0.8287628195495687,0.9554274082183838,0.0061587779782712,0.9802418947219848,0.953999399939994,0.75,0.82,0.82,ridge_shuffle_1001
FOXA3_FOXA1,unseen_combo_fold4,8,0.0011723830830305,0.0342400819063186,0.9895593523979188,0.9666249060925466,0.9376621246337892,0.802338662434823,0.938774585723877,0.0065607442520558,0.9735902547836304,0.9322532253225324,0.65,0.72,0.73,ridge_shuffle_1001
FOXA3_FOXF1,unseen_combo_fold2,8,0.0012179146287962,0.0348986349999904,0.9882028102874756,0.9665123085691332,0.9173246622085572,0.7617609080751369,0.9189811944961548,0.0043401117436587,0.975971817970276,0.9356855685568556,0.8,0.78,0.76,ridge_shuffle_1001
FOXA3_FOXL2,unseen_combo_fold0,8,0.0034525580704212,0.058758471161127,0.9715187549591064,0.9624358543814752,0.9254137873649596,0.8119607953441603,0.9270444512367249,0.0334365479648113,0.9697844386100768,0.9143114311431144,0.75,0.74,0.76,ridge_shuffle_1001
FOXA3_HOXB9,unseen_combo_fold3,8,0.001122940913774,0.0335103087127208,0.9908760190010072,0.9760267704520942,0.963889181613922,0.8742078869649988,0.9649546146392822,0.0097154639661312,0.9875030517578124,0.9361776177617762,0.75,0.8,0.91,ridge_shuffle_1001
FOXF1_FOXL2,unseen_combo_fold4,8,0.0014847423881292,0.0385323539376258,0.9872409701347352,0.9634407512160346,0.94295734167099,0.7967183555922931,0.9433431029319764,0.0113087221980094,0.9760255217552184,0.9393219321932194,0.7,0.78,0.84,ridge_shuffle_1001
FOXF1_HOXB9,unseen_combo_fold1,8,0.0009364211582578,0.0306009985506534,0.9915117621421814,0.9692425328063782,0.937095046043396,0.7770816508841021,0.93879371881485,0.0051563424058258,0.9775387048721312,0.9405340534053406,0.7,0.76,0.77,ridge_shuffle_1001
FOXL2_HOXB9,unseen_combo_fold3,8,0.0020162367727607,0.0449025258421897,0.9833234548568726,0.9629935150807292,0.9225427508354188,0.7726939688266722,0.9247173070907592,0.0148986876010894,0.9745242595672609,0.9194959495949596,0.55,0.74,0.78,ridge_shuffle_1001
FOXL2_MEIS1,unseen_combo_fold3,8,0.0013246469898149,0.0363956987857818,0.9887709021568298,0.9712161337300742,0.9171969294548036,0.7515114934898249,0.91921204328537,0.0137339010834693,0.9674667716026306,0.8927332733273328,0.7,0.68,0.79,ridge_shuffle_1001
IGDCC3_MAPK1,unseen_combo_fold3,8,0.0010679187253117,0.0326790250837802,0.9908187985420228,0.967876246780656,0.8747115135192871,0.6652139650613066,0.8755320310592651,0.0093020042404532,0.9193041920661926,0.887932793279328,0.6,0.68,0.72,ridge_shuffle_1001
IGDCC3_PRTG,unseen_combo_fold2,8,0.0029103122651576,0.0539473108947277,0.9779258370399476,0.9376154057613566,0.9192830324172974,0.6731659801820786,0.9188244938850404,0.0268953777849674,0.9677731990814208,0.928040804080408,0.55,0.74,0.7,ridge_shuffle_1001
IGDCC3_ZBTB25,unseen_combo_fold4,8,0.0022979383356869,0.0479368157684803,0.9809398651123048,0.9517936444181468,0.9260100722312928,0.6810317997793743,0.9259847402572632,0.0218597911298275,0.9766119122505188,0.9126432643264326,0.75,0.7,0.74,ridge_shuffle_1001
IRF1_SET,unseen_combo_fold0,8,0.0031572512816637,0.0561894215643405,0.9741227030754088,0.9633097885688564,0.9011916518211364,0.774447762291976,0.902610719203949,0.0397005826234817,0.9311240911483764,0.8848844884488449,0.7,0.72,0.69,ridge_shuffle_1001
JUN_CEBPA,unseen_combo_fold1,8,0.0069826319813728,0.0835621431469917,0.9591577649116516,0.932183942983903,0.9270102977752686,0.7649512803492096,0.9296470284461976,0.0647911503911018,0.957254946231842,0.9122592259225922,0.7,0.78,0.82,ridge_shuffle_1001
JUN_CEBPB,unseen_combo_fold3,8,0.0045190555974841,0.06722392141819,0.9649617671966552,0.9361638841712144,0.879889190196991,0.6953551223605345,0.884398877620697,0.0293780453503131,0.9470922946929932,0.906006600660066,0.65,0.76,0.7,ridge_shuffle_1001
KIF18B_KIF2C,unseen_combo_fold0,8,0.001487375004217,0.0385664999485015,0.9869861006736756,0.9516762895029782,0.4976949095726013,0.2323260582152138,0.5004280209541321,0.0122316144406795,0.6816403269767761,0.5909510951095109,0.35,0.38,0.38,ridge_shuffle_1001
KLF1_BAK1,unseen_combo_fold2,8,0.0004731125372927,0.0217511504888534,0.9965152740478516,0.960768786072223,0.9567004442214966,0.5893110737290743,0.9562705159187316,0.0038442057557404,0.986968994140625,0.961932193219322,0.85,0.82,0.75,ridge_shuffle_1001
KLF1_CEBPA,unseen_combo_fold0,8,0.0035237472038716,0.0593611598014831,0.974991500377655,0.968190683484056,0.9234626293182372,0.8154290068576273,0.9253352880477904,0.0275304056704044,0.9550506472587584,0.942190219021902,0.9,0.8,0.75,ridge_shuffle_1001
KLF1_CLDN6,unseen_combo_fold2,8,0.0019105357350781,0.0437096767127513,0.9866584539413452,0.9517743277062198,0.9328924417495728,0.6524938831452634,0.9312418699264526,0.0190526284277439,0.959206223487854,0.9375337533753376,0.75,0.72,0.71,ridge_shuffle_1001
KLF1_COL2A1,unseen_combo_fold1,8,0.0033509850036352,0.0578876920044422,0.9734981656074524,0.967760669095166,0.8042275905609131,0.6628429841259693,0.8057032227516174,0.0448994860053062,0.8733774423599243,0.8734713471347134,0.65,0.66,0.58,ridge_shuffle_1001
KLF1_FOXA1,unseen_combo_fold1,8,0.0013407006626948,0.0366155803203582,0.9898083209991456,0.9680266623578944,0.8889201879501343,0.6728884673322266,0.8895024657249451,0.0137479258701205,0.9161391854286194,0.8869606960696069,0.7,0.78,0.75,ridge_shuffle_1001
KLF1_MAP2K6,unseen_combo_fold4,8,0.0010925710666924,0.0330540612339973,0.9923020601272584,0.9244038964086096,0.8900887370109558,0.5393105421414853,0.8884893655776978,0.0070819384418427,0.9571263194084167,0.8997659765976598,0.8,0.62,0.61,ridge_shuffle_1001
KLF1_TGFBR2,unseen_combo_fold1,8,0.0006568112294189,0.0256283283233642,0.9957780241966248,0.9710418670516104,0.9643509984016418,0.5976259214472518,0.9643471837043762,0.0073595819994807,0.9884623289108276,0.9601560156015602,0.8,0.92,0.77,ridge_shuffle_1001
LHX1_ELMSAN1,unseen_combo_fold2,8,0.0011278809979557,0.0335839390754699,0.9905725717544556,0.9632071287907598,0.8966025710105896,0.5494268106087804,0.8974387049674988,0.0100539084523916,0.9465323090553284,0.9128232823282328,0.8,0.7,0.66,ridge_shuffle_1001
LYL1_CEBPB,unseen_combo_fold4,8,0.0023187780752778,0.0481536909937858,0.9799547791481018,0.956942210998578,0.8323805332183838,0.6659331708840056,0.8367219567298889,0.0166551247239112,0.9110644459724426,0.8981698169816982,0.65,0.58,0.6,ridge_shuffle_1001
LYL1_IER5L,unseen_combo_fold2,8,0.0018097644206136,0.0425413250923156,0.9850382804870604,0.949111987184074,0.87971431016922,0.6435477464978376,0.8811668753623962,0.0124480910599231,0.9449288845062256,0.8921692169216922,0.7,0.68,0.65,ridge_shuffle_1001
MAP2K3_ELMSAN1,unseen_combo_fold1,8,0.0012312481412664,0.0350891463458538,0.990976870059967,0.9558789557067134,0.8454143404960632,0.5103513249147793,0.8453854918479919,0.012862809933722,0.9457959532737732,0.9041824182418242,0.6,0.66,0.7,ridge_shuffle_1001
MAP2K3_IKZF3,unseen_combo_fold0,8,0.0093667777255177,0.0967821180820465,0.9401790499687196,0.9380924753699016,0.6978643536567688,0.5035788495979453,0.6939697861671448,0.1147084683179855,0.8490099310874939,0.8086408640864087,0.45,0.5,0.5,ridge_shuffle_1001
MAP2K3_MAP2K6,unseen_combo_fold1,8,0.0008950092596933,0.0299167055636644,0.9935415983200072,0.9527764718797984,0.8431980013847351,0.5664987579325577,0.8420326113700867,0.0074641131795942,0.907528042793274,0.8891689168916892,0.65,0.7,0.7,ridge_shuffle_1001
MAP2K3_SLC38A2,unseen_combo_fold1,8,0.0006888138013891,0.0262452624738216,0.9944700598716736,0.951051502115089,0.8194257020950317,0.5037007634546694,0.8176074028015137,0.0038235518150031,0.9188987612724304,0.8861686168616861,0.65,0.7,0.7,ridge_shuffle_1001
MAP2K6_ELMSAN1,unseen_combo_fold2,8,0.0004964931868016,0.0222821272909641,0.9960044026374816,0.9608335188061295,0.8920589685440063,0.6203290416885154,0.891498327255249,0.0036480941344052,0.9422990679740906,0.8654185418541854,0.6,0.72,0.74,ridge_shuffle_1001
MAP2K6_IKZF3,unseen_combo_fold2,8,0.0010823738994076,0.0328994505107402,0.9928181171417236,0.9541495651622868,0.9647734761238098,0.7103872434648192,0.9648085832595824,0.0086782770231366,0.9833917617797852,0.9343654365436544,0.85,0.76,0.74,ridge_shuffle_1001
MAP2K6_SPI1,unseen_combo_fold2,8,0.0048177991993725,0.0694103688001632,0.955995500087738,0.9483857289028054,0.7754664421081543,0.5803975879440001,0.7700233459472656,0.0352061316370964,0.8782920837402344,0.8666906690669067,0.55,0.54,0.6,ridge_shuffle_1001
MAPK1_IKZF3,unseen_combo_fold2,8,0.0018473053351044,0.0429802909493446,0.9873154163360596,0.94277783377315,0.9322282671928406,0.7015698836054617,0.932790219783783,0.0122907198965549,0.9692666530609132,0.9392739273927392,0.85,0.78,0.73,ridge_shuffle_1001
MAPK1_PRTG,unseen_combo_fold1,8,0.0012397174723446,0.035209622234106,0.9895976185798644,0.970996092071889,0.858432948589325,0.6841918400014669,0.8600857257843018,0.0126737877726554,0.889255940914154,0.8776837683768377,0.65,0.66,0.66,ridge_shuffle_1001
MAPK1_TGFBR2,unseen_combo_fold3,8,0.0007485006935894,0.027358740568161,0.9938495755195618,0.9696517090130268,0.9480107426643372,0.6894751453243473,0.9482560753822328,0.0063463388942182,0.9831885695457458,0.969060906090609,1.0,0.88,0.78,ridge_shuffle_1001
PLK4_STIL,unseen_combo_fold1,8,0.0036783847026526,0.0606496892869472,0.966371774673462,0.9419434190051972,0.6450151205062866,0.4342289783048609,0.6411595344543457,0.0409121140837669,0.8568972945213318,0.8376117611761176,0.45,0.36,0.43,ridge_shuffle_1001
POU3F2_CBFA2T3,unseen_combo_fold0,8,0.0014901022659614,0.038601841777563,0.9867666363716124,0.9662131885226808,0.8724861741065979,0.7136034387760577,0.8761813044548035,0.0099766552448272,0.9459234476089478,0.896021602160216,0.7,0.66,0.64,ridge_shuffle_1001
POU3F2_FOXL2,unseen_combo_fold0,8,0.0021865705493837,0.0467607788741588,0.9820775985717772,0.9694310381360656,0.9286975860595704,0.8010966576854728,0.9299240112304688,0.0244324747473001,0.963217556476593,0.933813381338134,0.65,0.76,0.78,ridge_shuffle_1001
PRDM1_CBFA2T3,unseen_combo_fold0,8,0.0069449222646653,0.0833361968398094,0.9467610716819764,0.94546563813119,0.8121591806411743,0.6627615351845468,0.8153835535049438,0.089500144124031,0.8694866299629211,0.8758115811581159,0.5,0.64,0.64,ridge_shuffle_1001
PTPN12_OSR2,unseen_combo_fold2,8,0.0017693755216896,0.0420639440417289,0.9846004247665404,0.9571462287533792,0.6734061241149902,0.4576500642570451,0.6841611862182617,0.0130680538713932,0.764786422252655,0.7204560456045604,0.5,0.36,0.45,ridge_shuffle_1001
PTPN12_PTPN9,unseen_combo_fold1,8,0.0013448143145069,0.0366717092692852,0.9887591600418092,0.9604078650516684,0.9404654502868652,0.699783799788196,0.9398530721664428,0.0159974228590726,0.9791878461837769,0.905994599459946,0.9,0.66,0.78,ridge_shuffle_1001
PTPN12_SNAI1,unseen_combo_fold2,8,0.003061955794692,0.0553349405527114,0.9710589647293092,0.9189350868927636,0.6489123106002808,0.490456050548836,0.6491474509239197,0.021558878943324,0.7787615656852722,0.8082088208820882,0.25,0.48,0.57,ridge_shuffle_1001
PTPN12_UBASH3A,unseen_combo_fold2,8,0.0015730853192508,0.0396621413528919,0.9876646995544434,0.9283020798449032,0.9324550628662108,0.5927752712226162,0.9322347640991212,0.0110033405944705,0.9740522503852844,0.9014221422142216,0.8,0.7,0.77,ridge_shuffle_1001
PTPN12_ZBTB25,unseen_combo_fold4,8,0.0012144654756411,0.0348491817712783,0.9908090829849244,0.9410621859561984,0.9465832710266112,0.6742319547382909,0.9449803233146667,0.0105001060292124,0.977896809577942,0.8965856585658566,0.85,0.72,0.77,ridge_shuffle_1001
RHOXF2_SET,unseen_combo_fold3,8,0.0025176976341754,0.050176665186882,0.9818550944328308,0.9542523799807882,0.8871051073074341,0.7764287410634403,0.8886310458183289,0.0251302029937505,0.923711597919464,0.8965496549654965,0.6,0.7,0.71,ridge_shuffle_1001
RHOXF2_ZBTB25,unseen_combo_fold3,8,0.0016383657930418,0.040476731956005,0.9875326156616212,0.9615602419252424,0.9425713419914246,0.7335925966338822,0.9427902102470398,0.0148774245753884,0.9819340705871582,0.9365976597659766,0.75,0.76,0.82,ridge_shuffle_1001
SAMD1_PTPN12,unseen_combo_fold0,8,0.0008453921182081,0.0290756281465291,0.9934027791023254,0.9584684913111748,0.9616550803184508,0.7526449713166933,0.9617159366607666,0.003394806291908,0.9931742548942566,0.92992499249925,0.9,0.74,0.79,ridge_shuffle_1001
SAMD1_TGFBR2,unseen_combo_fold0,8,0.001790961716324,0.042319756001234,0.9846979975700378,0.9548000939066504,0.8804107308387756,0.5708263225170713,0.8807460069656372,0.0120299076661467,0.9726912379264832,0.8957575757575758,0.8,0.62,0.6,ridge_shuffle_1001
SAMD1_UBASH3B,unseen_combo_fold4,8,0.0011728827375918,0.034247376024723,0.9905041456222534,0.9511961163827172,0.9400789141654968,0.7016600799764964,0.9391824007034302,0.008305437862873,0.9788689017295836,0.9187758775877588,0.8,0.66,0.7,ridge_shuffle_1001
SAMD1_ZBTB1,unseen_combo_fold3,8,0.0017558631952852,0.0419030226767063,0.9874502420425416,0.968893654655428,0.9503896832466124,0.7406876442251731,0.9508693814277648,0.0200850553810596,0.9801176190376282,0.945034503450345,0.9,0.72,0.79,ridge_shuffle_1001
SET_CEBPE,unseen_combo_fold0,8,0.0026681614108383,0.0516542494297027,0.9776662588119508,0.9645832730395398,0.8541810512542725,0.694278339842171,0.8540961146354675,0.0183511953800916,0.922123908996582,0.9138553855385538,0.65,0.62,0.64,ridge_shuffle_1001
SET_KLF1,unseen_combo_fold0,8,0.0024748214054852,0.0497475750744342,0.9822856783866882,0.9695751038696924,0.8388903737068176,0.7005768522642208,0.8380560874938965,0.0286426711827516,0.8994617462158203,0.8971137113711372,0.6,0.64,0.69,ridge_shuffle_1001
SGK1_S1PR2,unseen_combo_fold0,8,0.0046084308996796,0.0678854212164878,0.9626113772392272,0.9597767638719036,0.8243059515953064,0.643296050286875,0.8217310905456543,0.0639561116695404,0.8763582706451416,0.8773597359735974,0.6,0.64,0.61,ridge_shuffle_1001
SGK1_TBX2,unseen_combo_fold4,8,0.0028406558558344,0.0532978028059005,0.9763096570968628,0.9385199188143544,0.8575559258460999,0.6139222603750005,0.85724937915802,0.0133532723411917,0.9656153321266174,0.9206840684068408,0.6,0.56,0.63,ridge_shuffle_1001
SGK1_TBX3,unseen_combo_fold0,8,0.0023769889958202,0.0487543754279613,0.9801352024078368,0.9567602005104826,0.9006295800209045,0.6491838218211875,0.9003769755363464,0.027699826285243,0.9635488390922546,0.8646504650465047,0.65,0.66,0.78,ridge_shuffle_1001
SNAI1_DLX2,unseen_combo_fold4,8,0.0028864527121186,0.053725715726614,0.9702714681625366,0.923312420712528,0.8877964019775391,0.6313110233332477,0.8877396583557129,0.0136593850329518,0.9611822962760924,0.912043204320432,0.75,0.68,0.7,ridge_shuffle_1001
SNAI1_UBASH3B,unseen_combo_fold4,8,0.002083318773657,0.0456433854997158,0.9816496968269348,0.946701145029138,0.8318617343902588,0.6325916054130409,0.8202552795410156,0.00840082205832,0.9285932779312134,0.8505610561056106,0.55,0.6,0.63,ridge_shuffle_1001
TBX3_TBX2,unseen_combo_fold0,8,0.0008113263174891,0.0284837912768125,0.9930363297462464,0.9529997127165356,0.9579549431800842,0.7251671472478045,0.957875907421112,0.0056103384122252,0.987428903579712,0.918019801980198,0.85,0.8,0.72,ridge_shuffle_1001
TGFBR2_C19orf26,unseen_combo_fold3,8,0.0014811545843258,0.0384857729077339,0.9875048995018004,0.9662985507597944,0.8760450482368469,0.5244566802321172,0.8765091300010681,0.0163216236978769,0.9499658942222596,0.8956975697569757,0.75,0.68,0.69,ridge_shuffle_1001
TGFBR2_ETS2,unseen_combo_fold4,8,0.0007285762112587,0.0269921515136957,0.9936922192573548,0.9708936446564612,0.8306201696395874,0.5261647128280166,0.8330776691436768,0.0060875643976032,0.907459020614624,0.8859285928592859,0.75,0.78,0.71,ridge_shuffle_1001
TGFBR2_IGDCC3,unseen_combo_fold3,8,0.0005758618353866,0.0239971205592155,0.9952097535133362,0.97203484529724,0.9544921517372132,0.6951074917219775,0.9544581174850464,0.0046520880423486,0.9870998859405518,0.947950795079508,0.8,0.78,0.71,ridge_shuffle_1001
TGFBR2_PRTG,unseen_combo_fold2,8,0.0006962661282159,0.0263868551701307,0.9942052960395812,0.9664032456898568,0.9526644349098206,0.7239931569982655,0.9526124596595764,0.0040210448205471,0.9832583069801332,0.9382778277827782,0.75,0.86,0.78,ridge_shuffle_1001
TMSB4X_BAK1,unseen_combo_fold4,8,0.0005260152975097,0.0229350235313177,0.9959847331047058,0.9625420669959532,0.9150488376617432,0.2132213922283934,0.9149996042251588,0.0036417169030755,0.9708120226860046,0.8232943294329433,0.75,0.6,0.5,ridge_shuffle_1001
UBASH3B_CNN1,unseen_combo_fold2,8,0.0017625422915443,0.0419826433062553,0.9877182841300964,0.9527696068348848,0.9708134531974792,0.7709085683474705,0.9702680110931396,0.024222508072853,0.9885353446006776,0.924104410441044,0.8,0.82,0.85,ridge_shuffle_1001
UBASH3B_OSR2,unseen_combo_fold2,8,0.0018167089438065,0.0426228679716587,0.9837654829025269,0.9664663207487252,0.6631953120231628,0.508340539406844,0.6774196028709412,0.0125809488818049,0.7622385621070862,0.7410741074107411,0.55,0.48,0.45,ridge_shuffle_1001
UBASH3B_PTPN12,unseen_combo_fold1,8,0.0017863641260191,0.0422654002904892,0.9862934350967408,0.9238651237268471,0.9211649894714355,0.6276371006008437,0.9186680912971495,0.0159187540411949,0.9733620882034302,0.8893369336933693,0.75,0.66,0.73,ridge_shuffle_1001
UBASH3B_PTPN9,unseen_combo_fold4,8,0.001054314081557,0.0324702039361,0.991343915462494,0.9533159312222896,0.9444994330406188,0.6925128509770768,0.9419659972190856,0.0091576371341943,0.9813621640205384,0.8932133213321332,0.7,0.72,0.76,ridge_shuffle_1001
UBASH3B_UBASH3A,unseen_combo_fold1,8,0.0010550500592216,0.0324815325438976,0.9905887842178344,0.9533373643278816,0.8807596564292908,0.5698012236103971,0.8807256817817688,0.0061570703983306,0.9518502950668336,0.867938793879388,0.7,0.7,0.65,ridge_shuffle_1001
UBASH3B_ZBTB25,unseen_combo_fold4,8,0.0014761998318135,0.0384213477373123,0.9882532358169556,0.9327128542501304,0.9153549075126648,0.6344232004399689,0.9126229882240297,0.0133362123742699,0.9604735374450684,0.8685148514851485,0.75,0.64,0.61,ridge_shuffle_1001
ZBTB10_DLX2,unseen_combo_fold3,8,0.006881377659738,0.0829540714621543,0.9401588439941406,0.9396109921918472,0.8933749198913574,0.7584968619354849,0.8939177393913269,0.0828804373741149,0.9420804977416992,0.902022202220222,0.75,0.64,0.74,ridge_shuffle_1001
ZBTB10_ELMSAN1,unseen_combo_fold2,8,0.0023216228000819,0.0481832213699817,0.9800525903701782,0.9596524503333456,0.8980794548988342,0.74783230331306,0.9004684686660767,0.0198267474770545,0.9631953239440918,0.9192199219921992,0.75,0.64,0.66,ridge_shuffle_1001
ZBTB10_PTPN12,unseen_combo_fold0,8,0.0022449847310781,0.0473812706768512,0.980841875076294,0.9610996189160792,0.8576271533966064,0.7592425981265096,0.8596730828285217,0.0086784772574901,0.9616277813911438,0.9136393639363936,0.65,0.68,0.68,ridge_shuffle_1001
ZBTB10_SNAI1,unseen_combo_fold2,8,0.0036303654778748,0.0602525137364864,0.9693697690963744,0.9415103141446654,0.9080376625061036,0.7755445245994039,0.9087454080581664,0.0275736302137374,0.9584007859230042,0.9363096309630964,0.7,0.7,0.72,ridge_shuffle_1001
ZC3HAV1_CEBPA,unseen_combo_fold1,8,0.0038905313704162,0.0623741224408149,0.972981095314026,0.9433923679944688,0.929233968257904,0.7488032395466558,0.9303656220436096,0.0368231907486915,0.957655429840088,0.9295649564956496,0.8,0.78,0.81,ridge_shuffle_1001
ZC3HAV1_CEBPE,unseen_combo_fold3,8,0.0018558154115453,0.043079175055027,0.9841452240943908,0.9602955441049016,0.886832058429718,0.6034588548899928,0.8865755200386047,0.0159648098051548,0.95454603433609,0.9227842784278428,0.7,0.82,0.67,ridge_shuffle_1001
ZC3HAV1_HOXC13,unseen_combo_fold3,8,0.0016682927962392,0.0408447384834289,0.985775589942932,0.9588336939043748,0.7582656145095825,0.5516747873042541,0.761778712272644,0.015763770788908,0.8531337380409241,0.8692709270927093,0.5,0.62,0.57,ridge_shuffle_1001
ZNF318_FOXL2,unseen_combo_fold3,8,0.0012055385159328,0.0347208641469478,0.9890735149383544,0.9676070208352372,0.8533259630203247,0.6720406687496271,0.8505995869636536,0.0084080304950475,0.9511898159980774,0.9294929492949296,0.65,0.62,0.64,ridge_shuffle_1001
AHR_FEV,unseen_combo_fold0,8,0.0057723256759345,0.0759758204221725,0.9675720930099488,0.955541555604712,0.9271060228347778,0.7518847620396619,0.9310601949691772,0.0826618298888206,0.9604499340057372,0.8876207620762077,0.65,0.76,0.71,mlp_shuffle_1001
AHR_KLF1,unseen_combo_fold2,8,0.0022926146630197,0.047881256788969,0.9846308827400208,0.960723722477758,0.8195193409919739,0.3837297021131057,0.8218949437141418,0.0211292579770088,0.9000892639160156,0.8023762376237624,0.75,0.66,0.56,mlp_shuffle_1001
BCL2L11_BAK1,unseen_combo_fold0,8,0.0005123777664266,0.0226357635110616,0.9956070780754088,0.9634231689998632,0.3829489648342132,0.1666565886466421,0.3881378173828125,0.0052577196620404,0.5801804065704346,0.59008700870087,0.35,0.22,0.32,mlp_shuffle_1001
BCL2L11_TGFBR2,unseen_combo_fold0,8,0.000443922181148,0.021069461479783,0.996270477771759,0.9662504642548236,0.7960526943206787,0.3262296689671464,0.7950177192687988,0.0045700971968472,0.9053229689598083,0.877983798379838,0.6,0.62,0.5,mlp_shuffle_1001
BPGM_SAMD1,unseen_combo_fold0,8,0.0012551536783576,0.0354281477630138,0.9902793765068054,0.9623730086120108,0.9514504075050354,0.7100794583277664,0.9514636993408204,0.014334300532937,0.983146071434021,0.9134113411341134,0.85,0.76,0.79,mlp_shuffle_1001
BPGM_ZBTB1,unseen_combo_fold1,8,0.0007657752139493,0.0276726447045803,0.9942936301231384,0.956578153075873,0.9582508206367492,0.6926769480291963,0.95721435546875,0.0052083674818277,0.9835090041160583,0.941926192619262,0.9,0.74,0.76,mlp_shuffle_1001
C3orf72_FOXL2,unseen_combo_fold4,8,0.0032655659597367,0.0571451298892498,0.9698501229286194,0.9287628724764136,0.776215136051178,0.5620189296239606,0.7776842713356018,0.0170265957713127,0.9055225253105164,0.8918691869186919,0.55,0.58,0.57,mlp_shuffle_1001
CBL_CNN1,unseen_combo_fold1,8,0.0026373418513685,0.051355056464672,0.9820302724838256,0.9586111822842333,0.964710533618927,0.7519273491832796,0.9643675684928894,0.0379926152527332,0.9833618998527528,0.9450945094509452,0.8,0.82,0.78,mlp_shuffle_1001
CBL_PTPN12,unseen_combo_fold1,8,0.0015345212304964,0.0391729660332202,0.9891880750656128,0.9612943510568284,0.9673393964767456,0.7177625888232657,0.9672229886054992,0.022069051861763,0.9893413186073304,0.9310891089108912,0.8,0.76,0.81,mlp_shuffle_1001
CBL_PTPN9,unseen_combo_fold3,8,0.0008031805627979,0.0283404402434825,0.9938091039657592,0.9506740367712614,0.9535812139511108,0.7005534649120677,0.953300952911377,0.0046826424077153,0.9845715165138244,0.9231803180318032,0.7,0.82,0.81,mlp_shuffle_1001
CBL_TGFBR2,unseen_combo_fold2,8,0.0007787463255226,0.0279060266911983,0.9935058951377868,0.9590999945899862,0.9282330274581908,0.5732337347738444,0.9276661276817322,0.0048927711322903,0.9787997603416444,0.8817521752175218,0.6,0.66,0.71,mlp_shuffle_1001
CBL_UBASH3A,unseen_combo_fold4,8,0.0045112688094377,0.0671659782528877,0.9642064571380616,0.9291275690437708,0.8278703093528748,0.4693235188804603,0.8281784057617188,0.0579226166009902,0.929627537727356,0.8629582958295829,0.65,0.52,0.54,mlp_shuffle_1001
CBL_UBASH3B,unseen_combo_fold4,8,0.003864966565743,0.0621688552200794,0.9704554677009584,0.9423426790551408,0.9173610806465148,0.6202475968410233,0.91736102104187,0.05361083522439,0.9584722518920898,0.8913891389138914,0.65,0.6,0.72,mlp_shuffle_1001
CDKN1B_CDKN1A,unseen_combo_fold0,8,0.001202676561661,0.0346796289086341,0.9890631437301636,0.9615544926794988,0.938778281211853,0.6749329569772305,0.9380539655685424,0.00961100962013,0.9782164096832277,0.9191839183918392,0.85,0.88,0.83,mlp_shuffle_1001
CDKN1C_CDKN1A,unseen_combo_fold4,8,0.0012476819101721,0.0353225395083427,0.9893718957901,0.9527881774118636,0.9340120553970336,0.6407361756054494,0.9340155124664308,0.0077327960170805,0.9808325171470642,0.934953495349535,0.8,0.76,0.82,mlp_shuffle_1001
CDKN1C_CDKN1B,unseen_combo_fold3,8,0.0015368395252153,0.03920254483819,0.9860069155693054,0.9536128973363964,0.9002584218978882,0.5944298687327023,0.9003602862358093,0.0078863129019737,0.9650353789329528,0.9275007500750077,0.75,0.76,0.72,mlp_shuffle_1001
CEBPB_CEBPA,unseen_combo_fold3,8,0.0037926288787275,0.061584323644638,0.9746480584144592,0.9457068886868772,0.9410603642463684,0.7759574575088823,0.9434919953346252,0.0137402964755892,0.9805369973182678,0.9427422742274228,0.85,0.88,0.8,mlp_shuffle_1001
CEBPB_MAPK1,unseen_combo_fold2,8,0.0013576211640611,0.0368459112942218,0.989276885986328,0.9643847900270198,0.951691508293152,0.7736002317130192,0.9527364373207092,0.0120897963643074,0.9844402074813844,0.9547794779477948,0.75,0.82,0.77,mlp_shuffle_1001
CEBPB_OSR2,unseen_combo_fold1,8,0.0016354961553588,0.0404412671923637,0.9870644211769104,0.9675395620142846,0.9501981735229492,0.8483531305363616,0.9523615837097168,0.0130737889558076,0.9674279093742372,0.9352655265526552,0.7,0.88,0.79,mlp_shuffle_1001
CEBPB_PTPN12,unseen_combo_fold4,8,0.0020877011120319,0.0456913672387599,0.9820268154144288,0.9536591612572825,0.8020227551460266,0.660473081181805,0.8065063953399658,0.0204842090606689,0.8837403059005737,0.8637383738373837,0.55,0.6,0.69,mlp_shuffle_1001
CEBPE_CEBPA,unseen_combo_fold0,8,0.0027952967211604,0.0528705641627311,0.9818260669708252,0.9623615457395956,0.9668295979499816,0.8618647052387732,0.967983901500702,0.023662831634283,0.9769138693809508,0.9654005400540054,0.9,0.82,0.87,mlp_shuffle_1001
CEBPE_CEBPB,unseen_combo_fold1,8,0.0052325190044939,0.0723361521959304,0.9582161903381348,0.9447825290526785,0.8931400179862976,0.7642780610559814,0.8970601558685303,0.0550052262842655,0.9414623975753784,0.8865406540654065,0.75,0.68,0.72,mlp_shuffle_1001
CEBPE_CNN1,unseen_combo_fold4,8,0.0034447547513991,0.0586920343339443,0.9706456065177916,0.9515060547159022,0.8270190358161926,0.6593009454013868,0.8283753991127014,0.0265017580240964,0.9036400318145752,0.8852925292529253,0.6,0.6,0.67,mlp_shuffle_1001
CEBPE_KLF1,unseen_combo_fold3,8,0.00551911117509,0.0742907226085662,0.957038938999176,0.9547407213100088,0.588315486907959,0.4885744588193563,0.5963717699050903,0.0519783794879913,0.6371942758560181,0.739045904590459,0.25,0.42,0.5,mlp_shuffle_1001
CEBPE_PTPN12,unseen_combo_fold0,8,0.0010788099607452,0.0328452438116073,0.9905909895896912,0.9676774895654195,0.8474172353744507,0.6584420868849208,0.8489670157432556,0.0111562339588999,0.8986007571220398,0.954119411941194,0.75,0.84,0.7,mlp_shuffle_1001
CEBPE_RUNX1T1,unseen_combo_fold0,8,0.0010639479150995,0.0326182134449481,0.9909000992774964,0.974774975324842,0.95543372631073,0.8361543600414292,0.955997884273529,0.0103192189708352,0.974558651447296,0.93006900690069,0.85,0.84,0.84,mlp_shuffle_1001
CEBPE_SPI1,unseen_combo_fold1,8,0.0047963480465114,0.0692556723952293,0.9658797383308412,0.951241031443978,0.951877772808075,0.8337820834933956,0.9528769254684448,0.0544791184365749,0.96990966796875,0.9391419141914192,0.9,0.8,0.82,mlp_shuffle_1001
CNN1_MAPK1,unseen_combo_fold1,8,0.0006164801307022,0.0248290169984102,0.9947623014450072,0.9642824037128234,0.92978173494339,0.6733801088459997,0.9296375513076782,0.0048298705369234,0.9668565988540648,0.9313291329132912,0.9,0.74,0.84,mlp_shuffle_1001
CNN1_UBASH3A,unseen_combo_fold1,8,0.0087249781936407,0.0934075936675071,0.9313639998435974,0.947685421348555,0.924348771572113,0.6681691278360975,0.9243308305740356,0.1414389163255691,0.9693416953086852,0.8812601260126013,0.7,0.64,0.72,mlp_shuffle_1001
DUSP9_ETS2,unseen_combo_fold2,8,0.0007001124904491,0.0264596380293369,0.9945593476295472,0.9702611274092364,0.9529880881309508,0.7214485224019801,0.9539821743965148,0.008013192564249,0.9809454083442688,0.938973897389739,0.9,0.8,0.76,mlp_shuffle_1001
DUSP9_IGDCC3,unseen_combo_fold3,8,0.0011198022402822,0.0334634445607662,0.9919544458389282,0.9680343813132328,0.9627680778503418,0.7920994820272791,0.9629272818565368,0.0117391776293516,0.9779590368270874,0.962988298829883,0.8,0.82,0.78,mlp_shuffle_1001
DUSP9_KLF1,unseen_combo_fold3,8,0.0022486506495624,0.0474199391901493,0.9865022301673888,0.961995910562106,0.9523489475250244,0.7173662491869984,0.952904999256134,0.0330015905201435,0.968516767024994,0.9298049804980498,0.75,0.8,0.8,mlp_shuffle_1001
DUSP9_MAPK1,unseen_combo_fold3,8,0.0010742674348875,0.0327760204672813,0.991387903690338,0.9646923023120566,0.8273715972900391,0.5467505151494604,0.832139253616333,0.0090573923662304,0.8937410712242126,0.87002700270027,0.7,0.64,0.58,mlp_shuffle_1001
DUSP9_PRTG,unseen_combo_fold0,8,0.0015133995329961,0.0389024354517459,0.9893573522567748,0.9652474862389084,0.9616041779518129,0.7491246040832242,0.9621595740318298,0.0143922958523035,0.9829062223434448,0.9522832283228324,0.7,0.84,0.87,mlp_shuffle_1001
DUSP9_SNAI1,unseen_combo_fold3,8,0.0065203141421079,0.0807484611868858,0.9465063810348512,0.9408660664767544,0.8259180784225464,0.7379569196141198,0.8272602558135986,0.0691128969192504,0.9352572560310364,0.8878127812781278,0.6,0.66,0.67,mlp_shuffle_1001
ETS2_CEBPE,unseen_combo_fold4,8,0.0009416003595106,0.030685506761074,0.9925066232681274,0.9715080073483934,0.9648951292037964,0.8085068159058848,0.9657382369041444,0.0067967940121889,0.9883986115455629,0.9483468346834684,0.95,0.86,0.81,mlp_shuffle_1001
ETS2_CNN1,unseen_combo_fold4,8,0.0009354556095786,0.0305852182209491,0.9921583533287048,0.957448175013681,0.8538493514060974,0.5954795195416874,0.8525916337966919,0.0062237535603344,0.9342063665390016,0.9022742274227424,0.7,0.66,0.67,mlp_shuffle_1001
ETS2_IGDCC3,unseen_combo_fold0,8,0.0005522742285393,0.0235005151480436,0.9954281449317932,0.9704679177846368,0.920371115207672,0.6949963696985912,0.9211910367012024,0.0032532662153244,0.9741532802581788,0.9313171317131712,0.75,0.8,0.83,mlp_shuffle_1001
ETS2_IKZF3,unseen_combo_fold1,8,0.0007822554325684,0.0279688294976949,0.9955982565879822,0.9598619313911496,0.980000913143158,0.8251534420990518,0.9801584482192992,0.0059790415689349,0.9946584701538086,0.9653645364536454,0.85,0.88,0.84,mlp_shuffle_1001
ETS2_MAP7D1,unseen_combo_fold2,8,0.0020807613618671,0.0456153638660907,0.9820125102996826,0.960687012079076,0.8642457723617554,0.534089716736908,0.8655481934547424,0.0247097592800855,0.924927294254303,0.8956255625562556,0.75,0.78,0.69,mlp_shuffle_1001
ETS2_MAPK1,unseen_combo_fold2,8,0.0054334015585482,0.0737116113305091,0.9581890106201172,0.9547397549843858,0.865253210067749,0.6861747682554874,0.8668796420097351,0.0855995938181877,0.8915599584579468,0.9043024302430244,0.75,0.72,0.73,mlp_shuffle_1001
ETS2_PRTG,unseen_combo_fold4,8,0.0008960609557107,0.0299342777580022,0.9925010800361632,0.9627329429139744,0.903393566608429,0.672851480247499,0.9041500687599182,0.0084551917389035,0.962502896785736,0.9153795379537952,0.65,0.74,0.71,mlp_shuffle_1001
FEV_CBFA2T3,unseen_combo_fold2,8,0.0105604017153382,0.1027638167142868,0.9312417507171632,0.9344398692050728,0.8303230404853821,0.7067330634484041,0.836068868637085,0.1510454416275024,0.8468630909919739,0.8427722772277227,0.55,0.64,0.72,mlp_shuffle_1001
FEV_ISL2,unseen_combo_fold3,8,0.0038920966908335,0.0623866692185401,0.9766678810119628,0.9544294118560032,0.907453179359436,0.7202003197146026,0.9114447832107544,0.0533073246479034,0.9506362080574036,0.8874647464746475,0.75,0.72,0.76,mlp_shuffle_1001
FEV_MAP7D1,unseen_combo_fold3,8,0.0014934807550162,0.0386455804109573,0.9897388219833374,0.9534179594433222,0.932424545288086,0.7101723574047426,0.9337488412857056,0.0102793090045452,0.973954141139984,0.935985598559856,0.85,0.78,0.8,mlp_shuffle_1001
FOSB_CEBPB,unseen_combo_fold1,8,0.0043321172706782,0.0658188238739967,0.9656749367713928,0.9436003918232968,0.9024059176445008,0.7473355628812143,0.9049508571624756,0.0427878871560096,0.9398580193519592,0.8926252625262526,0.7,0.66,0.78,mlp_shuffle_1001
FOSB_CEBPE,unseen_combo_fold1,8,0.003731662640348,0.0610873363912105,0.972482979297638,0.9585672068203585,0.9357353448867798,0.8035459000280074,0.9379827976226808,0.0411113128066062,0.9719835519790648,0.9364536453645363,0.85,0.78,0.77,mlp_shuffle_1001
FOSB_IKZF3,unseen_combo_fold4,8,0.0016977443592622,0.0412036925554275,0.9884092807769777,0.9588633781993208,0.9422284960746764,0.7384903286847243,0.9430349469184875,0.0174866989254951,0.9649675488471984,0.912931293129313,0.65,0.76,0.72,mlp_shuffle_1001
FOSB_OSR2,unseen_combo_fold3,8,0.0028903342317789,0.0537618286907672,0.9797691702842712,0.9588988707553844,0.9314497113227844,0.773424714720136,0.9341248273849488,0.0384401530027389,0.95292067527771,0.9118511851185118,0.8,0.82,0.77,mlp_shuffle_1001
FOSB_PTPN12,unseen_combo_fold4,8,0.001067203702405,0.0326680839061737,0.9909729957580566,0.9576275056764812,0.804356038570404,0.5047109427124749,0.8046358227729797,0.0058413939550518,0.9375274181365968,0.9052745274527452,0.7,0.62,0.61,mlp_shuffle_1001
FOSB_UBASH3B,unseen_combo_fold1,8,0.0005990238278172,0.0244749635457992,0.9946520328521729,0.9633004520757068,0.8474703431129456,0.5893216820206574,0.8485621213912964,0.0034954568836838,0.9365532994270324,0.8878367836783678,0.65,0.62,0.72,mlp_shuffle_1001
FOXA1_FOXF1,unseen_combo_fold0,8,0.001551371300593,0.0393874496221542,0.986018180847168,0.9585070442638728,0.8821661472320557,0.7089685819808744,0.883417010307312,0.0147691937163472,0.951512336730957,0.9337293729372936,0.6,0.74,0.65,mlp_shuffle_1001
FOXA1_FOXL2,unseen_combo_fold2,8,0.0010139687219634,0.0318428762257099,0.9906885027885436,0.9572529978824116,0.93272203207016,0.7557530290905025,0.9342138171195984,0.0051948414184153,0.9796669483184814,0.9487068706870688,0.7,0.84,0.75,mlp_shuffle_1001
FOXA1_HOXB9,unseen_combo_fold4,8,0.0019459089962765,0.0441124588251113,0.9837129712104796,0.9613833805393108,0.9425660371780396,0.8061420240824951,0.9445927739143372,0.0211465023458004,0.9733856916427612,0.920996099609961,0.75,0.76,0.84,mlp_shuffle_1001
FOXA3_FOXA1,unseen_combo_fold4,8,0.001770831993781,0.0420812554657459,0.9837418794631958,0.9667486781996788,0.9323360919952391,0.8069109414969923,0.9335020780563354,0.0192577242851257,0.971305787563324,0.932997299729973,0.7,0.78,0.71,mlp_shuffle_1001
FOXA3_FOXF1,unseen_combo_fold2,8,0.001410819008015,0.0375608690083026,0.9866861701011658,0.9642144026493804,0.9047389030456544,0.7350249394361925,0.9058651328086852,0.0132787991315126,0.9729255437850952,0.9253165316531652,0.7,0.74,0.74,mlp_shuffle_1001
FOXA3_FOXL2,unseen_combo_fold0,8,0.0041824197396636,0.0646716281771659,0.9650670289993286,0.9459851044713397,0.9086785316467284,0.7723915457063651,0.9106382131576538,0.0397842265665531,0.9600101709365844,0.905058505850585,0.75,0.74,0.73,mlp_shuffle_1001
FOXA3_HOXB9,unseen_combo_fold3,8,0.0015908313216641,0.039885226637125,0.987108588218689,0.9672773304284128,0.9464043378829956,0.8429512856392095,0.9478493332862854,0.0165884271264076,0.97416752576828,0.912067206720672,0.65,0.74,0.85,mlp_shuffle_1001
FOXF1_FOXL2,unseen_combo_fold4,8,0.0026164099108427,0.0511508546769619,0.97724848985672,0.9592984380199276,0.9394878149032592,0.7978448850309768,0.9406087398529052,0.0285276100039482,0.9699665904045104,0.9364416441644164,0.65,0.78,0.83,mlp_shuffle_1001
FOXF1_HOXB9,unseen_combo_fold1,8,0.0012490188237279,0.0353414602577686,0.9887048602104188,0.963028843703968,0.9298486709594728,0.7639439646729437,0.9317758083343506,0.0105299102142453,0.9781396985054016,0.934125412541254,0.7,0.7,0.79,mlp_shuffle_1001
FOXL2_HOXB9,unseen_combo_fold3,8,0.0026272644754499,0.0512568466365337,0.9781994223594666,0.9546677804290068,0.9098060131072998,0.7456813613505896,0.9124259948730468,0.0242763757705688,0.968564748764038,0.922028202820282,0.55,0.76,0.75,mlp_shuffle_1001
FOXL2_MEIS1,unseen_combo_fold3,8,0.0023908310104161,0.0488961264491081,0.9799819588661194,0.9491853031686462,0.8675262331962585,0.6692241614932508,0.8673232793807983,0.0279118604958057,0.9400646090507508,0.8730273027302731,0.65,0.6,0.66,mlp_shuffle_1001
IGDCC3_MAPK1,unseen_combo_fold3,8,0.0009154301951639,0.0302560776472091,0.9922401905059814,0.96210991651979,0.8902578353881836,0.6882077255811933,0.8908241987228394,0.0074653578922152,0.9334312677383424,0.9076147614761476,0.65,0.72,0.75,mlp_shuffle_1001
IGDCC3_PRTG,unseen_combo_fold2,8,0.0013276480603963,0.0364369042217731,0.988847017288208,0.962295490445454,0.9331814050674438,0.6626400947769525,0.9335821270942688,0.0091589083895087,0.9731290340423584,0.9412541254125412,0.6,0.78,0.74,mlp_shuffle_1001
IGDCC3_ZBTB25,unseen_combo_fold4,8,0.0036448568571358,0.0603726506233215,0.9690823554992676,0.9492345881860732,0.9360740184783936,0.6669183243902943,0.9360566139221193,0.049213957041502,0.9820401072502136,0.9096429642964295,0.75,0.7,0.79,mlp_shuffle_1001
IRF1_SET,unseen_combo_fold0,8,0.0045247934758663,0.0672665834426879,0.9628145694732666,0.9502584382162828,0.8629876971244812,0.730651495539392,0.8647746443748474,0.0616045817732811,0.903089702129364,0.8493969396939693,0.65,0.64,0.65,mlp_shuffle_1001
JUN_CEBPA,unseen_combo_fold1,8,0.007234530057758,0.0850560441613197,0.959785521030426,0.9291513666810848,0.93422269821167,0.7631315141894527,0.9363817572593688,0.0717855095863342,0.965577244758606,0.9132793279327932,0.75,0.74,0.8,mlp_shuffle_1001
JUN_CEBPB,unseen_combo_fold3,8,0.0048188655637204,0.0694180503487587,0.9638924598693848,0.9354588518576028,0.8832995891571045,0.7053716491270853,0.8870022296905518,0.0422169119119644,0.9467936158180236,0.9134353435343534,0.7,0.8,0.64,mlp_shuffle_1001
KIF18B_KIF2C,unseen_combo_fold0,8,0.0013583338586613,0.0368555821478366,0.9880780577659608,0.950231825309628,0.5424400568008423,0.2435069886735042,0.5453069806098938,0.0114818606525659,0.7776559591293335,0.7623522352235224,0.3,0.4,0.44,mlp_shuffle_1001
KLF1_BAK1,unseen_combo_fold2,8,0.0005198478465899,0.0228001717478036,0.9961034655570984,0.9622254753277424,0.9479934573173524,0.5632722296538143,0.9480658769607544,0.0046888622455298,0.9740234017372132,0.9551635163516352,0.9,0.84,0.74,mlp_shuffle_1001
KLF1_CEBPA,unseen_combo_fold0,8,0.0016649105818942,0.0408033169806003,0.988422155380249,0.965691058605897,0.966085970401764,0.8562159393950561,0.9663153886795044,0.0102619025856256,0.9812882542610168,0.9587518751875188,0.95,0.84,0.85,mlp_shuffle_1001
KLF1_CLDN6,unseen_combo_fold2,8,0.0023104324936866,0.048066958785057,0.9832955598831176,0.9538785552953086,0.9143646955490112,0.61232179026838,0.9141230583190918,0.0266916565597057,0.9460995197296144,0.9230843084308432,0.8,0.7,0.68,mlp_shuffle_1001
KLF1_COL2A1,unseen_combo_fold1,8,0.0038696969859302,0.0622068904340267,0.9698303937911988,0.9485983140478936,0.7517562508583069,0.5769270190982719,0.7538959383964539,0.0457750745117664,0.8180112242698669,0.8539093909390939,0.65,0.62,0.56,mlp_shuffle_1001
KLF1_FOXA1,unseen_combo_fold1,8,0.002180476905778,0.0466955751180648,0.9838396310806274,0.9599108877401163,0.8688755631446838,0.5988526012773533,0.8675224781036377,0.0286758132278919,0.9079794883728028,0.8822082208220822,0.7,0.68,0.75,mlp_shuffle_1001
KLF1_MAP2K6,unseen_combo_fold4,8,0.0008435066556558,0.029043186455965,0.993797779083252,0.9422738959989524,0.9122269749641418,0.5279061928557754,0.91237211227417,0.0075060953386127,0.9634086489677428,0.9231923192319232,0.85,0.62,0.65,mlp_shuffle_1001
KLF1_TGFBR2,unseen_combo_fold1,8,0.0004497767076827,0.0212079398334026,0.9967278242111206,0.9644505668579544,0.9663286209106444,0.6002937883026823,0.9663927555084229,0.0031694553326815,0.9880797266960144,0.9631443144314432,0.8,0.86,0.79,mlp_shuffle_1001
LHX1_ELMSAN1,unseen_combo_fold2,8,0.0018613109132274,0.0431429110467433,0.9836596250534058,0.9603640912278112,0.8935475945472717,0.5535024876054485,0.8944928646087646,0.0267369337379932,0.9450024962425232,0.8842604260426042,0.75,0.64,0.7,mlp_shuffle_1001
LYL1_CEBPB,unseen_combo_fold4,8,0.0022695870138704,0.0476401820778846,0.9808117151260376,0.9542964691906136,0.8200086355209351,0.6523373525204206,0.8242167830467224,0.0267498008906841,0.906931221485138,0.8868886888688869,0.55,0.6,0.61,mlp_shuffle_1001
LYL1_IER5L,unseen_combo_fold2,8,0.0027616338338702,0.0525512509047985,0.9758952260017396,0.9624654919488695,0.8686813116073608,0.6522366465150522,0.8697085976600647,0.0357121787965297,0.9341804385185242,0.8911251125112511,0.5,0.64,0.66,mlp_shuffle_1001
MAP2K3_ELMSAN1,unseen_combo_fold1,8,0.0015150025719776,0.0389230325818061,0.9889217019081116,0.9538371830259672,0.8506094217300415,0.5726195952570031,0.8506171107292175,0.0202106982469558,0.9363480806350708,0.8953135313531353,0.5,0.7,0.74,mlp_shuffle_1001
MAP2K3_IKZF3,unseen_combo_fold0,8,0.0081715220585465,0.0903964713215828,0.94917893409729,0.9515458715181668,0.8119441866874695,0.540222693196714,0.8083292245864868,0.1406118720769882,0.9063735604286194,0.8562616261626163,0.6,0.62,0.6,mlp_shuffle_1001
MAP2K3_MAP2K6,unseen_combo_fold1,8,0.0004826849617529,0.0219700932502746,0.9959747195243835,0.9634415508487963,0.7847020030021667,0.5259564365955073,0.7842297554016113,0.0047661932185292,0.8542717099189758,0.8482208220822082,0.7,0.72,0.69,mlp_shuffle_1001
MAP2K3_SLC38A2,unseen_combo_fold1,8,0.0007160071399994,0.0267583094537258,0.9940398335456848,0.9619782020479828,0.7565665245056152,0.4772451038131886,0.7566531896591187,0.0081410743296146,0.8635479807853699,0.8519171917191719,0.65,0.64,0.67,mlp_shuffle_1001
MAP2K6_ELMSAN1,unseen_combo_fold2,8,0.0006024874164722,0.024545619264245,0.9951732754707336,0.9652826908874712,0.868798553943634,0.59229232679618,0.8686627745628357,0.0072333342395722,0.9215921759605408,0.8722592259225923,0.65,0.7,0.7,mlp_shuffle_1001
MAP2K6_IKZF3,unseen_combo_fold2,8,0.0011493128258734,0.0339015163481235,0.9923672080039978,0.9672292212797852,0.9622211456298828,0.708412344324572,0.9623810648918152,0.0097995558753609,0.9817015528678894,0.9242964296429644,0.85,0.7,0.79,mlp_shuffle_1001
MAP2K6_SPI1,unseen_combo_fold2,8,0.0013884910149499,0.0372624620795249,0.9871824979782104,0.9566128584051556,0.8083621859550476,0.5846572998947055,0.806331992149353,0.0093245012685656,0.9101360440254213,0.8747074707470747,0.55,0.6,0.63,mlp_shuffle_1001
MAPK1_IKZF3,unseen_combo_fold2,8,0.0018233663868159,0.0427008941769599,0.987198531627655,0.9664360543321308,0.935191571712494,0.7797009763308865,0.9365718364715576,0.0211358349770307,0.954518735408783,0.9006300630063007,0.7,0.74,0.77,mlp_shuffle_1001
MAPK1_PRTG,unseen_combo_fold1,8,0.0011213414836674,0.0334864370524883,0.9906376004219056,0.966065235821676,0.8677746653556824,0.6708696980598029,0.8693035244941711,0.0109111974015831,0.9075382351875304,0.8902850285028503,0.7,0.68,0.68,mlp_shuffle_1001
MAPK1_TGFBR2,unseen_combo_fold3,8,0.0004920758656226,0.0221827831119298,0.9959443807601928,0.9691046033428912,0.9590725302696228,0.7425052147891936,0.9593163132667542,0.0035339852329343,0.9804478883743286,0.9564356435643564,0.9,0.92,0.8,mlp_shuffle_1001
PLK4_STIL,unseen_combo_fold1,8,0.0030644349753856,0.0553573407232761,0.9719523191452026,0.9419697488911708,0.7513278722763062,0.5069816847982082,0.7511594295501709,0.0336408875882625,0.9170965552330016,0.8913891389138914,0.55,0.48,0.52,mlp_shuffle_1001
POU3F2_CBFA2T3,unseen_combo_fold0,8,0.0025742289144545,0.0507368594408035,0.9773826599121094,0.9575394828943656,0.7903442978858948,0.6549315290645085,0.7949706315994263,0.0263364687561988,0.8981199860572815,0.877023702370237,0.45,0.52,0.59,mlp_shuffle_1001
POU3F2_FOXL2,unseen_combo_fold0,8,0.0030412753112614,0.0551477596163749,0.9749317169189452,0.950812605219972,0.8997170925140381,0.7204863037818146,0.9011158347129822,0.0337229520082473,0.9569488763809204,0.9111071107110712,0.55,0.72,0.76,mlp_shuffle_1001
PRDM1_CBFA2T3,unseen_combo_fold0,8,0.0134528297930955,0.1159863322973251,0.894734799861908,0.9206759931381202,0.5152718424797058,0.4744362483339997,0.520282506942749,0.1882364898920059,0.5544161796569824,0.6606660666066607,0.45,0.52,0.53,mlp_shuffle_1001
PTPN12_OSR2,unseen_combo_fold2,8,0.0016709851333871,0.0408776849508285,0.9849645495414734,0.9602302788274122,0.5059230923652649,0.3405659995175151,0.5191360712051392,0.0175636019557714,0.5669177770614624,0.5015181518151816,0.45,0.32,0.41,mlp_shuffle_1001
PTPN12_PTPN9,unseen_combo_fold1,8,0.000615012308117,0.0247994419187307,0.9949007630348206,0.9656066095850248,0.97055321931839,0.7606597869001593,0.9705408215522766,0.0059017175808548,0.9906249046325684,0.9324332433243324,0.8,0.76,0.84,mlp_shuffle_1001
PTPN12_SNAI1,unseen_combo_fold2,8,0.0029173188377171,0.0540122091770172,0.971235454082489,0.953908485250226,0.7172862887382507,0.589787766926124,0.7160256505012512,0.0199821162968873,0.8238497376441956,0.8097809780978098,0.25,0.48,0.6,mlp_shuffle_1001
PTPN12_UBASH3A,unseen_combo_fold2,8,0.0015115904388949,0.0388791784644126,0.9882439374923706,0.9527287391227788,0.9396153688430786,0.6764745523675966,0.939454972743988,0.0147118605673313,0.9655745625495912,0.8936333633363336,0.7,0.72,0.78,mlp_shuffle_1001
PTPN12_ZBTB25,unseen_combo_fold4,8,0.0017274279380217,0.0415623374283313,0.9867913126945496,0.9576806717084652,0.968092679977417,0.6935545969815683,0.9680603742599488,0.0237665958702564,0.9892827868461608,0.9194239423942394,0.9,0.8,0.84,mlp_shuffle_1001
RHOXF2_SET,unseen_combo_fold3,8,0.0026270623784512,0.0512548759579658,0.9810774326324464,0.9454807018824172,0.8858875632286072,0.7457273912941436,0.8886685371398926,0.0280999895185232,0.920917272567749,0.8772277227722772,0.7,0.68,0.72,mlp_shuffle_1001
RHOXF2_ZBTB25,unseen_combo_fold3,8,0.002066483721137,0.0454585924744606,0.9842756986618042,0.9559308382491952,0.92955219745636,0.7202886851969572,0.9297495484352112,0.022705815732479,0.9747299551963806,0.9185478547854784,0.75,0.7,0.8,mlp_shuffle_1001
SAMD1_PTPN12,unseen_combo_fold0,8,0.0013724262826144,0.0370462723076343,0.9897117018699646,0.9611585805527744,0.9447203278541564,0.7272561435057912,0.9445939660072328,0.0137871755287051,0.9840179085731506,0.928064806480648,0.85,0.76,0.73,mlp_shuffle_1001
SAMD1_TGFBR2,unseen_combo_fold0,8,0.001812576665543,0.0425743646919727,0.9846164584159852,0.952211189988348,0.877758264541626,0.5724866835554066,0.8781778812408447,0.0124722495675086,0.9643672108650208,0.8925892589258926,0.7,0.58,0.65,mlp_shuffle_1001
SAMD1_UBASH3B,unseen_combo_fold4,8,0.0017104019643738,0.0413570068776607,0.9858883619308472,0.9574262732370806,0.9531376361846924,0.7254663970306373,0.9533109068870544,0.0218061879277229,0.9820380806922911,0.9371977197719772,0.85,0.78,0.78,mlp_shuffle_1001
SAMD1_ZBTB1,unseen_combo_fold3,8,0.0015840022824704,0.0397995263338089,0.9885168075561525,0.9565016273508892,0.9448277950286864,0.7113194710234997,0.945292592048645,0.0139795448631048,0.98216050863266,0.9462826282628264,0.9,0.78,0.77,mlp_shuffle_1001
SET_CEBPE,unseen_combo_fold0,8,0.0025842043105512,0.0508350692689418,0.978249490261078,0.9505596525386696,0.8449051976203918,0.6608924922116511,0.8452380895614624,0.0168788693845272,0.9199182391166688,0.9104350435043504,0.65,0.66,0.65,mlp_shuffle_1001
SET_KLF1,unseen_combo_fold0,8,0.0030771477613598,0.055472046136856,0.9780738353729248,0.9451135013170248,0.7929880023002625,0.6240168256103604,0.793641209602356,0.0381508953869342,0.8724633455276489,0.8867686768676868,0.55,0.64,0.65,mlp_shuffle_1001
SGK1_S1PR2,unseen_combo_fold0,8,0.0041178409010171,0.0641704052686691,0.9661015272140504,0.9527097692517564,0.826105535030365,0.6999894210661839,0.8268455266952515,0.0597394704818725,0.8758484125137329,0.8564416441644165,0.4,0.58,0.65,mlp_shuffle_1001
SGK1_TBX2,unseen_combo_fold4,8,0.0024293223395943,0.0492881573736667,0.9797244668006896,0.9402922564388576,0.8884618282318115,0.6128822492904499,0.8882012367248535,0.0257384367287158,0.9674344658851624,0.9145634563456344,0.75,0.56,0.7,mlp_shuffle_1001
SGK1_TBX3,unseen_combo_fold0,8,0.0055634994059801,0.0745888724923133,0.9538260102272034,0.9511720962678232,0.7493632435798645,0.6178366650194967,0.742112398147583,0.06595229357481,0.8483679294586182,0.8426162616261627,0.55,0.58,0.62,mlp_shuffle_1001
SNAI1_DLX2,unseen_combo_fold4,8,0.0054756002500653,0.0739972963929176,0.944722056388855,0.9392193080719176,0.8285659551620483,0.6177786353786036,0.8281398415565491,0.0675396546721458,0.9109495282173156,0.8708550855085508,0.6,0.58,0.66,mlp_shuffle_1001
SNAI1_UBASH3B,unseen_combo_fold4,8,0.0010136585915461,0.0318380072712898,0.9906370639801024,0.9604538249201482,0.8565009832382202,0.6666419097775639,0.8489231467247009,0.0078336903825402,0.9370964169502258,0.8905130513051305,0.55,0.68,0.62,mlp_shuffle_1001
TBX3_TBX2,unseen_combo_fold0,8,0.0016898219473659,0.0411074422299861,0.9855906963348388,0.9570824882411086,0.917815089225769,0.7008320623914991,0.9160379767417908,0.0230487436056137,0.9554402232170104,0.8777197719771977,0.8,0.8,0.8,mlp_shuffle_1001
TGFBR2_C19orf26,unseen_combo_fold3,8,0.0018126659560948,0.0425754152238369,0.9846135377883912,0.9655807516396888,0.8936059474945068,0.5979336065841002,0.8940075039863586,0.025302043184638,0.9482978582382202,0.8876687668766877,0.65,0.68,0.67,mlp_shuffle_1001
TGFBR2_ETS2,unseen_combo_fold4,8,0.0006888763746246,0.0262464545667171,0.994035005569458,0.961909683913574,0.8614917993545532,0.5286448588398028,0.8636224269866943,0.0042278803884983,0.9401453137397766,0.902034203420342,0.75,0.78,0.71,mlp_shuffle_1001
TGFBR2_IGDCC3,unseen_combo_fold3,8,0.0005617138231173,0.0237005017697811,0.995314598083496,0.9646162719503792,0.9481438398361206,0.6873471998013801,0.948189616203308,0.0031255760695785,0.9862877726554872,0.9393459345934594,0.8,0.76,0.71,mlp_shuffle_1001
TGFBR2_PRTG,unseen_combo_fold2,8,0.0005505708395503,0.0234642457216978,0.995337188243866,0.9682054396540632,0.9599324464797974,0.7155731931264122,0.9599418044090272,0.0027678047772496,0.987471878528595,0.9437023702370236,0.8,0.86,0.77,mlp_shuffle_1001
TMSB4X_BAK1,unseen_combo_fold4,8,0.0008203232428058,0.0286412853747606,0.993567943572998,0.9469385398403332,0.873055636882782,0.2330334951045383,0.8722856044769287,0.009306650608778,0.958460807800293,0.8142934293429342,0.7,0.5,0.4,mlp_shuffle_1001
UBASH3B_CNN1,unseen_combo_fold2,8,0.0015957094728946,0.0399463325738906,0.98919677734375,0.9623022086743036,0.9731525182724,0.7803254382556397,0.9731537103652954,0.0228479020297527,0.9892353415489196,0.9354935493549354,0.8,0.88,0.88,mlp_shuffle_1001
UBASH3B_OSR2,unseen_combo_fold2,8,0.0013146714773029,0.0362583994865417,0.9881290793418884,0.9684808906362544,0.4851992726325989,0.4274740501659241,0.5066570043563843,0.0145994629710912,0.5313941836357117,0.5760696069606961,0.45,0.44,0.39,mlp_shuffle_1001
UBASH3B_PTPN12,unseen_combo_fold1,8,0.0013288006884977,0.0364527180790901,0.9899988770484924,0.9446970279838584,0.9401650428771972,0.6903967442350649,0.9401769638061525,0.0133598484098911,0.977213740348816,0.9283288328832884,0.85,0.76,0.79,mlp_shuffle_1001
UBASH3B_PTPN9,unseen_combo_fold4,8,0.0006780965486541,0.0260402876883745,0.9943864345550536,0.959906039243508,0.9661011099815368,0.7548189226564569,0.9657334089279176,0.0064229243434965,0.9856916666030884,0.9443624362436244,0.75,0.82,0.82,mlp_shuffle_1001
UBASH3B_UBASH3A,unseen_combo_fold1,8,0.0006708216387778,0.0259002242237329,0.9940508604049684,0.9555076865761556,0.9093608260154724,0.6771439796486076,0.9093756675720216,0.0042350837029516,0.9627978205680848,0.9201200120012,0.8,0.74,0.72,mlp_shuffle_1001
UBASH3B_ZBTB25,unseen_combo_fold4,8,0.001418029773049,0.0376567356288433,0.9882537722587584,0.9549570145003824,0.9543717503547668,0.6822456010653944,0.9541148543357848,0.0190825425088405,0.978401243686676,0.9233723372337234,0.8,0.74,0.75,mlp_shuffle_1001
ZBTB10_DLX2,unseen_combo_fold3,8,0.0088997241109609,0.0943383499979972,0.9220338463783264,0.9203085279000331,0.848215639591217,0.6951388841976038,0.8481747508049011,0.1119097396731376,0.8937773108482361,0.8956495649564956,0.75,0.62,0.7,mlp_shuffle_1001
ZBTB10_ELMSAN1,unseen_combo_fold2,8,0.0048126331530511,0.069373145699501,0.9584308862686156,0.9449569161936846,0.8580188751220703,0.6783186958609065,0.8613669872283936,0.0574775636196136,0.9587897658348083,0.92001200120012,0.8,0.62,0.66,mlp_shuffle_1001
ZBTB10_PTPN12,unseen_combo_fold0,8,0.004124688450247,0.0642237365245819,0.9657009840011596,0.956368247898774,0.7280771136283875,0.6982406222318752,0.7317993640899658,0.0179792456328868,0.925237476825714,0.8863366336633663,0.55,0.58,0.66,mlp_shuffle_1001
ZBTB10_SNAI1,unseen_combo_fold2,8,0.0060841827653348,0.0780011713504791,0.9499061107635498,0.9418456460401796,0.901092529296875,0.7697799810721918,0.900964617729187,0.0677744969725608,0.9648376703262328,0.9265526552655264,0.7,0.7,0.71,mlp_shuffle_1001
ZC3HAV1_CEBPA,unseen_combo_fold1,8,0.0089663490653038,0.0946908071637153,0.9366635680198668,0.9371304311071578,0.8753038644790649,0.6888158569299646,0.8793933987617493,0.1281107366085052,0.9199480414390564,0.9058625862586258,0.7,0.68,0.71,mlp_shuffle_1001
ZC3HAV1_CEBPE,unseen_combo_fold3,8,0.0007687138277105,0.0277256891131401,0.9934597611427308,0.9653989914499972,0.8547394275665283,0.537380367479384,0.8555712699890137,0.0070707323029637,0.9341093301773072,0.9197239723972396,0.8,0.72,0.69,mlp_shuffle_1001
ZC3HAV1_HOXC13,unseen_combo_fold3,8,0.0018314297776669,0.0427952073514461,0.984733521938324,0.9601491038213528,0.7499106526374817,0.5402681545295532,0.7492827773094177,0.0241162609308958,0.8422731757164001,0.8726192619261927,0.5,0.58,0.61,mlp_shuffle_1001
ZNF318_FOXL2,unseen_combo_fold3,8,0.0019045042572543,0.0436406247317791,0.9824274778366088,0.9595445635274265,0.8228055834770203,0.5811802340473847,0.823022186756134,0.0229958910495042,0.941576898097992,0.8887848784878488,0.7,0.64,0.62,mlp_shuffle_1001
AHR_FEV,unseen_combo_fold0,8,0.0047682123258709,0.0690522417426109,0.9729672074317932,0.9701321952021158,0.92371267080307,0.8103300894989592,0.9278159141540528,0.0654649659991264,0.9558139443397522,0.8614341434143414,0.6,0.72,0.69,ridge_shuffle_1002
AHR_KLF1,unseen_combo_fold2,8,0.0011582666775211,0.0340333171188831,0.9921356439590454,0.9681869335042176,0.9129526615142822,0.5137152775989695,0.9145629405975342,0.0080843092873692,0.9592164158821106,0.8755715571557156,0.8,0.7,0.66,ridge_shuffle_1002
BCL2L11_BAK1,unseen_combo_fold0,8,0.0005605567712336,0.0236760806292295,0.9952380061149596,0.9689862031508504,0.4023915231227875,0.1504573315079274,0.4052093923091888,0.004961434751749,0.6157758831977844,0.641020102010201,0.3,0.3,0.29,ridge_shuffle_1002
BCL2L11_TGFBR2,unseen_combo_fold0,8,0.0004711120855063,0.0217051170766353,0.9960286617279052,0.9760104831088396,0.782553493976593,0.3020042865262651,0.7822491526603699,0.0045683206990361,0.9285109639167786,0.8072487248724872,0.65,0.46,0.41,ridge_shuffle_1002
BPGM_SAMD1,unseen_combo_fold0,8,0.00103831209708,0.0322228521108627,0.9920698404312134,0.9741832975697526,0.949408769607544,0.7301850766074789,0.9484199285507202,0.008283550851047,0.9836574196815492,0.9098349834983498,0.9,0.72,0.76,ridge_shuffle_1002
BPGM_ZBTB1,unseen_combo_fold1,8,0.0013165163109079,0.036283828318119,0.990666389465332,0.9748142828523638,0.970471978187561,0.734021753328195,0.970093309879303,0.0192838534712791,0.9921548366546632,0.956027602760276,0.95,0.84,0.81,ridge_shuffle_1002
C3orf72_FOXL2,unseen_combo_fold4,8,0.0048366440460085,0.0695459842681884,0.957334280014038,0.9240307600806892,0.7854873538017273,0.5826575215090175,0.7869194149971008,0.0267679840326309,0.9081854820251464,0.8860966096609662,0.5,0.6,0.61,ridge_shuffle_1002
CBL_CNN1,unseen_combo_fold1,8,0.0023147526662796,0.0481118783354759,0.9840579628944396,0.9617536061585084,0.9663779735565186,0.7660462216588565,0.9661110043525696,0.0320995226502418,0.9833986163139344,0.9357455745574558,0.8,0.86,0.75,ridge_shuffle_1002
CBL_PTPN12,unseen_combo_fold1,8,0.0009699632064439,0.031144231557846,0.993085503578186,0.9609660743352156,0.96620374917984,0.7253843813858466,0.9658679962158204,0.0106428740546107,0.9885674715042114,0.9345454545454546,0.75,0.72,0.8,ridge_shuffle_1002
CBL_PTPN9,unseen_combo_fold3,8,0.0007105411496013,0.0266559775918722,0.994606912136078,0.968635405301614,0.9653651714324952,0.706570553378411,0.9637342691421508,0.0036165586207062,0.9912509322166444,0.9275847584758476,0.85,0.8,0.8,ridge_shuffle_1002
CBL_TGFBR2,unseen_combo_fold2,8,0.0007153656915761,0.0267463214695453,0.9939596056938172,0.9660711184804824,0.9340245127677916,0.5933282433652468,0.9338247776031494,0.0044822609052062,0.9803882837295532,0.9032343234323432,0.5,0.74,0.73,ridge_shuffle_1002
CBL_UBASH3A,unseen_combo_fold4,8,0.0024348311126232,0.0493440069258213,0.9808029532432556,0.9381376888414094,0.8709590435028076,0.5248579659947897,0.8706286549568176,0.0161640662699937,0.9494231343269348,0.8987458745874587,0.65,0.62,0.61,ridge_shuffle_1002
CBL_UBASH3B,unseen_combo_fold4,8,0.0020850785076618,0.04566266015172,0.9843155741691588,0.9574438086171032,0.96442449092865,0.7540306118706718,0.9641645550727844,0.0288218911737203,0.982339322566986,0.9242364236423642,0.75,0.72,0.79,ridge_shuffle_1002
CDKN1B_CDKN1A,unseen_combo_fold0,8,0.0014133772347122,0.03759491071105,0.9870770573616028,0.9653187587686868,0.9474387764930724,0.6846750159261467,0.947092354297638,0.0137372436001896,0.9900829792022704,0.9346654665466546,0.9,0.82,0.82,ridge_shuffle_1002
CDKN1C_CDKN1A,unseen_combo_fold4,8,0.0015283090760931,0.0390935949981212,0.9866521954536438,0.9562675676059303,0.9387527704238892,0.6424651282349052,0.938944935798645,0.0090894885361194,0.9829292893409728,0.9386738673867386,0.85,0.76,0.78,ridge_shuffle_1002
CDKN1C_CDKN1B,unseen_combo_fold3,8,0.0015247911214828,0.0390485748648643,0.9862871170043944,0.9581059338421448,0.9113845229148864,0.6065171089728051,0.9115161895751952,0.0067628724500536,0.9753056168556212,0.933933393339334,0.75,0.78,0.71,ridge_shuffle_1002
CEBPB_CEBPA,unseen_combo_fold3,8,0.0070024691522121,0.0836807563900947,0.9595906138420104,0.9364205103609854,0.9393712878227234,0.7853159483692771,0.9417868256568908,0.0466820523142814,0.9788129329681396,0.9469186918691868,0.9,0.84,0.8,ridge_shuffle_1002
CEBPB_MAPK1,unseen_combo_fold2,8,0.0013276422396302,0.0364368259906768,0.9891453385353088,0.9663747381575852,0.94999760389328,0.8232611765018487,0.9511598348617554,0.0090600624680519,0.9793208241462708,0.971881188118812,0.8,0.84,0.81,ridge_shuffle_1002
CEBPB_OSR2,unseen_combo_fold1,8,0.002625040942803,0.0512351542711257,0.9792405366897584,0.9623375400046648,0.9227096438407898,0.8161684289092154,0.9261198043823242,0.0225700307637453,0.9511687159538268,0.9217641764176416,0.75,0.8,0.72,ridge_shuffle_1002
CEBPB_PTPN12,unseen_combo_fold4,8,0.0024481199216097,0.0494784787297248,0.978933811187744,0.9551895850238706,0.8186345100402832,0.6544898109100624,0.8228906393051147,0.0163647457957267,0.9101760983467102,0.8562616261626163,0.4,0.6,0.67,ridge_shuffle_1002
CEBPE_CEBPA,unseen_combo_fold0,8,0.0041690277867019,0.0645680055022239,0.9767557382583618,0.9533034775716348,0.9656744599342346,0.8614528607642055,0.9668654203414916,0.0448504909873008,0.9755545258522034,0.9533033303330332,0.85,0.82,0.83,ridge_shuffle_1002
CEBPE_CEBPB,unseen_combo_fold1,8,0.0047177416272461,0.0686858147382736,0.9627375602722168,0.9551663159356786,0.911857008934021,0.7893617091043565,0.9147639870643616,0.0486442409455776,0.94845449924469,0.9015541554155416,0.8,0.7,0.78,ridge_shuffle_1002
CEBPE_CNN1,unseen_combo_fold4,8,0.0028747739270329,0.0536169186234474,0.9746360182762146,0.9673893208006624,0.8176011443138123,0.6479572323518231,0.8201805353164673,0.0251248404383659,0.8889378905296326,0.8358235823582358,0.65,0.64,0.69,ridge_shuffle_1002
CEBPE_KLF1,unseen_combo_fold3,8,0.0024678148329257,0.0496771074831485,0.9812918305397034,0.9614569999751686,0.8095631003379822,0.5735477073754524,0.8119624257087708,0.0187965221703052,0.8775075078010559,0.8907770777077708,0.6,0.64,0.67,ridge_shuffle_1002
CEBPE_PTPN12,unseen_combo_fold0,8,0.0010678195394575,0.0326775088906288,0.9907539486885072,0.972018236784648,0.8788052201271057,0.6847891778171593,0.8792994022369385,0.0062681455165147,0.9488527178764344,0.9341854185418542,0.6,0.7,0.67,ridge_shuffle_1002
CEBPE_RUNX1T1,unseen_combo_fold0,8,0.0004705852188635,0.0216929763555526,0.995843231678009,0.984777417317311,0.9578529596328736,0.8474287746576096,0.9583224654197692,0.0037294328212738,0.9773906469345092,0.926036603660366,0.8,0.84,0.8,ridge_shuffle_1002
CEBPE_SPI1,unseen_combo_fold1,8,0.0098375780507922,0.0991845652461052,0.9304051399230956,0.9484495099262216,0.912460446357727,0.8086858441939194,0.9109601378440856,0.1285144686698913,0.9333267211914062,0.8691029102910292,0.65,0.68,0.7,ridge_shuffle_1002
CNN1_MAPK1,unseen_combo_fold1,8,0.0011943416902795,0.0345592498779296,0.9896673560142516,0.9694025921554968,0.8582624197006226,0.6439268263110278,0.8587205410003662,0.0071478798054158,0.9468555450439452,0.902034203420342,0.75,0.7,0.78,ridge_shuffle_1002
CNN1_UBASH3A,unseen_combo_fold1,8,0.0037196611519902,0.0609890259802341,0.971428155899048,0.957803228894458,0.94351464509964,0.7040897817411664,0.9435145854949952,0.0527430325746536,0.967069685459137,0.9067866786678668,0.8,0.74,0.72,ridge_shuffle_1002
DUSP9_ETS2,unseen_combo_fold2,8,0.0019407322397455,0.044053740799427,0.9845536947250366,0.9754196032994504,0.8275219202041626,0.6428544653512083,0.8306547999382019,0.0219455622136592,0.8954845070838928,0.8549294929492949,0.6,0.68,0.72,ridge_shuffle_1002
DUSP9_IGDCC3,unseen_combo_fold3,8,0.0008129646303132,0.0285125337541103,0.994335114955902,0.9617485880578612,0.9738633036613464,0.8147116571786546,0.973396897315979,0.0052837906405329,0.9894227981567384,0.9671527152715272,0.85,0.86,0.83,ridge_shuffle_1002
DUSP9_KLF1,unseen_combo_fold3,8,0.0017103236168622,0.0413560606539249,0.989396035671234,0.959053851044614,0.9541720747947692,0.7232483071179964,0.9546315670013428,0.0219549555331468,0.9665317535400392,0.9342334233423344,0.75,0.84,0.81,ridge_shuffle_1002
DUSP9_MAPK1,unseen_combo_fold3,8,0.0018260179786011,0.0427319332957267,0.9857062697410583,0.9653082967922167,0.8406088352203369,0.5608680526846309,0.8456069231033325,0.0092349639162421,0.945133090019226,0.8876927692769276,0.65,0.64,0.61,ridge_shuffle_1002
DUSP9_PRTG,unseen_combo_fold0,8,0.0013424673816189,0.0366396978497505,0.9906060695648192,0.966301987677879,0.9631590843200684,0.7935199036332711,0.9635894894599916,0.0116601167246699,0.9854682683944702,0.9583438343834384,0.65,0.86,0.8,ridge_shuffle_1002
DUSP9_SNAI1,unseen_combo_fold3,8,0.0055427188053727,0.0744494348764419,0.954436182975769,0.9582216350230108,0.8252405524253845,0.75277149726821,0.8288295269012451,0.0433622971177101,0.937929391860962,0.8964656465646564,0.55,0.64,0.65,ridge_shuffle_1002
ETS2_CEBPE,unseen_combo_fold4,8,0.0012083883630111,0.0347618795931339,0.9903154373168944,0.9763992530720488,0.9568093419075012,0.8241220517019969,0.9577914476394652,0.0125937042757868,0.977151095867157,0.9401740174017402,0.9,0.82,0.81,ridge_shuffle_1002
ETS2_CNN1,unseen_combo_fold4,8,0.0027855257503688,0.0527780801057815,0.9764949679374696,0.9590352720880492,0.8475795984268188,0.6072585164904176,0.8467398285865784,0.0225215572863817,0.9327911138534546,0.9218001800180018,0.75,0.66,0.67,ridge_shuffle_1002
ETS2_IGDCC3,unseen_combo_fold0,8,0.0009361910051666,0.0305972378700971,0.9920958280563354,0.975958622224346,0.8662007451057434,0.6784062372081204,0.8680474758148193,0.0050406930968165,0.9604158401489258,0.9216921692169217,0.65,0.68,0.66,ridge_shuffle_1002
ETS2_IKZF3,unseen_combo_fold1,8,0.0012304090196266,0.0350771881639957,0.9926335215568542,0.9626797318572684,0.9694553017616272,0.802075656460739,0.9700418710708618,0.0113213649019598,0.9896051287651062,0.9570477047704772,0.8,0.86,0.85,ridge_shuffle_1002
ETS2_MAP7D1,unseen_combo_fold2,8,0.0024254536256194,0.0492488928139209,0.9803078770637512,0.9562998232206008,0.8073244094848633,0.5507465442888909,0.8055002093315125,0.0295968297868967,0.8640559911727905,0.868022802280228,0.55,0.68,0.67,ridge_shuffle_1002
ETS2_MAPK1,unseen_combo_fold2,8,0.0030745251569896,0.0554484017193317,0.9771354794502258,0.9520282770139098,0.9098836183547974,0.7119839844100462,0.9098447561264038,0.035693846642971,0.9407620429992676,0.924008400840084,0.8,0.86,0.65,ridge_shuffle_1002
ETS2_PRTG,unseen_combo_fold4,8,0.0008551240898668,0.0292425043880939,0.9928826093673706,0.9733441554644509,0.9058534502983092,0.7125569735135384,0.9067294001579284,0.00394675321877,0.972863793373108,0.9270447044704472,0.65,0.7,0.68,ridge_shuffle_1002
FEV_CBFA2T3,unseen_combo_fold2,8,0.0061821262352168,0.0786264985799789,0.9609925746917723,0.9570733874988384,0.9114577770233154,0.7781362783328473,0.915704309940338,0.0819708034396171,0.9329031109809875,0.8831083108310831,0.7,0.72,0.8,ridge_shuffle_1002
FEV_ISL2,unseen_combo_fold3,8,0.0014092607889324,0.0375401228666305,0.9908215999603271,0.9656283930430752,0.957513988018036,0.7847796305708298,0.959379494190216,0.011802059598267,0.9821290373802184,0.9591479147914792,0.8,0.88,0.81,ridge_shuffle_1002
FEV_MAP7D1,unseen_combo_fold3,8,0.0014540402917191,0.0381318815052509,0.9901202321052552,0.9654701237142156,0.9338489770889282,0.7448300299501776,0.9349552392959596,0.0098910294473171,0.9694211483001708,0.933837383738374,0.8,0.82,0.8,ridge_shuffle_1002
FOSB_CEBPB,unseen_combo_fold1,8,0.006658867932856,0.0816018879413604,0.9470094442367554,0.9372108585623384,0.8693026304244995,0.7074715101331254,0.8727874755859375,0.0778728649020195,0.9225661754608154,0.8756075607560756,0.7,0.66,0.73,ridge_shuffle_1002
FOSB_CEBPE,unseen_combo_fold1,8,0.0061815469525754,0.078622817993164,0.9539722800254822,0.9578971003780706,0.8954647183418274,0.7790615113935621,0.8975223302841187,0.0732114538550376,0.9454384446144104,0.9074107410741076,0.8,0.7,0.71,ridge_shuffle_1002
FOSB_IKZF3,unseen_combo_fold4,8,0.0062158326618373,0.0788405537605285,0.9626017808914183,0.9311088419089896,0.8929440379142761,0.7047964066271103,0.8935453295707703,0.0553500019013881,0.938167929649353,0.878991899189919,0.6,0.6,0.67,ridge_shuffle_1002
FOSB_OSR2,unseen_combo_fold3,8,0.0059059048071503,0.0768498852849006,0.9577487111091614,0.921848997255834,0.7844561338424683,0.5425071893306432,0.7863984704017639,0.056366853415966,0.8914618492126465,0.8311551155115512,0.7,0.68,0.67,ridge_shuffle_1002
FOSB_PTPN12,unseen_combo_fold4,8,0.0020681319292634,0.0454767197370529,0.9826278686523438,0.9486248980693428,0.7234137058258057,0.5037423423092594,0.7236865758895874,0.0100646493956446,0.8875335454940796,0.8638823882388239,0.45,0.52,0.49,ridge_shuffle_1002
FOSB_UBASH3B,unseen_combo_fold1,8,0.000920825114008,0.0303451009094715,0.9916784763336182,0.9780896464551136,0.806486964225769,0.5734372512265038,0.8081334829330444,0.0060338145121932,0.9042438864707948,0.8504530453045305,0.6,0.56,0.71,ridge_shuffle_1002
FOXA1_FOXF1,unseen_combo_fold0,8,0.000767748162616,0.0277082696557045,0.9930102825164796,0.9743710809874232,0.9440295696258544,0.7868896611314382,0.9452791810035706,0.0056426157243549,0.9813963174819946,0.9466906690669068,0.7,0.8,0.82,ridge_shuffle_1002
FOXA1_FOXL2,unseen_combo_fold2,8,0.0008429267327301,0.02903320081532,0.9924620985984802,0.9687928691715518,0.9460493326187134,0.7983089797480205,0.94692200422287,0.0038506344426423,0.9856163263320924,0.9536633663366336,0.75,0.82,0.78,ridge_shuffle_1002
FOXA1_HOXB9,unseen_combo_fold4,8,0.0014710059622302,0.0383536964654922,0.987418293952942,0.963118442872272,0.9213172793388368,0.7817000262154161,0.9240374565124512,0.0103300120681524,0.965950071811676,0.924152415241524,0.55,0.68,0.75,ridge_shuffle_1002
FOXA3_FOXA1,unseen_combo_fold4,8,0.0011979328701272,0.034611165523529,0.9891055822372437,0.9633383768518664,0.935486912727356,0.7960846539119647,0.936797022819519,0.0084195379167795,0.9720171689987184,0.933861386138614,0.65,0.76,0.74,ridge_shuffle_1002
FOXA3_FOXF1,unseen_combo_fold2,8,0.0011027496075257,0.0332076735794544,0.9895694255828856,0.9637888895385646,0.9093133211135864,0.7358789747917382,0.910003423690796,0.0066230231896042,0.9697437286376952,0.9328532853285328,0.75,0.76,0.73,ridge_shuffle_1002
FOXA3_FOXL2,unseen_combo_fold0,8,0.0022523992229253,0.0474594496190547,0.9814186096191406,0.9587408310692456,0.9367546439170836,0.8164799439769461,0.9381621479988098,0.0159298852086067,0.9781816005706788,0.9361656165616562,0.8,0.76,0.75,ridge_shuffle_1002
FOXA3_HOXB9,unseen_combo_fold3,8,0.0021444133017212,0.0463078096508979,0.9819530844688416,0.9568222193967788,0.9291420578956604,0.8120104767736588,0.9312060475349426,0.0129682766273617,0.9650935530662536,0.8863726372637264,0.65,0.74,0.85,ridge_shuffle_1002
FOXF1_FOXL2,unseen_combo_fold4,8,0.0019955721218138,0.0446718260645866,0.9825900197029114,0.954123474195781,0.9113655090332032,0.7671799563349722,0.9131209254264832,0.0140189882367849,0.9631717801094056,0.9167476747674768,0.65,0.68,0.77,ridge_shuffle_1002
FOXF1_HOXB9,unseen_combo_fold1,8,0.0010520038194954,0.0324346087872982,0.990522027015686,0.965465401553108,0.9283870458602904,0.7624594371751512,0.9303120374679564,0.0050898399204015,0.97661691904068,0.931989198919892,0.75,0.76,0.73,ridge_shuffle_1002
FOXL2_HOXB9,unseen_combo_fold3,8,0.0067728469148278,0.0822973102331161,0.9506462216377258,0.8993023059290147,0.8027172088623047,0.6219642122030996,0.8082554936408997,0.0332135558128356,0.9016692042350768,0.8763636363636363,0.5,0.6,0.63,ridge_shuffle_1002
FOXL2_MEIS1,unseen_combo_fold3,8,0.0013653993373736,0.0369513109326362,0.9883019328117372,0.9671125340668888,0.9037784337997437,0.6975327508379578,0.9060623645782472,0.0126626584678888,0.9574432969093324,0.8923972397239724,0.8,0.76,0.79,ridge_shuffle_1002
IGDCC3_MAPK1,unseen_combo_fold3,8,0.0013523020315915,0.0367736592888832,0.9884143471717834,0.9659029283881272,0.868325412273407,0.6611379606204367,0.8691807985305786,0.0100771784782409,0.9234586358070374,0.8717911791179118,0.6,0.66,0.69,ridge_shuffle_1002
IGDCC3_PRTG,unseen_combo_fold2,8,0.0015370770124718,0.0392055734992027,0.9873403310775756,0.9572191528774469,0.9222620129585266,0.675422499219437,0.9220335483551024,0.0098586771637201,0.9693742990493774,0.9276927692769276,0.55,0.78,0.7,ridge_shuffle_1002
IGDCC3_ZBTB25,unseen_combo_fold4,8,0.0023735861759632,0.0487194657325744,0.9800618290901184,0.953212643620584,0.9326604008674622,0.6833015450176435,0.9326105117797852,0.0252839010208845,0.9785833358764648,0.916999699969997,0.8,0.7,0.76,ridge_shuffle_1002
IRF1_SET,unseen_combo_fold0,8,0.0031697559170424,0.0563005842268466,0.9740803241729736,0.9655225556279216,0.910715639591217,0.790221718794596,0.9123262763023376,0.0434658750891685,0.9405668377876282,0.8836963696369637,0.8,0.72,0.69,ridge_shuffle_1002
JUN_CEBPA,unseen_combo_fold1,8,0.0062905717641115,0.0793131217360496,0.96319317817688,0.9338334161509256,0.9297383427619934,0.7705309970298738,0.9321795701980592,0.0529305264353752,0.9593619108200072,0.9138553855385538,0.65,0.78,0.82,ridge_shuffle_1002
JUN_CEBPB,unseen_combo_fold3,8,0.0043673305772244,0.0660857856273651,0.9663352966308594,0.9336538415738016,0.8850955963134766,0.6846497583708581,0.889165997505188,0.0270798187702894,0.9565035700798036,0.918019801980198,0.7,0.74,0.69,ridge_shuffle_1002
KIF18B_KIF2C,unseen_combo_fold0,8,0.0013927179388701,0.0373191349208354,0.9878402948379515,0.9496732693795392,0.5504724383354187,0.2530150891495004,0.5527321100234985,0.0095651904121041,0.7656201720237732,0.7271647164716472,0.3,0.4,0.4,ridge_shuffle_1002
KLF1_BAK1,unseen_combo_fold2,8,0.0005308133549988,0.0230393875390291,0.9962013363838196,0.9627504227654128,0.9566609859466552,0.5932479779200897,0.9563711881637572,0.0055697872303426,0.9835084676742554,0.9612241224122412,0.85,0.84,0.72,ridge_shuffle_1002
KLF1_CEBPA,unseen_combo_fold0,8,0.0034474153071641,0.0587146952748298,0.9774881601333618,0.9669868891031476,0.9285752177238464,0.8238201394733913,0.930108904838562,0.0235472209751606,0.9572947025299072,0.9486708670867088,0.9,0.82,0.72,ridge_shuffle_1002
KLF1_CLDN6,unseen_combo_fold2,8,0.0027534402906894,0.0524732358753681,0.9803150296211244,0.9595790886178686,0.9223811626434326,0.6427701699282966,0.9212133884429932,0.0379106663167476,0.9432938098907472,0.9467026702670268,0.85,0.78,0.74,ridge_shuffle_1002
KLF1_COL2A1,unseen_combo_fold1,8,0.0030455517116934,0.0551865175366401,0.9759714603424072,0.9643602405332352,0.8118513226509094,0.6598948826063925,0.8131721615791321,0.0351830720901489,0.8838949203491211,0.8728592859285929,0.65,0.64,0.6,ridge_shuffle_1002
KLF1_FOXA1,unseen_combo_fold1,8,0.0013701424468308,0.0370154343545436,0.9893903732299804,0.9710217316194898,0.8857525587081909,0.6838354465696991,0.887193500995636,0.0144809056073427,0.9076600670814514,0.8866486648664866,0.8,0.74,0.78,ridge_shuffle_1002
KLF1_MAP2K6,unseen_combo_fold4,8,0.000972346169874,0.0311824660748243,0.99310964345932,0.9272898508340938,0.901232123374939,0.5447783656117129,0.8994324803352356,0.0062769083306193,0.9634613394737244,0.9008580858085808,0.75,0.64,0.62,ridge_shuffle_1002
KLF1_TGFBR2,unseen_combo_fold1,8,0.0006647978443652,0.0257836747914552,0.9952617287635804,0.954646505124882,0.9501691460609436,0.5554802782243593,0.9498308300971984,0.0052066594362258,0.981059193611145,0.9485508550855084,0.75,0.82,0.71,ridge_shuffle_1002
LHX1_ELMSAN1,unseen_combo_fold2,8,0.0022731344215571,0.0476773977279663,0.9803480505943298,0.9751561723287182,0.8228110671043396,0.482693030106923,0.8238189220428467,0.031735859811306,0.8906382322311401,0.8661146114611461,0.65,0.64,0.63,ridge_shuffle_1002
LYL1_CEBPB,unseen_combo_fold4,8,0.0024865919258445,0.0498657375574111,0.9785292148590088,0.9578555255752496,0.8289297819137573,0.6848784692997404,0.8333974480628967,0.0184832327067852,0.9012911319732666,0.896957695769577,0.65,0.58,0.61,ridge_shuffle_1002
LYL1_IER5L,unseen_combo_fold2,8,0.00210787425749,0.0459115915000438,0.981899619102478,0.9582227360401216,0.8572802543640137,0.6086065769871402,0.8581746220588684,0.0212395954877138,0.923050045967102,0.8891449144914492,0.7,0.62,0.62,ridge_shuffle_1002
MAP2K3_ELMSAN1,unseen_combo_fold1,8,0.0011012904578819,0.0331856980919837,0.9920035600662231,0.9668799991370256,0.8692324161529541,0.6038773540014483,0.8689507842063904,0.0121338358148932,0.9457862973213196,0.887968796879688,0.55,0.62,0.69,ridge_shuffle_1002
MAP2K3_IKZF3,unseen_combo_fold0,8,0.0014507586602121,0.0380888245999813,0.9907381534576416,0.9662803005013912,0.959619641304016,0.7390034419704103,0.9597325921058656,0.0185218658298254,0.9726895093917848,0.9407140714071408,0.85,0.68,0.77,ridge_shuffle_1002
MAP2K3_MAP2K6,unseen_combo_fold1,8,0.0004569756856653,0.0213769897818565,0.9961901307106018,0.971434052580428,0.8104858994483948,0.579815261188813,0.8102896213531494,0.0033653422724455,0.898090124130249,0.8824362436243625,0.4,0.66,0.73,ridge_shuffle_1002
MAP2K3_SLC38A2,unseen_combo_fold1,8,0.0005781197105534,0.024044120684266,0.9951890110969543,0.9604801153019548,0.8061219453811646,0.491561753012257,0.8062201738357544,0.0038561099208891,0.9341880679130554,0.8792319231923192,0.55,0.66,0.67,ridge_shuffle_1002
MAP2K6_ELMSAN1,unseen_combo_fold2,8,0.0003637948539108,0.0190734062343835,0.9970179200172424,0.9710414696871092,0.9147627353668212,0.6495934494221179,0.91468346118927,0.0023425328545272,0.9614641666412354,0.9032103210321032,0.75,0.8,0.79,ridge_shuffle_1002
MAP2K6_IKZF3,unseen_combo_fold2,8,0.0006699113873764,0.0258826464414596,0.9955187439918518,0.9637199398160596,0.9781164526939392,0.7456455603830054,0.978184938430786,0.0046291886828839,0.9912847876548768,0.950987098709871,0.9,0.78,0.83,ridge_shuffle_1002
MAP2K6_SPI1,unseen_combo_fold2,8,0.0052744066342711,0.0726251080632209,0.9517511129379272,0.9482294473504044,0.7682536244392395,0.5850879379005434,0.7628673911094666,0.0407153740525245,0.8653421998023987,0.8614461446144615,0.6,0.58,0.61,ridge_shuffle_1002
MAPK1_IKZF3,unseen_combo_fold2,8,0.0010474425507709,0.0323642157018184,0.9925683736801147,0.9660249423411268,0.9555087685585022,0.7886607399933767,0.955752730369568,0.0083215273916721,0.9755061864852904,0.956999699969997,0.85,0.84,0.81,ridge_shuffle_1002
MAPK1_PRTG,unseen_combo_fold1,8,0.0013456628657877,0.0366832762956619,0.9887646436691284,0.9727565251248408,0.8501240015029907,0.6873484369156674,0.8518063426017761,0.01270033698529,0.888560950756073,0.8703990399039904,0.65,0.64,0.65,ridge_shuffle_1002
MAPK1_TGFBR2,unseen_combo_fold3,8,0.0007584314444102,0.0275396332144737,0.993747055530548,0.9678987818383912,0.9404271245002748,0.6889304374737769,0.9408010840415956,0.005908872000873,0.97776597738266,0.9621722172217222,0.95,0.9,0.76,ridge_shuffle_1002
PLK4_STIL,unseen_combo_fold1,8,0.0036419066600501,0.0603482127189636,0.9666367769241332,0.9433986808007976,0.6411325931549072,0.4473089771553461,0.6384834051132202,0.0413880459964275,0.8148950338363647,0.798007800780078,0.4,0.36,0.43,ridge_shuffle_1002
POU3F2_CBFA2T3,unseen_combo_fold0,8,0.001467133522965,0.0383031778037548,0.9872087836265564,0.9695308159606516,0.8833170533180237,0.7129240313377718,0.8857066631317139,0.011320361867547,0.949828803539276,0.8943534353435344,0.7,0.68,0.68,ridge_shuffle_1002
POU3F2_FOXL2,unseen_combo_fold0,8,0.0028720293194055,0.0535913184285163,0.9760159254074096,0.9588200557018256,0.8483969569206238,0.739666280610203,0.8515233397483826,0.030808562412858,0.892315685749054,0.8833603360336033,0.55,0.66,0.77,ridge_shuffle_1002
PRDM1_CBFA2T3,unseen_combo_fold0,8,0.0043293740600347,0.0657979771494865,0.9670408368110656,0.9485599444097724,0.8985088467597961,0.7034520673993746,0.9001492261886597,0.0415747724473476,0.9588082432746888,0.9332853285328532,0.65,0.74,0.72,ridge_shuffle_1002
PTPN12_OSR2,unseen_combo_fold2,8,0.0016914940206333,0.0411277785897254,0.9852598905563354,0.9585570984516176,0.6732744574546814,0.4616653396152119,0.6840655207633972,0.0118340728804469,0.7753736972808838,0.7298769876987699,0.5,0.4,0.43,ridge_shuffle_1002
PTPN12_PTPN9,unseen_combo_fold1,8,0.001025901758112,0.0320296995341777,0.9914925694465636,0.9669448367319275,0.9608362317085266,0.7341029229760174,0.9605048894882202,0.0123408026993274,0.9881819486618042,0.9264686468646864,0.9,0.74,0.84,ridge_shuffle_1002
PTPN12_SNAI1,unseen_combo_fold2,8,0.0010958344209939,0.0331033915281295,0.989241898059845,0.962362441340749,0.8385770320892334,0.66981115264601,0.8388798236846924,0.0058855772949755,0.9319473505020142,0.90997899789979,0.5,0.7,0.69,ridge_shuffle_1002
PTPN12_UBASH3A,unseen_combo_fold2,8,0.0022378023713827,0.0473054163157939,0.9826810956001282,0.9602010669524124,0.9630228281021118,0.710338554442243,0.962958812713623,0.0348019488155841,0.9881862998008728,0.945934593459346,0.85,0.82,0.81,ridge_shuffle_1002
PTPN12_ZBTB25,unseen_combo_fold4,8,0.0009903337340801,0.0314695686101913,0.992543876171112,0.9479942072028696,0.9587862491607666,0.6970069141667592,0.9572101831436156,0.0083017740398645,0.9846777319908142,0.9047224722472248,0.9,0.74,0.83,ridge_shuffle_1002
RHOXF2_SET,unseen_combo_fold3,8,0.0027952298987656,0.0528699345886707,0.9792004227638244,0.9583566304442006,0.8664695024490356,0.7758458620888968,0.870669960975647,0.031548898667097,0.8809483647346497,0.8440924092409241,0.6,0.64,0.71,ridge_shuffle_1002
RHOXF2_ZBTB25,unseen_combo_fold3,8,0.0012292297324165,0.0350603722035884,0.991262674331665,0.9651214069490602,0.956488311290741,0.7684622737508228,0.956365704536438,0.0051595568656921,0.9890869855880736,0.9407860786078608,0.75,0.76,0.84,ridge_shuffle_1002
SAMD1_PTPN12,unseen_combo_fold0,8,0.0006161898490972,0.0248231720179319,0.9952775835990906,0.9688819848841488,0.9732425212860109,0.7923277887999446,0.9729520082473756,0.0031226419378072,0.9938710927963256,0.9322292229222924,0.95,0.74,0.83,ridge_shuffle_1002
SAMD1_TGFBR2,unseen_combo_fold0,8,0.0021352376788854,0.046208631247282,0.9818021655082704,0.9492059168752108,0.8463071584701538,0.5301320265717109,0.8460419178009033,0.012987757101655,0.96185302734375,0.8844644464446445,0.75,0.56,0.59,ridge_shuffle_1002
SAMD1_UBASH3B,unseen_combo_fold4,8,0.00071575777838,0.0267536491155624,0.9941135048866272,0.9672965095072248,0.9648845791816713,0.7613986796486688,0.964964747428894,0.0049962047487497,0.9881877899169922,0.9431143114311432,0.95,0.76,0.77,ridge_shuffle_1002
SAMD1_ZBTB1,unseen_combo_fold3,8,0.0009294141200371,0.0304862931370735,0.9930600523948668,0.9694934048426654,0.963005304336548,0.7564984466012363,0.9634544849395752,0.0045187850482761,0.9904658198356628,0.957971797179718,0.9,0.86,0.84,ridge_shuffle_1002
SET_CEBPE,unseen_combo_fold0,8,0.0022953005973249,0.0479092970490455,0.9804757237434388,0.9675790052843658,0.846316933631897,0.6973622580510077,0.8467212319374084,0.0169090777635574,0.9150808453559875,0.9118391839183918,0.65,0.62,0.64,ridge_shuffle_1002
SET_KLF1,unseen_combo_fold0,8,0.0026048594154417,0.0510378219187259,0.981380820274353,0.9718365998909084,0.8299416303634644,0.645864343924153,0.8287114500999451,0.0300118215382099,0.8963597416877747,0.8841764176417641,0.4,0.6,0.68,ridge_shuffle_1002
SGK1_S1PR2,unseen_combo_fold0,8,0.0037769034970551,0.0614565163850784,0.9690752029418944,0.9705921154514936,0.8909819722175598,0.769241281691696,0.8910861015319824,0.0563076734542846,0.9248250126838684,0.8971737173717371,0.65,0.7,0.69,ridge_shuffle_1002
SGK1_TBX2,unseen_combo_fold4,8,0.0008125183521769,0.0285047069191932,0.9932761788368224,0.9703828753123428,0.9577512741088868,0.7653788491581307,0.9578978419303894,0.0056839506141841,0.984140932559967,0.9523672367236724,0.85,0.78,0.8,ridge_shuffle_1002
SGK1_TBX3,unseen_combo_fold0,8,0.0013000089675188,0.0360556356608867,0.9892652630805968,0.9703200176170754,0.9646399617195128,0.6835754905103274,0.9640008807182312,0.0149016892537474,0.9913942813873292,0.8955775577557756,0.7,0.68,0.75,ridge_shuffle_1002
SNAI1_DLX2,unseen_combo_fold4,8,0.0025703713763505,0.0506988316774368,0.9745937585830688,0.9411048850246644,0.9098791480064392,0.6992084036995124,0.9096484184265136,0.0208142288029193,0.9525848627090454,0.9138673867386738,0.75,0.72,0.74,ridge_shuffle_1002
SNAI1_UBASH3B,unseen_combo_fold4,8,0.0012046749470755,0.0347084291279315,0.9888201355934144,0.9564485635166456,0.856337308883667,0.6655977418069855,0.8505556583404541,0.0059598912484943,0.9345595836639404,0.8775637563756375,0.65,0.62,0.61,ridge_shuffle_1002
TBX3_TBX2,unseen_combo_fold0,8,0.0005201601306907,0.0228070188313722,0.9955273866653442,0.974719068651674,0.973377287387848,0.7723428887412419,0.973381757736206,0.0048493281938135,0.9872600436210632,0.9111911191119112,0.85,0.86,0.75,ridge_shuffle_1002
TGFBR2_C19orf26,unseen_combo_fold3,8,0.0016399667365476,0.040496502071619,0.986345112323761,0.960315143263852,0.8440229296684265,0.4724430889772186,0.8443862199783325,0.0172665677964687,0.9287797808647156,0.8773117311731173,0.7,0.64,0.64,ridge_shuffle_1002
TGFBR2_ETS2,unseen_combo_fold4,8,0.0014790330315008,0.0384581983089447,0.9871882200241088,0.9557298899255718,0.7036846280097961,0.4385070765535109,0.7088240385055542,0.0131574999541044,0.7966493368148804,0.808016801680168,0.6,0.62,0.54,ridge_shuffle_1002
TGFBR2_IGDCC3,unseen_combo_fold3,8,0.0005793444579467,0.0240695755928754,0.9951569437980652,0.96504885170308,0.9465492367744446,0.680869929127007,0.94623863697052,0.0032507150899618,0.9820616245269777,0.9385298529852986,0.75,0.78,0.72,ridge_shuffle_1002
TGFBR2_PRTG,unseen_combo_fold2,8,0.0007191771874204,0.0268174782395362,0.9939079880714417,0.969971447454828,0.9550622701644896,0.7178630415773922,0.9551045298576356,0.0064935530535876,0.9838115572929382,0.9413021302130212,0.75,0.86,0.76,ridge_shuffle_1002
TMSB4X_BAK1,unseen_combo_fold4,8,0.0005028774612583,0.022424928843975,0.9961575865745544,0.9645518147545517,0.9179263710975648,0.2056672572718058,0.9178549647331238,0.0033548236824572,0.9738472104072572,0.8217101710171018,0.75,0.56,0.51,ridge_shuffle_1002
UBASH3B_CNN1,unseen_combo_fold2,8,0.0018564622150734,0.0430866815149784,0.9874503016471864,0.96143701367634,0.9789580702781676,0.7942262259466865,0.9786198735237122,0.0283033419400453,0.9919496178627014,0.9392379237923792,0.8,0.88,0.87,ridge_shuffle_1002
UBASH3B_OSR2,unseen_combo_fold2,8,0.0018771431641653,0.0433260090649127,0.983217716217041,0.9685536481340912,0.6513450145721436,0.5132551102271116,0.665977954864502,0.0131093291565775,0.7480661869049072,0.7329492949294929,0.55,0.46,0.42,ridge_shuffle_1002
UBASH3B_PTPN12,unseen_combo_fold1,8,0.0010114264441654,0.0318029299378395,0.9924842715263368,0.9553938490713196,0.966121256351471,0.7351693748093587,0.964795172214508,0.0106583591550588,0.9907458424568176,0.9343414341434144,0.8,0.76,0.8,ridge_shuffle_1002
UBASH3B_PTPN9,unseen_combo_fold4,8,0.0008945643785409,0.0299092698842287,0.9925597906112672,0.963991959871897,0.9614964723587036,0.7367282358290108,0.96061772108078,0.009099792689085,0.987518072128296,0.924956495649565,0.75,0.78,0.8,ridge_shuffle_1002
UBASH3B_UBASH3A,unseen_combo_fold1,8,0.0008816266199573,0.0296921972185373,0.9921587705612184,0.9734037395024278,0.9218114614486694,0.6609782670332323,0.9217783212661744,0.0080756256356835,0.9616803526878356,0.9107710771077108,0.75,0.76,0.69,ridge_shuffle_1002
UBASH3B_ZBTB25,unseen_combo_fold4,8,0.0011375935282558,0.0337282307446002,0.9907287359237672,0.9466555843033556,0.9420469403266908,0.6576730142278212,0.9403665661811828,0.0114816948771476,0.9749216437339784,0.9142994299429944,0.8,0.7,0.69,ridge_shuffle_1002
ZBTB10_DLX2,unseen_combo_fold3,8,0.0047184289433062,0.0686908215284347,0.9591496586799622,0.9418041234471114,0.9033749103546144,0.7563129955384544,0.9041190147399902,0.0456097982823848,0.9529593586921692,0.914179417941794,0.75,0.68,0.75,ridge_shuffle_1002
ZBTB10_ELMSAN1,unseen_combo_fold2,8,0.003799291094765,0.0616383887827396,0.9671549797058104,0.9597766050932108,0.8506815433502197,0.7129119167990695,0.8545210957527161,0.0407184138894081,0.9421915411949158,0.9105550555055506,0.7,0.6,0.59,ridge_shuffle_1002
ZBTB10_PTPN12,unseen_combo_fold0,8,0.0020565891172736,0.0453496314585208,0.9823136925697328,0.962055557663996,0.8679505586624146,0.763443371461211,0.8698020577430725,0.0087801609188318,0.9612454175949096,0.9111191119111912,0.6,0.68,0.71,ridge_shuffle_1002
ZBTB10_SNAI1,unseen_combo_fold2,8,0.0038920373190194,0.0623861961066722,0.9682519435882568,0.9505348631115376,0.9162506461143494,0.7844260624205671,0.9171608686447144,0.0369137749075889,0.967720091342926,0.936117611761176,0.75,0.72,0.73,ridge_shuffle_1002
ZC3HAV1_CEBPA,unseen_combo_fold1,8,0.002460969146341,0.0496081560850143,0.9826359152793884,0.960613081989458,0.9510121941566468,0.7939516939435372,0.952344000339508,0.0179639738053083,0.9725384712219238,0.947050705070507,0.85,0.86,0.83,ridge_shuffle_1002
ZC3HAV1_CEBPE,unseen_combo_fold3,8,0.0017417059279978,0.0417337492108345,0.985326647758484,0.9590129911623052,0.8806482553482056,0.6051895544520816,0.8797107338905334,0.0135021042078733,0.9531380534172058,0.913075307530753,0.65,0.8,0.64,ridge_shuffle_1002
ZC3HAV1_HOXC13,unseen_combo_fold3,8,0.0012343311682343,0.0351330488920211,0.9894309639930724,0.9547182784243304,0.8594985008239746,0.6333404585836343,0.86139976978302,0.0081542823463678,0.9290031790733336,0.9097989798979896,0.55,0.72,0.73,ridge_shuffle_1002
ZNF318_FOXL2,unseen_combo_fold3,8,0.0015228417469188,0.0390236042439937,0.9866034388542176,0.9522001853628184,0.8274399638175964,0.621955731245472,0.8248058557510376,0.0067565501667559,0.9475947022438048,0.9147674767476748,0.65,0.6,0.6,ridge_shuffle_1002
AHR_FEV,unseen_combo_fold0,8,0.0037800129503011,0.0614818111062049,0.977969527244568,0.951004856584994,0.9158039093017578,0.7507301081139086,0.9203847646713256,0.0458626560866832,0.9490948915481568,0.8476447644764477,0.65,0.72,0.7,mlp_shuffle_1002
AHR_KLF1,unseen_combo_fold2,8,0.001289976760745,0.0359162464737892,0.9910749793052672,0.9488790761391892,0.9052352905273438,0.4647341219389664,0.9061374068260192,0.0129273394122719,0.9393454194068908,0.8492649264926493,0.85,0.68,0.65,mlp_shuffle_1002
BCL2L11_BAK1,unseen_combo_fold0,8,0.0005478687235154,0.0234065949916839,0.9953567385673524,0.9649494993034624,0.3531038165092468,0.1175495614452934,0.3484427332878113,0.0054001593962311,0.5612492561340332,0.4982058205820582,0.25,0.22,0.35,mlp_shuffle_1002
BCL2L11_TGFBR2,unseen_combo_fold0,8,0.000606361485552,0.0246244091540575,0.9949039220809937,0.9704716484935604,0.7129114270210266,0.2382492529607322,0.7109088897705078,0.0073840972036123,0.8597347140312195,0.6808880888088809,0.65,0.44,0.42,mlp_shuffle_1002
BPGM_SAMD1,unseen_combo_fold0,8,0.0016610033344477,0.0407554097473621,0.9872794151306152,0.963236809297795,0.9237560033798218,0.6767524289061279,0.9223684668540956,0.0181846395134925,0.9703044891357422,0.8776237623762376,0.75,0.66,0.73,mlp_shuffle_1002
BPGM_ZBTB1,unseen_combo_fold1,8,0.0007304737810045,0.027027279138565,0.9945011734962464,0.955066520020683,0.9630913734436036,0.7009919761059283,0.962390661239624,0.0051615224219858,0.9846200346946716,0.9547674767476748,0.85,0.78,0.76,mlp_shuffle_1002
C3orf72_FOXL2,unseen_combo_fold4,8,0.003155089681968,0.0561701841652393,0.9707581400871276,0.931229555127802,0.7719449400901794,0.5608323840694126,0.7731038928031921,0.0195109639316797,0.9025733470916748,0.8823042304230423,0.45,0.52,0.53,mlp_shuffle_1002
CBL_CNN1,unseen_combo_fold1,8,0.0020939270034432,0.0457594469189643,0.9857230186462402,0.9577503198236272,0.9660348296165466,0.7521912700040259,0.9657592177391052,0.0277665574103593,0.9828492403030396,0.9387698769876988,0.85,0.82,0.79,mlp_shuffle_1002
CBL_PTPN12,unseen_combo_fold1,8,0.0006029025535099,0.0245540738105773,0.9954537749290466,0.9666183859668752,0.9746190905570984,0.7374850178353175,0.9746176600456238,0.0032673447858542,0.992084503173828,0.9364296429642964,0.8,0.8,0.81,mlp_shuffle_1002
CBL_PTPN9,unseen_combo_fold3,8,0.000807752890978,0.0284209940582513,0.9937779903411864,0.957001330993894,0.9508062601089478,0.6911877809495657,0.9504621624946594,0.0058132708072662,0.9806342720985411,0.901866186618662,0.7,0.84,0.79,mlp_shuffle_1002
CBL_TGFBR2,unseen_combo_fold2,8,0.0009595711017027,0.0309769455343484,0.9918158650398254,0.9501310849901188,0.9330090880393982,0.5606184854044273,0.9329847693443298,0.0101076187565922,0.9821609258651732,0.9172637263726372,0.5,0.76,0.73,mlp_shuffle_1002
CBL_UBASH3A,unseen_combo_fold4,8,0.0025277223903685,0.0502764582633972,0.9803552627563475,0.9311776825767284,0.8729198575019836,0.5209727703107028,0.8728479146957397,0.0201339665800333,0.9544525146484376,0.900966096609661,0.65,0.56,0.56,mlp_shuffle_1002
CBL_UBASH3B,unseen_combo_fold4,8,0.0021530669182538,0.0464011505246162,0.9839885830879213,0.954429431090686,0.971878945827484,0.7532238983024663,0.9718800783157348,0.0316767431795597,0.986609160900116,0.9631323132313232,0.9,0.84,0.84,mlp_shuffle_1002
CDKN1B_CDKN1A,unseen_combo_fold0,8,0.0011041009565815,0.033228013664484,0.9900938868522644,0.9592635356059634,0.9365949630737304,0.6781091070937784,0.9364209771156312,0.0079360324889421,0.9721821546554564,0.9195919591959196,0.8,0.86,0.81,mlp_shuffle_1002
CDKN1C_CDKN1A,unseen_combo_fold4,8,0.0013925294624641,0.0373166128993034,0.9880109429359436,0.9523947637990688,0.9265434145927428,0.634491960746769,0.926864206790924,0.0097789810970425,0.977308452129364,0.9272727272727272,0.75,0.76,0.74,mlp_shuffle_1002
CDKN1C_CDKN1B,unseen_combo_fold3,8,0.0013383061159402,0.0365828648209571,0.9878861904144288,0.954814504737088,0.9003233909606934,0.6006838252781382,0.9003028273582458,0.0081317648291587,0.9640687704086304,0.9133273327332734,0.75,0.74,0.71,mlp_shuffle_1002
CEBPB_CEBPA,unseen_combo_fold3,8,0.0037878630682826,0.061545617878437,0.9749872088432312,0.9476494952488068,0.9450893402099608,0.790945418740064,0.9472920298576356,0.0150907523930072,0.9803632497787476,0.9434863486348636,0.9,0.88,0.82,mlp_shuffle_1002
CEBPB_MAPK1,unseen_combo_fold2,8,0.0011435478227213,0.0338163822889328,0.990661323070526,0.9543571923584638,0.9565488696098328,0.7953083504197516,0.9575560688972472,0.0076145585626363,0.9845744371414183,0.967980798079808,0.75,0.84,0.79,mlp_shuffle_1002
CEBPB_OSR2,unseen_combo_fold1,8,0.0018654396990314,0.043190736323595,0.9849560260772704,0.9670491009459932,0.9445112943649292,0.8393295759630343,0.946924924850464,0.0163977686315774,0.9624840021133424,0.9328892889288928,0.7,0.82,0.77,mlp_shuffle_1002
CEBPB_PTPN12,unseen_combo_fold4,8,0.0023093079216778,0.0480552576482296,0.9801509380340576,0.9500521584321788,0.8062806129455566,0.671010121569258,0.8110199570655823,0.0192076563835144,0.8847479224205017,0.8707830783078307,0.45,0.56,0.69,mlp_shuffle_1002
CEBPE_CEBPA,unseen_combo_fold0,8,0.0025446382351219,0.0504444055259227,0.9832268953323364,0.9647981675780168,0.9665104150772096,0.8631537983049646,0.967851996421814,0.0205187294632196,0.9763023257255554,0.965916591659166,0.9,0.82,0.89,mlp_shuffle_1002
CEBPE_CEBPB,unseen_combo_fold1,8,0.0031573208980262,0.0561900436878204,0.975059986114502,0.9536839154916568,0.9302286505699158,0.7938824069414794,0.9324775338172911,0.0244568269699811,0.960445523262024,0.9212601260126012,0.85,0.76,0.79,mlp_shuffle_1002
CEBPE_CNN1,unseen_combo_fold4,8,0.0022067029494792,0.0469755567610263,0.9802815914154052,0.9475119950145202,0.8253013491630554,0.6246777577304897,0.8273828029632568,0.0145856626331806,0.9129992723464966,0.88998499849985,0.65,0.58,0.63,mlp_shuffle_1002
CEBPE_KLF1,unseen_combo_fold3,8,0.0018425742164254,0.0429252162575721,0.9859436750411988,0.9597819511306368,0.8088405132293701,0.5687919623183135,0.8114047646522522,0.0148604772984981,0.8739919066429138,0.8889528952895289,0.55,0.62,0.66,mlp_shuffle_1002
CEBPE_PTPN12,unseen_combo_fold0,8,0.0011533361393958,0.0339608043432235,0.9901233911514282,0.967008188584258,0.8882617354393005,0.6790451855524668,0.8881949186325073,0.0061958376318216,0.9586565494537354,0.9356975697569756,0.6,0.7,0.7,mlp_shuffle_1002
CEBPE_RUNX1T1,unseen_combo_fold0,8,0.0012737899087369,0.0356901921331882,0.9892374873161316,0.9736883108606575,0.9528756737709044,0.8351327773112621,0.9532676339149476,0.0127160334959626,0.970699429512024,0.92990099009901,0.85,0.82,0.83,mlp_shuffle_1002
CEBPE_SPI1,unseen_combo_fold1,8,0.0082655372098088,0.0909150019288063,0.941496193408966,0.945893551928766,0.9278175234794616,0.8121119807948716,0.9279351830482484,0.1093925386667251,0.9435216784477234,0.8973417341734173,0.75,0.7,0.77,mlp_shuffle_1002
CNN1_MAPK1,unseen_combo_fold1,8,0.000631982460618,0.0251392610371112,0.9946753978729248,0.9610393007191772,0.92565655708313,0.6527224231280992,0.9252163171768188,0.0042291712015867,0.97212415933609,0.9282448244824484,0.85,0.74,0.83,mlp_shuffle_1002
CNN1_UBASH3A,unseen_combo_fold1,8,0.0036988577339798,0.0608182363212108,0.9714616537094116,0.9508268697103897,0.926136314868927,0.6726913579128809,0.9261221885681152,0.0485897772014141,0.9554303884506226,0.8718991899189918,0.8,0.68,0.72,mlp_shuffle_1002
DUSP9_ETS2,unseen_combo_fold2,8,0.002862666035071,0.0535038895905017,0.9771060347557068,0.9540149487699564,0.7435125112533569,0.5557748372877465,0.7497969269752502,0.041257344186306,0.8312230706214905,0.779021902190219,0.5,0.6,0.67,mlp_shuffle_1002
DUSP9_IGDCC3,unseen_combo_fold3,8,0.001065119751729,0.032636173069477,0.9923142790794371,0.9577273837967832,0.9647915363311768,0.7668806510808991,0.9650903940200806,0.0098045533522963,0.982901096343994,0.9654965496549656,0.85,0.84,0.79,mlp_shuffle_1002
DUSP9_KLF1,unseen_combo_fold3,8,0.002405640669167,0.0490473322570323,0.9852291345596312,0.9553629693734874,0.947889804840088,0.6710099438172832,0.9483842253684998,0.0338159315288066,0.9637172222137452,0.9326252625262528,0.75,0.8,0.76,mlp_shuffle_1002
DUSP9_MAPK1,unseen_combo_fold3,8,0.0013663250720128,0.0369638353586196,0.9890605211257936,0.9548703659416876,0.7911993861198425,0.4947411871071938,0.7976211309432983,0.0083284014835953,0.9061952829360962,0.865910591059106,0.65,0.64,0.62,mlp_shuffle_1002
DUSP9_PRTG,unseen_combo_fold0,8,0.0010668018367141,0.0326619334518909,0.9925353527069092,0.965337546652133,0.9666804075241088,0.778399171217068,0.967131733894348,0.0069889770820736,0.9880552291870116,0.9685568556855686,0.7,0.86,0.82,mlp_shuffle_1002
DUSP9_SNAI1,unseen_combo_fold3,8,0.0074944058433175,0.0865702331066131,0.9395445585250854,0.933717758368423,0.7445876002311707,0.67852997074883,0.7491893768310547,0.0511797703802585,0.9139950275421144,0.8893009300930093,0.5,0.58,0.62,mlp_shuffle_1002
ETS2_CEBPE,unseen_combo_fold4,8,0.0010226796148344,0.0319793634116649,0.991789698600769,0.9585725539051247,0.9599698185920716,0.7888676482102306,0.960925281047821,0.007641052827239,0.9817417860031128,0.9462586258625862,0.95,0.86,0.81,mlp_shuffle_1002
ETS2_CNN1,unseen_combo_fold4,8,0.002526247408241,0.0502617880702018,0.9781279563903807,0.940046608676113,0.634207546710968,0.4983499962314992,0.6356427669525146,0.0261799339205026,0.7182213068008423,0.8268226822682269,0.35,0.52,0.55,mlp_shuffle_1002
ETS2_IGDCC3,unseen_combo_fold0,8,0.000679827935528,0.0260735098272562,0.9942378401756288,0.9695872570134108,0.9015628099441528,0.6641630467633624,0.9026761054992676,0.0046789506450295,0.9725998044013976,0.9423342334233424,0.65,0.76,0.75,mlp_shuffle_1002
ETS2_IKZF3,unseen_combo_fold1,8,0.0020592797081917,0.0453792884945869,0.9887574315071106,0.9502671144459096,0.9431968927383424,0.7617791515535941,0.944284439086914,0.0203395374119281,0.9812769889831544,0.9336093609360936,0.75,0.72,0.7,mlp_shuffle_1002
ETS2_MAP7D1,unseen_combo_fold2,8,0.0029253209941089,0.0540862381458282,0.9749332070350648,0.9403791406506404,0.7642080783843994,0.5195081840045187,0.7648007273674011,0.0378808602690696,0.8448556661605835,0.8481368136813682,0.45,0.58,0.61,mlp_shuffle_1002
ETS2_MAPK1,unseen_combo_fold2,8,0.0030795154161751,0.0554933808743953,0.977047085762024,0.9422723201402424,0.9342347383499146,0.7141558427534294,0.934820294380188,0.0431393161416053,0.9557906985282898,0.9454185418541854,0.85,0.9,0.71,mlp_shuffle_1002
ETS2_PRTG,unseen_combo_fold4,8,0.0010615494102239,0.0325814262032508,0.9911023378372192,0.9487646762652828,0.8827231526374817,0.6288311819149632,0.8836628794670105,0.0098940059542655,0.956125020980835,0.913963396339634,0.5,0.74,0.66,mlp_shuffle_1002
FEV_CBFA2T3,unseen_combo_fold2,8,0.0063019753433763,0.0793849825859069,0.9585000872612,0.9261964429275517,0.8750298023223877,0.697290725979533,0.8814577460289001,0.0769382268190383,0.922021210193634,0.8549774977497749,0.7,0.7,0.75,mlp_shuffle_1002
FEV_ISL2,unseen_combo_fold3,8,0.0065612201578915,0.0810013562440872,0.959463119506836,0.9460097978196458,0.910673975944519,0.6870327121385862,0.9135982394218444,0.096482016146183,0.9536795616149902,0.9095469546954696,0.8,0.8,0.73,mlp_shuffle_1002
FEV_MAP7D1,unseen_combo_fold3,8,0.0076200379990041,0.0872928276658058,0.9473651647567748,0.9469701318697564,0.752355694770813,0.4921520268329259,0.754824161529541,0.1236994862556457,0.8134309649467468,0.7863306330633063,0.6,0.48,0.56,mlp_shuffle_1002
FOSB_CEBPB,unseen_combo_fold1,8,0.0045759384520351,0.0676456838846206,0.963722288608551,0.9433779570044608,0.9162302613258362,0.7393368066783108,0.9179494976997375,0.0481422692537307,0.9567692875862122,0.9094269426942694,0.75,0.74,0.8,mlp_shuffle_1002
FOSB_CEBPE,unseen_combo_fold1,8,0.0041646482422947,0.0645340830087661,0.96904319524765,0.9618732923320849,0.9346812963485718,0.8057033802020998,0.9368018507957458,0.0459958277642726,0.9681904911994934,0.936117611761176,0.85,0.78,0.79,mlp_shuffle_1002
FOSB_IKZF3,unseen_combo_fold4,8,0.0015548331430181,0.0394313707947731,0.9892531037330629,0.9540119872459268,0.939079761505127,0.7438894587180465,0.9395840764045716,0.0138574112206697,0.9648258090019226,0.903966396639664,0.65,0.7,0.77,mlp_shuffle_1002
FOSB_OSR2,unseen_combo_fold3,8,0.0052915476262569,0.0727430209517479,0.9610944986343384,0.9498702503838437,0.8648386597633362,0.7257400950752944,0.8718159198760986,0.0824535116553306,0.8495295643806458,0.8727992799279928,0.6,0.84,0.71,mlp_shuffle_1002
FOSB_PTPN12,unseen_combo_fold4,8,0.002106339437887,0.0458948723971843,0.9820981621742249,0.9430941422775068,0.5681869983673096,0.3779947344839896,0.5698363184928894,0.0191273130476474,0.7746046781539917,0.7905070507050705,0.3,0.36,0.46,mlp_shuffle_1002
FOSB_UBASH3B,unseen_combo_fold1,8,0.0006156063172966,0.0248114150017499,0.9944815635681152,0.9647249114728348,0.8531451225280762,0.5881382588192452,0.8545698523521423,0.0037403404712677,0.9357882142066956,0.8873807380738074,0.65,0.64,0.71,mlp_shuffle_1002
FOXA1_FOXF1,unseen_combo_fold0,8,0.0010749576613307,0.0327865481376647,0.9902817606925964,0.9685264466454852,0.9359853267669678,0.7766392172124285,0.9372991323471068,0.0100052217021584,0.982287585735321,0.9473387338733872,0.7,0.8,0.78,mlp_shuffle_1002
FOXA1_FOXL2,unseen_combo_fold2,8,0.001087239710614,0.0329733192920684,0.9903717637062072,0.9641117045889124,0.9384489059448242,0.7868120988923715,0.9394897818565368,0.0092116948217153,0.9789263606071472,0.9431143114311432,0.75,0.78,0.77,mlp_shuffle_1002
FOXA1_HOXB9,unseen_combo_fold4,8,0.0021424633450806,0.0462867505848407,0.9817787408828736,0.9637191502199972,0.9066715836524964,0.7934225822968569,0.9100091457366944,0.0234153512865304,0.9431884288787842,0.9021782178217822,0.65,0.68,0.77,mlp_shuffle_1002
FOXA3_FOXA1,unseen_combo_fold4,8,0.0017586053581908,0.0419357307255268,0.9839561581611632,0.9583679707270776,0.937810480594635,0.7960590397562094,0.9389780163764954,0.0186312645673751,0.9760053753852844,0.9362976297629764,0.7,0.8,0.74,mlp_shuffle_1002
FOXA3_FOXF1,unseen_combo_fold2,8,0.0011776022147387,0.0343162082135677,0.9887216091156006,0.9579196622937632,0.9119681715965272,0.7426242863461796,0.9140732884407043,0.0095087215304374,0.9738277196884156,0.9111551155115512,0.65,0.76,0.76,mlp_shuffle_1002
FOXA3_FOXL2,unseen_combo_fold0,8,0.0029725686181336,0.0545212663710117,0.97519850730896,0.9508131050828574,0.9239900708198548,0.7944245102404137,0.92589271068573,0.0256607960909605,0.969546377658844,0.9323132313231324,0.85,0.8,0.72,mlp_shuffle_1002
FOXA3_HOXB9,unseen_combo_fold3,8,0.0016447876114398,0.0405559800565242,0.9860139489173888,0.961953026602305,0.9290499687194824,0.8219552009261312,0.931546986103058,0.0115934684872627,0.9613580703735352,0.8946654665466547,0.6,0.72,0.83,mlp_shuffle_1002
FOXF1_FOXL2,unseen_combo_fold4,8,0.0019267399329692,0.0438946448266506,0.9830085039138794,0.9556299729991002,0.9418291449546814,0.7997651457755682,0.9433619379997252,0.0181432832032442,0.9779751896858216,0.9476507650765076,0.75,0.84,0.82,mlp_shuffle_1002
FOXF1_HOXB9,unseen_combo_fold1,8,0.0011017706710845,0.0331929326057434,0.990003764629364,0.9586416339013666,0.9266327619552612,0.7679676149463011,0.9286455512046814,0.0048708263784646,0.9761053323745728,0.9246804680468048,0.75,0.74,0.77,mlp_shuffle_1002
FOXL2_HOXB9,unseen_combo_fold3,8,0.0025110112037509,0.0501099899411201,0.9791619777679444,0.9515135364847188,0.8966350555419922,0.7304862617974113,0.899649977684021,0.0154668418690562,0.958374559879303,0.9197959795979598,0.55,0.74,0.72,mlp_shuffle_1002
FOXL2_MEIS1,unseen_combo_fold3,8,0.0020841713994741,0.045652724802494,0.982762575149536,0.9616266876240864,0.8578103184700012,0.7010771481139908,0.8585003614425659,0.0255329459905624,0.9060899019241332,0.8425682568256826,0.55,0.66,0.71,mlp_shuffle_1002
IGDCC3_MAPK1,unseen_combo_fold3,8,0.000966238847468,0.0310843829065561,0.991706132888794,0.963842563523458,0.8748362064361572,0.6581922438573642,0.8755025863647461,0.0088604027405381,0.9227066040039062,0.8991899189918992,0.65,0.7,0.72,mlp_shuffle_1002
IGDCC3_PRTG,unseen_combo_fold2,8,0.0015800663968548,0.039750050753355,0.986885130405426,0.950796577935254,0.9246192574501038,0.6357434441809767,0.9245942831039428,0.0123254032805562,0.9668819308280944,0.9249084908490848,0.65,0.76,0.72,mlp_shuffle_1002
IGDCC3_ZBTB25,unseen_combo_fold4,8,0.0026969304308295,0.0519319772720336,0.9772711992263794,0.9481378818231524,0.9492774605751038,0.681816655400599,0.94878089427948,0.0337017066776752,0.9869178533554076,0.935001500150015,0.9,0.78,0.81,mlp_shuffle_1002
IRF1_SET,unseen_combo_fold0,8,0.0059143141843378,0.0769045799970626,0.9501643776893616,0.9367631859522352,0.7612512111663818,0.664481498903531,0.7665314078330994,0.0633949041366577,0.8332685232162476,0.7861626162616262,0.5,0.58,0.56,mlp_shuffle_1002
JUN_CEBPA,unseen_combo_fold1,8,0.0053779827430844,0.0733347311615943,0.9691841006278992,0.9379393639465186,0.9484347105026244,0.7790746680437252,0.9503026604652404,0.0445886328816413,0.9730640053749084,0.9208040804080408,0.8,0.8,0.83,mlp_shuffle_1002
JUN_CEBPB,unseen_combo_fold3,8,0.0053198602981865,0.0729373693466186,0.9604989290237428,0.9366453683394363,0.906485378742218,0.7061949217857594,0.9095606803894044,0.0537968203425407,0.9715641140937804,0.9292409240924092,0.8,0.78,0.72,mlp_shuffle_1002
KIF18B_KIF2C,unseen_combo_fold0,8,0.0012814364163205,0.0357971563935279,0.9887000918388368,0.9521421182873356,0.5767895579338074,0.2727104327420351,0.5793260335922241,0.0098086055368185,0.8177230358123779,0.8393039303930393,0.45,0.5,0.48,mlp_shuffle_1002
KLF1_BAK1,unseen_combo_fold2,8,0.0007288770284503,0.026997722685337,0.994435727596283,0.9490965621141448,0.9316433668136596,0.5546546765214891,0.9318013191223145,0.0089320745319128,0.956556797027588,0.9083228322832284,0.85,0.72,0.73,mlp_shuffle_1002
KLF1_CEBPA,unseen_combo_fold0,8,0.0012917621061205,0.0359410904347896,0.9907156229019164,0.9699355811248218,0.9731637835502625,0.8634803864853855,0.973324179649353,0.0075375814922153,0.9875670671463012,0.9671767176717672,0.9,0.86,0.86,mlp_shuffle_1002
KLF1_CLDN6,unseen_combo_fold2,8,0.0031494551803916,0.0561200082302093,0.9768831133842468,0.9452584579091928,0.8878356218338013,0.6169206673446073,0.8887084722518921,0.0455913394689559,0.9068854451179504,0.9372937293729372,0.85,0.7,0.71,mlp_shuffle_1002
KLF1_COL2A1,unseen_combo_fold1,8,0.0057842335663735,0.076054148375988,0.957053244113922,0.9425175985852584,0.6363574862480164,0.5242450017649762,0.6393081545829773,0.0639695301651954,0.7165138125419617,0.846024602460246,0.55,0.58,0.5,mlp_shuffle_1002
KLF1_FOXA1,unseen_combo_fold1,8,0.0019937281031161,0.0446511842310428,0.9844968318939208,0.9617144069906084,0.8557146787643433,0.6486646866457183,0.8580085635185242,0.0208576340228319,0.8840007185935974,0.8742274227422743,0.75,0.7,0.7,mlp_shuffle_1002
KLF1_MAP2K6,unseen_combo_fold4,8,0.0006855748943053,0.0261834859848022,0.9950085282325744,0.9507065250031724,0.9401611685752868,0.592921437562338,0.9401596188545228,0.0070593422278761,0.9802516102790833,0.9405340534053406,0.9,0.7,0.72,mlp_shuffle_1002
KLF1_TGFBR2,unseen_combo_fold1,8,0.0009223790257237,0.0303706936538219,0.9936056733131408,0.9594564230372504,0.9489089250564576,0.5448579540742067,0.9489429593086244,0.0113700879737734,0.9803576469421388,0.9504470447044704,0.7,0.84,0.75,mlp_shuffle_1002
LHX1_ELMSAN1,unseen_combo_fold2,8,0.0033086200710386,0.057520605623722,0.9709439277648926,0.9496617576183284,0.705239474773407,0.4123098400072945,0.7083452939987183,0.0510724410414695,0.793856143951416,0.8394599459945995,0.45,0.58,0.52,mlp_shuffle_1002
LYL1_CEBPB,unseen_combo_fold4,8,0.0042314329184591,0.0650494620203971,0.9641214609146118,0.94087983849709,0.7920736074447632,0.6970994442904276,0.7976289391517639,0.0340039655566215,0.8523322343826294,0.8722232223222323,0.65,0.6,0.59,mlp_shuffle_1002
LYL1_IER5L,unseen_combo_fold2,8,0.0024651871062815,0.0496506504714489,0.9783177375793456,0.9583056478707312,0.8319491744041443,0.6980672675818099,0.834506094455719,0.0336752049624919,0.8612737655639648,0.8921212121212121,0.7,0.7,0.69,mlp_shuffle_1002
MAP2K3_ELMSAN1,unseen_combo_fold1,8,0.0010024678194895,0.0316617712378501,0.9925020337104796,0.9424943274186796,0.8704210519790649,0.6204805071808566,0.8691553473472595,0.0100716007873415,0.9493762254714966,0.8831323132313231,0.5,0.62,0.73,mlp_shuffle_1002
MAP2K3_IKZF3,unseen_combo_fold0,8,0.0019705777522176,0.0443911887705326,0.987576425075531,0.9685317084003444,0.944364070892334,0.7117106661001732,0.9437992572784424,0.0239826701581478,0.9647019505500792,0.9177917791779178,0.75,0.74,0.75,mlp_shuffle_1002
MAP2K3_MAP2K6,unseen_combo_fold1,8,0.0004697145777754,0.0216728989034891,0.9960914254188538,0.9582936465573524,0.8170396089553833,0.5354865130730343,0.8167274594306946,0.0025364693719893,0.927343249320984,0.889036903690369,0.55,0.66,0.66,mlp_shuffle_1002
MAP2K3_SLC38A2,unseen_combo_fold1,8,0.0005709080141969,0.0238936822861433,0.9953296184539796,0.9584438362801084,0.8246419429779053,0.4835789691795549,0.8240898847579956,0.0060862614773213,0.9293856024742126,0.9084188418841884,0.65,0.7,0.7,mlp_shuffle_1002
MAP2K6_ELMSAN1,unseen_combo_fold2,8,0.0006755051435902,0.0259904824197292,0.9944541454315186,0.9459732911517528,0.8284766674041748,0.541352000296452,0.8284928798675537,0.0069664348848164,0.889076292514801,0.8764956495649565,0.7,0.64,0.65,mlp_shuffle_1002
MAP2K6_IKZF3,unseen_combo_fold2,8,0.0008195193950086,0.028627248480916,0.9944736957550048,0.9627892566356756,0.9743446707725524,0.7174757870612917,0.974532425403595,0.0060663176700472,0.9888713359832764,0.9483468346834684,0.9,0.76,0.82,mlp_shuffle_1002
MAP2K6_SPI1,unseen_combo_fold2,8,0.0024121936876326,0.0491140894591808,0.977580726146698,0.948832212750103,0.7785704135894775,0.5518177120882849,0.7758315801620483,0.0147340539842844,0.8876331448554993,0.8583258325832583,0.55,0.56,0.63,mlp_shuffle_1002
MAPK1_IKZF3,unseen_combo_fold2,8,0.0020084441639482,0.0448156669735908,0.985671043395996,0.9573094274732888,0.9187722206115724,0.733538560528567,0.9197194576263428,0.0236790869385004,0.9407077431678772,0.9034263426342636,0.65,0.74,0.76,mlp_shuffle_1002
MAPK1_PRTG,unseen_combo_fold1,8,0.0011947625316679,0.0345653370022773,0.9900087118148804,0.9634043527103158,0.8621492385864258,0.6566953039239708,0.8636971712112427,0.0109681878238916,0.904829204082489,0.8881968196819682,0.65,0.7,0.67,mlp_shuffle_1002
MAPK1_TGFBR2,unseen_combo_fold3,8,0.0005923868156969,0.0243389979004859,0.9951537251472472,0.9606721460734372,0.9573864340782166,0.6921314716586336,0.9576387405395508,0.0050240578129887,0.9844074845314026,0.956963696369637,0.95,0.92,0.81,mlp_shuffle_1002
PLK4_STIL,unseen_combo_fold1,8,0.0028967452235519,0.0538214184343814,0.9734907746315002,0.9402461300644276,0.7560341358184814,0.5099355336027113,0.7563687562942505,0.0302391462028026,0.9119991660118104,0.887944794479448,0.6,0.52,0.53,mlp_shuffle_1002
POU3F2_CBFA2T3,unseen_combo_fold0,8,0.0020023565739393,0.0447476990520954,0.98244971036911,0.961308440271434,0.8504179120063782,0.6766367828583167,0.8539848923683167,0.0193739812821149,0.939099907875061,0.9067626762676269,0.65,0.6,0.65,mlp_shuffle_1002
POU3F2_FOXL2,unseen_combo_fold0,8,0.0031275895889848,0.0559248551726341,0.9739652872085572,0.9574223509354244,0.8430765271186829,0.7387509582697415,0.8466905951499939,0.0340317711234092,0.9113041758537292,0.8832403240324033,0.55,0.7,0.72,mlp_shuffle_1002
PRDM1_CBFA2T3,unseen_combo_fold0,8,0.0039517022669315,0.0628625676035881,0.9703681468963624,0.9332388679856346,0.8799898624420166,0.686960914787382,0.8815091252326965,0.0305214151740074,0.9374603033065796,0.914071407140714,0.55,0.7,0.72,mlp_shuffle_1002
PTPN12_OSR2,unseen_combo_fold2,8,0.0015048508066684,0.0387924052774906,0.9868026375770568,0.946189649594914,0.6032693982124329,0.4140189714891161,0.617185652256012,0.0107053555548191,0.7191154360771179,0.6927092709270927,0.35,0.34,0.42,mlp_shuffle_1002
PTPN12_PTPN9,unseen_combo_fold1,8,0.0006184481317177,0.0248686168342828,0.9948534965515136,0.9620931071223856,0.9714282155036926,0.7562602830098568,0.9714208245277404,0.0057269157841801,0.9924728274345398,0.9467506750675068,0.85,0.8,0.85,mlp_shuffle_1002
PTPN12_SNAI1,unseen_combo_fold2,8,0.0012367255985736,0.03516710922122,0.9879164695739746,0.94709530098425,0.7941383123397827,0.6147024025138397,0.7941220998764038,0.0098762549459934,0.880544900894165,0.8803600360036004,0.4,0.6,0.7,mlp_shuffle_1002
PTPN12_UBASH3A,unseen_combo_fold2,8,0.0017357504693791,0.0416623391211032,0.9864609837532043,0.9505289582557704,0.965306282043457,0.7068371744686668,0.9652644991874696,0.0246692020446062,0.9889017939567566,0.9341734173417342,0.85,0.78,0.8,mlp_shuffle_1002
PTPN12_ZBTB25,unseen_combo_fold4,8,0.0008293817518278,0.0287989880889654,0.9935958981513976,0.9503985094847048,0.966560125350952,0.7194480394521982,0.9663756489753724,0.0074586039409041,0.986359477043152,0.9096909690969096,0.85,0.76,0.83,mlp_shuffle_1002
RHOXF2_SET,unseen_combo_fold3,8,0.0036962029989808,0.0607964061200618,0.9724847674369812,0.953830920254662,0.8198977708816528,0.7324696734732753,0.8263078331947327,0.04467548802495,0.8411594033241272,0.7954755475547555,0.6,0.56,0.65,mlp_shuffle_1002
RHOXF2_ZBTB25,unseen_combo_fold3,8,0.0017196054104715,0.0414681248366832,0.9869418740272522,0.9593606841919382,0.9401382803916932,0.7208954362183876,0.9396247267723083,0.0149132767692208,0.9834856390953064,0.9226762676267628,0.75,0.72,0.79,mlp_shuffle_1002
SAMD1_PTPN12,unseen_combo_fold0,8,0.0013856563018634,0.0372244045138359,0.9894445538520812,0.9654169775438294,0.9631533026695251,0.7482772753353768,0.9622714519500732,0.0176942721009254,0.9876571297645568,0.9316771677167716,0.85,0.78,0.76,mlp_shuffle_1002
SAMD1_TGFBR2,unseen_combo_fold0,8,0.002455879934132,0.0495568364858627,0.9789983034133912,0.944652079176866,0.8327834606170654,0.5088469582055036,0.8319995999336243,0.0206712819635868,0.963366150856018,0.8822682268226822,0.75,0.58,0.55,mlp_shuffle_1002
SAMD1_UBASH3B,unseen_combo_fold4,8,0.0011525211157277,0.0339488014578819,0.9904863834381104,0.9592309634758552,0.9552972316741944,0.73224147450296,0.9550915360450744,0.0121376058086752,0.9851051568984984,0.9407620762076208,0.9,0.74,0.76,mlp_shuffle_1002
SAMD1_ZBTB1,unseen_combo_fold3,8,0.0020612322259694,0.0454007945954799,0.9847575426101683,0.9618330385418974,0.9426034688949584,0.727879916687585,0.943304479122162,0.0238978844135999,0.973865270614624,0.9452745274527452,0.9,0.8,0.82,mlp_shuffle_1002
SET_CEBPE,unseen_combo_fold0,8,0.0059082647785544,0.0768652409315109,0.9503222703933716,0.940649955591594,0.7668951749801636,0.6002034478598853,0.7688755393028259,0.0398548394441604,0.8672235012054443,0.8718631863186319,0.55,0.58,0.55,mlp_shuffle_1002
SET_KLF1,unseen_combo_fold0,8,0.0027828160673379,0.0527524016797542,0.9802872538566588,0.9514583255403098,0.8202654123306274,0.5306079793909919,0.8184812068939209,0.0233238916844129,0.9210103154182434,0.8502730273027302,0.45,0.6,0.57,mlp_shuffle_1002
SGK1_S1PR2,unseen_combo_fold0,8,0.0030499948188662,0.0552267581224441,0.9754361510276794,0.9467590464220048,0.8610761165618896,0.7034619449309345,0.8620263934135437,0.0343808382749557,0.9037155508995056,0.8875247524752475,0.55,0.66,0.67,mlp_shuffle_1002
SGK1_TBX2,unseen_combo_fold4,8,0.001028177794069,0.032065212726593,0.9914482831954956,0.945730821598462,0.950202703475952,0.7217164114058412,0.9503711462020874,0.0087564876303076,0.9819325804710388,0.9388298829882988,0.75,0.76,0.73,mlp_shuffle_1002
SGK1_TBX3,unseen_combo_fold0,8,0.001773927710019,0.0421180203557014,0.9853160977363586,0.9597810332837636,0.9365383982658386,0.6422538928324346,0.9352864027023317,0.019371123984456,0.974218726158142,0.8948334833483348,0.7,0.64,0.66,mlp_shuffle_1002
SNAI1_DLX2,unseen_combo_fold4,8,0.0043618306517601,0.0660441592335701,0.9552691578865052,0.9270191414303506,0.8625940680503845,0.620182274883414,0.8624932169914246,0.0498249381780624,0.9191011786460876,0.9093669366936694,0.7,0.72,0.72,mlp_shuffle_1002
SNAI1_UBASH3B,unseen_combo_fold4,8,0.0011707544326782,0.0342162884771823,0.9887238144874572,0.9495275230191876,0.8495194315910339,0.6183136787124154,0.8475056290626526,0.0126328384503722,0.93575918674469,0.9028142814281428,0.7,0.7,0.64,mlp_shuffle_1002
TBX3_TBX2,unseen_combo_fold0,8,0.0013601609971374,0.0368803590536117,0.9882397055625916,0.9605450779404676,0.9309836626052856,0.662530164591695,0.9309378266334534,0.0182012878358364,0.9526255130767822,0.8922052205220522,0.65,0.74,0.69,mlp_shuffle_1002
TGFBR2_C19orf26,unseen_combo_fold3,8,0.0019794178660959,0.0444906502962112,0.9832191467285156,0.9619466627980512,0.8492956757545471,0.5707669685498545,0.8498139977455139,0.0269301291555166,0.9146558046340942,0.8805640564056406,0.5,0.62,0.63,mlp_shuffle_1002
TGFBR2_ETS2,unseen_combo_fold4,8,0.0012126533547416,0.0348231717944145,0.9895668029785156,0.9564628344302256,0.7386778593063354,0.432676328108722,0.7431788444519043,0.0089828018099069,0.8573978543281555,0.8564536453645365,0.65,0.62,0.59,mlp_shuffle_1002
TGFBR2_IGDCC3,unseen_combo_fold3,8,0.0007416195585392,0.0272326935082674,0.993837833404541,0.9584994448816236,0.9324692487716676,0.6633071043433946,0.9315902590751648,0.0058887070044875,0.9713362455368042,0.9297089708970896,0.7,0.76,0.68,mlp_shuffle_1002
TGFBR2_PRTG,unseen_combo_fold2,8,0.0010705388849601,0.0327190905809402,0.9909756779670716,0.9507125587070708,0.9247692227363586,0.6521242399475965,0.9245952367782592,0.0099190743640065,0.9642473459243774,0.9022862286228625,0.6,0.74,0.71,mlp_shuffle_1002
TMSB4X_BAK1,unseen_combo_fold4,8,0.0009008318302221,0.0300138611346483,0.9928983449935912,0.9493142226148348,0.8639193773269653,0.2157786816697346,0.8637804985046387,0.0114573212340474,0.9439762234687804,0.7401020102010201,0.55,0.46,0.41,mlp_shuffle_1002
UBASH3B_CNN1,unseen_combo_fold2,8,0.0021107234060764,0.0459426082670688,0.9849282503128052,0.9430446311023696,0.9745827317237854,0.7165134898947259,0.9744145274162292,0.0304486248642206,0.9903508424758912,0.9326732673267328,0.8,0.9,0.87,mlp_shuffle_1002
UBASH3B_OSR2,unseen_combo_fold2,8,0.0010691847419366,0.0326983891427516,0.9905526041984558,0.9572577158380816,0.7878373265266418,0.5745056823937154,0.7965836524963379,0.0097392853349447,0.8403496742248535,0.8273387338733873,0.6,0.58,0.61,mlp_shuffle_1002
UBASH3B_PTPN12,unseen_combo_fold1,8,0.0005241123726591,0.022893501445651,0.9959951639175416,0.9631302852545782,0.9785962104797364,0.7611964241902691,0.9784483313560486,0.0034827692434191,0.9953526854515076,0.9536873687368737,0.85,0.84,0.85,mlp_shuffle_1002
UBASH3B_PTPN9,unseen_combo_fold4,8,0.0012410237686708,0.0352281667292118,0.9895561933517456,0.9585429499551196,0.9576689004898072,0.752149213092599,0.9573548436164856,0.0159533061087131,0.978408932685852,0.940930093009301,0.7,0.76,0.79,mlp_shuffle_1002
UBASH3B_UBASH3A,unseen_combo_fold1,8,0.0016512223519384,0.040635235607624,0.9852933287620544,0.9636411613273868,0.921177625656128,0.6763347418705935,0.921184778213501,0.0185296460986137,0.958605408668518,0.922064206420642,0.8,0.74,0.71,mlp_shuffle_1002
UBASH3B_ZBTB25,unseen_combo_fold4,8,0.0008438189979642,0.0290485620498657,0.9930286407470704,0.95311937019917,0.9621210694313048,0.7000912562692314,0.962045192718506,0.0091603882610797,0.984143078327179,0.9325892589258926,0.9,0.76,0.77,mlp_shuffle_1002
ZBTB10_DLX2,unseen_combo_fold3,8,0.0115198707208037,0.1073306575417518,0.8984602689743042,0.91565358165289,0.8329275846481323,0.6720935278454111,0.8306922316551208,0.1485778093338012,0.8874488472938538,0.8924572457245724,0.7,0.6,0.67,mlp_shuffle_1002
ZBTB10_ELMSAN1,unseen_combo_fold2,8,0.0061328955926001,0.0783128067851066,0.9463857412338256,0.9347243810151415,0.7448835968971252,0.5922052788500357,0.7542046308517456,0.0744920223951339,0.8897944092750549,0.8869126912691269,0.7,0.5,0.52,mlp_shuffle_1002
ZBTB10_PTPN12,unseen_combo_fold0,8,0.0018793519120663,0.0433514937758445,0.9838367104530334,0.953064360263034,0.8773635029792786,0.7519831196440311,0.8791007399559021,0.0091800801455974,0.9588295221328736,0.9123312331233124,0.55,0.64,0.72,mlp_shuffle_1002
ZBTB10_SNAI1,unseen_combo_fold2,8,0.0041103716939687,0.0641121789813041,0.9657421708106996,0.9313370277493892,0.9072267413139344,0.7452504820768624,0.9089410305023192,0.037194300442934,0.9663766026496888,0.932937293729373,0.75,0.76,0.75,mlp_shuffle_1002
ZC3HAV1_CEBPA,unseen_combo_fold1,8,0.0022456077858805,0.047387845814228,0.9836281538009644,0.9617603349256788,0.9563199281692504,0.8068964267370494,0.9578515887260436,0.0127151310443878,0.978135585784912,0.947938793879388,0.8,0.86,0.82,mlp_shuffle_1002
ZC3HAV1_CEBPE,unseen_combo_fold3,8,0.0011381981894373,0.0337371937930583,0.9902931451797484,0.9592229440609564,0.8448160886764526,0.552490724137334,0.8449195623397827,0.0071793789975345,0.9289682507514954,0.8981338133813381,0.7,0.76,0.66,mlp_shuffle_1002
ZC3HAV1_HOXC13,unseen_combo_fold3,8,0.0017527112504467,0.0418653935194015,0.9852669835090636,0.9536558996748764,0.7769367098808289,0.5507293363448544,0.7759507894515991,0.0227730944752693,0.8732985854148865,0.8937773777377738,0.55,0.66,0.61,mlp_shuffle_1002
ZNF318_FOXL2,unseen_combo_fold3,8,0.0015117034781724,0.038880631327629,0.9860548973083496,0.9595012335561718,0.8095240592956543,0.6498828108509653,0.8083464503288269,0.0144170876592397,0.9013052582740784,0.9167836783678368,0.6,0.62,0.62,mlp_shuffle_1002
AHR_FEV,unseen_combo_fold0,8,0.0041010687127709,0.0640395879745483,0.97600656747818,0.9701884051642364,0.923133134841919,0.7999731214462336,0.9271648526191713,0.0519126169383525,0.9493482708930968,0.8674107410741074,0.7,0.74,0.69,ridge_shuffle_1003
AHR_KLF1,unseen_combo_fold2,8,0.0017882974352687,0.0422882661223411,0.987350046634674,0.9608355637005704,0.8882334232330322,0.4738522429512552,0.8903297185897827,0.0130271818488836,0.9378491640090942,0.8476447644764477,0.75,0.7,0.62,ridge_shuffle_1003
BCL2L11_BAK1,unseen_combo_fold0,8,0.0005668629310093,0.0238088835030794,0.9951332211494446,0.9724758969261488,0.345114916563034,0.1244099425317531,0.3460588157176971,0.0058375601656734,0.5113440155982971,0.5463546354635463,0.35,0.2,0.27,ridge_shuffle_1003
BCL2L11_TGFBR2,unseen_combo_fold0,8,0.000616903300397,0.0248375385999679,0.9948424696922302,0.9745493355259732,0.7327700853347778,0.2906055854144531,0.7330809831619263,0.0083466051146388,0.8936606645584106,0.8252145214521452,0.75,0.56,0.43,ridge_shuffle_1003
BPGM_SAMD1,unseen_combo_fold0,8,0.001770426868461,0.0420764423906803,0.9866706132888794,0.9742614244568828,0.955111563205719,0.7283594001990892,0.954429566860199,0.0255421735346317,0.9891148209571838,0.9070987098709872,0.85,0.74,0.77,ridge_shuffle_1003
BPGM_ZBTB1,unseen_combo_fold1,8,0.0006003693561069,0.0245024356991052,0.9954583644866944,0.967759774299344,0.9672194123268129,0.7427006741312489,0.9670956134796144,0.0045538730919361,0.9871443510055542,0.9404860486048604,0.95,0.74,0.82,ridge_shuffle_1003
C3orf72_FOXL2,unseen_combo_fold4,8,0.0059256344102323,0.0769781395792961,0.9486255049705504,0.914608045743594,0.7828027009963989,0.5794128834049915,0.7834437489509583,0.0300219990313053,0.914615273475647,0.8862886288628863,0.45,0.6,0.55,ridge_shuffle_1003
CBL_CNN1,unseen_combo_fold1,8,0.0026768327224999,0.051738116890192,0.9818192720413208,0.9654699885730126,0.9675703644752502,0.7765881022432488,0.9673805832862854,0.040115300565958,0.98426353931427,0.9445664566456644,0.8,0.84,0.8,ridge_shuffle_1003
CBL_PTPN12,unseen_combo_fold1,8,0.0008659246959723,0.0294265989214181,0.9936978816986084,0.9565107578363198,0.9658106565475464,0.7206294385825128,0.9654372930526732,0.0080254366621375,0.988008439540863,0.932973297329733,0.75,0.74,0.78,ridge_shuffle_1003
CBL_PTPN9,unseen_combo_fold3,8,0.0005812481394968,0.0241090878844261,0.995348870754242,0.9702547839912764,0.965711772441864,0.7086096773905933,0.9644777178764344,0.0029274469707161,0.9905096292495728,0.9276567656765676,0.85,0.8,0.82,ridge_shuffle_1003
CBL_TGFBR2,unseen_combo_fold2,8,0.0008581361616961,0.0292939618229866,0.992745280265808,0.9643966186867716,0.928938090801239,0.5787501257158444,0.9280502796173096,0.0046379542909562,0.9782330989837646,0.9035583558355836,0.5,0.76,0.71,ridge_shuffle_1003
CBL_UBASH3A,unseen_combo_fold4,8,0.0025190075393766,0.0501897148787975,0.9802255630493164,0.9383073962854904,0.8681753873825073,0.5209349573185518,0.8677690625190735,0.0189831405878067,0.945745885372162,0.898949894989499,0.65,0.64,0.58,ridge_shuffle_1003
CBL_UBASH3B,unseen_combo_fold4,8,0.0021603261120617,0.0464793071150779,0.9838238954544068,0.9610239569977708,0.967951476573944,0.7679320063757077,0.967749297618866,0.0309239346534013,0.9840673804283142,0.9310411041104112,0.8,0.74,0.8,ridge_shuffle_1003
CDKN1B_CDKN1A,unseen_combo_fold0,8,0.0010928341653198,0.0330580435693264,0.990092933177948,0.9637439268682608,0.9424411058425904,0.6729058408989185,0.9416106343269348,0.0065048621036112,0.988059937953949,0.9352055205520552,0.85,0.86,0.81,ridge_shuffle_1003
CDKN1C_CDKN1A,unseen_combo_fold4,8,0.0012768162414431,0.0357325673103332,0.9889594912528992,0.9598810482018308,0.9384445548057556,0.64266413609811,0.9382501244544984,0.0087904799729585,0.9824936389923096,0.93992199219922,0.9,0.74,0.79,ridge_shuffle_1003
CDKN1C_CDKN1B,unseen_combo_fold3,8,0.0014188438653945,0.0376675426959991,0.9870764017105104,0.961985942455453,0.8969289660453796,0.5878377570344455,0.896658182144165,0.0119064161553978,0.9657579660415648,0.9207200720072009,0.75,0.76,0.74,ridge_shuffle_1003
CEBPB_CEBPA,unseen_combo_fold3,8,0.0062405089847743,0.0789968892931938,0.9624152183532716,0.9380740151546656,0.939616322517395,0.7891249125408812,0.9418741464614868,0.0371298529207706,0.980164110660553,0.946126612661266,0.9,0.86,0.81,ridge_shuffle_1003
CEBPB_MAPK1,unseen_combo_fold2,8,0.0012777688680216,0.0357458926737308,0.9895581007003784,0.96499016990224,0.9525989294052124,0.818799740993693,0.9536471366882324,0.0086472257971763,0.980244517326355,0.9725412541254126,0.8,0.86,0.78,ridge_shuffle_1003
CEBPB_OSR2,unseen_combo_fold1,8,0.0022204820998013,0.0471219904720783,0.9821527004241944,0.9645608481937112,0.9343725442886353,0.8357119516481989,0.937228500843048,0.0192308239638805,0.9579382538795472,0.92987698769877,0.75,0.8,0.75,ridge_shuffle_1003
CEBPB_PTPN12,unseen_combo_fold4,8,0.0023405579850077,0.0483793132007122,0.9798401594161988,0.9601116631554096,0.8149398565292358,0.6724889486638921,0.8194363117218018,0.0170897841453552,0.9034656882286072,0.8497209720972098,0.45,0.6,0.68,ridge_shuffle_1003
CEBPE_CEBPA,unseen_combo_fold0,8,0.003227065782994,0.0568072684109211,0.9795874953269958,0.9556075897929256,0.9615032076835632,0.8570324306885369,0.9626175165176392,0.0307050067931413,0.9713738560676576,0.94994299429943,0.9,0.82,0.82,ridge_shuffle_1003
CEBPE_CEBPB,unseen_combo_fold1,8,0.0042916862294077,0.0655109658837318,0.9661396741867064,0.955747165231064,0.9132584929466248,0.792101142844153,0.9159154295921326,0.0413418374955654,0.9503263235092164,0.9036783678367836,0.8,0.7,0.8,ridge_shuffle_1003
CEBPE_CNN1,unseen_combo_fold4,8,0.0020533986389636,0.0453144423663616,0.9816421866416932,0.9696217898094348,0.8459336757659912,0.6681641055988404,0.8479521870613098,0.0153681607916951,0.9175646305084229,0.8666186618661866,0.55,0.6,0.71,ridge_shuffle_1003
CEBPE_KLF1,unseen_combo_fold3,8,0.0027311728335916,0.052260622382164,0.979154407978058,0.9631806584573096,0.7883853912353516,0.5673856983324137,0.7913995385169983,0.0211586095392704,0.8581048250198364,0.8836243624362436,0.5,0.6,0.64,ridge_shuffle_1003
CEBPE_PTPN12,unseen_combo_fold0,8,0.0013948682462796,0.0373479351401329,0.9880828261375428,0.9697203547983352,0.8781801462173462,0.6832489210750204,0.8784395456314087,0.0086923157796263,0.9483531713485718,0.932013201320132,0.6,0.72,0.68,ridge_shuffle_1003
CEBPE_RUNX1T1,unseen_combo_fold0,8,0.0006333632627502,0.0251667089760303,0.9944961071014404,0.9837340481975902,0.9549744129180908,0.8460455341598054,0.9554693102836608,0.0052235233597457,0.9745027422904968,0.9214281428142814,0.8,0.84,0.83,ridge_shuffle_1003
CEBPE_SPI1,unseen_combo_fold1,8,0.0105097275227308,0.1025169640779495,0.924698293209076,0.937951080966382,0.9064479470252992,0.7860283421144971,0.907080352306366,0.1414145231246948,0.9380909204483032,0.8800960096009601,0.65,0.62,0.7,ridge_shuffle_1003
CNN1_MAPK1,unseen_combo_fold1,8,0.0007542927050963,0.0274643898010253,0.9935048818588256,0.9694337262741338,0.9081403613090516,0.6636116697406729,0.9083908796310424,0.0044772238470613,0.9695571064949036,0.9205400540054004,0.8,0.72,0.83,ridge_shuffle_1003
CNN1_UBASH3A,unseen_combo_fold1,8,0.0045908596366643,0.0677558854222297,0.9647597074508668,0.9594349088318016,0.9482344388961792,0.7069472674146565,0.9482182860374452,0.0693042203783989,0.9723999500274658,0.9125952595259526,0.8,0.72,0.75,ridge_shuffle_1003
DUSP9_ETS2,unseen_combo_fold2,8,0.001386463176459,0.0372352413833141,0.9891012907028198,0.975372527569998,0.881403386592865,0.6609628343468577,0.8826082944869995,0.0142966387793421,0.9359921813011168,0.9133033303330332,0.75,0.76,0.74,ridge_shuffle_1003
DUSP9_IGDCC3,unseen_combo_fold3,8,0.0009304561535827,0.0305033791810274,0.9935413599014282,0.962270363022488,0.968110978603363,0.8128974941498287,0.967090368270874,0.0072427568957209,0.984408974647522,0.9630843084308433,0.75,0.88,0.77,ridge_shuffle_1003
DUSP9_KLF1,unseen_combo_fold3,8,0.0019921590574085,0.0446336083114147,0.9880216717720032,0.9676803193200496,0.9573514461517334,0.736883543568742,0.9577832818031312,0.0291073210537433,0.968109130859375,0.9356735673567356,0.75,0.84,0.82,ridge_shuffle_1003
DUSP9_MAPK1,unseen_combo_fold3,8,0.0018953483086079,0.0435355976223945,0.9849295020103456,0.9654446918331896,0.8033624291419983,0.540807284545729,0.8094891309738159,0.0090009626001119,0.92469584941864,0.8657425742574257,0.65,0.56,0.61,ridge_shuffle_1003
DUSP9_PRTG,unseen_combo_fold0,8,0.0012370218755677,0.0351713225245475,0.9917929768562316,0.961502441144606,0.9642847180366516,0.7950700633945982,0.964627206325531,0.0084543181583285,0.9846983551979064,0.9576597659765976,0.65,0.88,0.81,ridge_shuffle_1003
DUSP9_SNAI1,unseen_combo_fold3,8,0.0057324394583702,0.0757128745317459,0.9527795314788818,0.95891266052012,0.8377607464790344,0.7580920437723918,0.8409842252731323,0.0529444403946399,0.945406436920166,0.9017341734173416,0.65,0.62,0.66,ridge_shuffle_1003
ETS2_CEBPE,unseen_combo_fold4,8,0.001301487442106,0.0360761322081089,0.9896419644355774,0.976726209608942,0.954584777355194,0.8295237192431187,0.9557382464408876,0.0139590837061405,0.9762532711029052,0.938049804980498,0.85,0.84,0.78,ridge_shuffle_1003
ETS2_CNN1,unseen_combo_fold4,8,0.001058317371644,0.0325317904353141,0.990887463092804,0.9768851542757988,0.8776713013648987,0.6687888095966315,0.8780189752578735,0.0093665234744548,0.9307354688644408,0.9166276627662766,0.7,0.64,0.7,ridge_shuffle_1003
ETS2_IGDCC3,unseen_combo_fold0,8,0.0009540746104903,0.0308880973607301,0.9919317960739136,0.9746086716828568,0.869934618473053,0.678707042844982,0.871725857257843,0.0045517142862081,0.96199232339859,0.9165676567656764,0.6,0.66,0.69,ridge_shuffle_1003
ETS2_IKZF3,unseen_combo_fold1,8,0.001045488519594,0.0323340147733688,0.9944329261779784,0.97577113952356,0.976375162601471,0.8635320512881335,0.9767963886260986,0.012724619358778,0.9889318943023682,0.9646444644464448,0.75,0.86,0.84,ridge_shuffle_1003
ETS2_MAP7D1,unseen_combo_fold2,8,0.0020497681107372,0.0452743656933307,0.982240617275238,0.9701300331341208,0.9087642431259156,0.6427035746054263,0.909408688545227,0.0279533248394727,0.954823672771454,0.9233003300330032,0.65,0.78,0.77,ridge_shuffle_1003
ETS2_MAPK1,unseen_combo_fold2,8,0.0028369603678584,0.0532631240785121,0.978805422782898,0.9567642285607252,0.9213627576828004,0.72042909958196,0.9218440055847168,0.0333204716444015,0.9509738087654114,0.9304410441044104,0.8,0.84,0.68,ridge_shuffle_1003
ETS2_PRTG,unseen_combo_fold4,8,0.0009119227179326,0.0301980581134557,0.9923930764198304,0.9714369896396096,0.9002060890197754,0.6950070600277685,0.9013116359710692,0.0044358177110552,0.967405378818512,0.9151275127512752,0.6,0.74,0.7,ridge_shuffle_1003
FEV_CBFA2T3,unseen_combo_fold2,8,0.0059338524006307,0.0770315006375312,0.9633957743644714,0.9556495416330884,0.9227609038352966,0.7815084874426764,0.9263471364974976,0.0783175453543663,0.9492335319519044,0.8982058205820582,0.7,0.74,0.75,ridge_shuffle_1003
FEV_ISL2,unseen_combo_fold3,8,0.0036972847301512,0.0608053021132946,0.9779423475265504,0.9671458301382152,0.9200425148010254,0.7726155952045012,0.923571765422821,0.0460944175720214,0.978450894355774,0.9463546354635464,0.7,0.84,0.8,ridge_shuffle_1003
FEV_MAP7D1,unseen_combo_fold3,8,0.0021406488958746,0.0462671481072902,0.9853661060333252,0.973075984780106,0.92443186044693,0.7499417664846424,0.9256399273872375,0.0279388353228569,0.95974200963974,0.9201800180018002,0.8,0.8,0.79,ridge_shuffle_1003
FOSB_CEBPB,unseen_combo_fold1,8,0.005673112347722,0.0753200650215148,0.9549865126609802,0.9443049601776226,0.8972921967506409,0.7406370639977461,0.8999224901199341,0.0670450180768966,0.9362086057662964,0.8944254425442544,0.75,0.7,0.77,ridge_shuffle_1003
FOSB_CEBPE,unseen_combo_fold1,8,0.0053652538917958,0.0732478946447372,0.9604697227478028,0.9632990973172686,0.9153457283973694,0.7995997567295421,0.9168901443481444,0.0632714927196502,0.956595778465271,0.9163276327632764,0.8,0.74,0.76,ridge_shuffle_1003
FOSB_IKZF3,unseen_combo_fold4,8,0.0019964610692113,0.0446817763149738,0.9866702556610109,0.9593708485313832,0.9408023357391356,0.767801430394875,0.94106924533844,0.0176309812813997,0.964875340461731,0.9097029702970296,0.7,0.72,0.75,ridge_shuffle_1003
FOSB_OSR2,unseen_combo_fold3,8,0.0026515794452279,0.0514934882521629,0.9812276363372804,0.971694789177274,0.9293901920318604,0.8113452075503383,0.9318649768829346,0.0339395813643932,0.9529720544815063,0.9232283228322832,0.8,0.8,0.79,ridge_shuffle_1003
FOSB_PTPN12,unseen_combo_fold4,8,0.0016493985895067,0.0406127870082855,0.986159324645996,0.9553571628728342,0.7398555874824524,0.5010161896493491,0.7395029664039612,0.0082647306844592,0.903812050819397,0.876975697569757,0.55,0.5,0.52,ridge_shuffle_1003
FOSB_UBASH3B,unseen_combo_fold1,8,0.0015110318781808,0.0388719923794269,0.9863643050193788,0.9759209651317324,0.7030795216560364,0.5287048428678932,0.7052297592163086,0.0132455071434378,0.8012882471084595,0.8205100510051005,0.55,0.54,0.62,ridge_shuffle_1003
FOXA1_FOXF1,unseen_combo_fold0,8,0.0018928169738501,0.0435065180063247,0.9826515913009644,0.9526467454255352,0.8653546571731567,0.6927964326409304,0.8684630393981934,0.0112362634390592,0.9363866448402404,0.9002580258025803,0.6,0.68,0.72,ridge_shuffle_1003
FOXA1_FOXL2,unseen_combo_fold2,8,0.0011497540399432,0.0339080244302749,0.9895674586296082,0.9621997954214476,0.925135850906372,0.7652230555873176,0.9257875680923462,0.0068929847329854,0.9722459316253662,0.9515031503150316,0.6,0.84,0.75,ridge_shuffle_1003
FOXA1_HOXB9,unseen_combo_fold4,8,0.0013627570588141,0.0369155406951904,0.9883508682250975,0.9636417309832996,0.9293262362480164,0.8089067606879203,0.9318064451217652,0.0110672591254115,0.9617397785186768,0.9118151815181518,0.6,0.74,0.78,ridge_shuffle_1003
FOXA3_FOXA1,unseen_combo_fold4,8,0.0024519162252545,0.0495168268680572,0.9775999188423156,0.955193231202306,0.8639755845069885,0.7298115421223385,0.8666306138038635,0.0135649284347891,0.9500305652618408,0.911971197119712,0.55,0.66,0.66,ridge_shuffle_1003
FOXA3_FOXF1,unseen_combo_fold2,8,0.0019794609397649,0.04449113458395,0.9809068441390992,0.955598091287441,0.8942140936851501,0.7277337812932021,0.8969442844390869,0.007629148196429,0.9680712819099426,0.9106990699069908,0.7,0.72,0.74,ridge_shuffle_1003
FOXA3_FOXL2,unseen_combo_fold0,8,0.0032416428439319,0.0569354258477687,0.973296046257019,0.9569796794089872,0.9253466725349426,0.7982336952287903,0.926592230796814,0.0291443467140197,0.9699718952178956,0.9138553855385538,0.8,0.74,0.74,ridge_shuffle_1003
FOXA3_HOXB9,unseen_combo_fold3,8,0.0010788285871967,0.03284552693367,0.9910861253738404,0.9707273723697504,0.9586148858070374,0.8607085314416025,0.9597366452217102,0.0077599948272109,0.9852208495140076,0.9297689768976898,0.75,0.78,0.9,ridge_shuffle_1003
FOXF1_FOXL2,unseen_combo_fold4,8,0.0015980186872184,0.0399752259254455,0.986250102519989,0.9593738237106328,0.9402278661727904,0.7878649808011872,0.9405778050422668,0.012776025570929,0.9735771417617798,0.9345814581458146,0.75,0.8,0.82,ridge_shuffle_1003
FOXF1_HOXB9,unseen_combo_fold1,8,0.0011463583214208,0.0338579155504703,0.9896029829978944,0.9649979482377078,0.9218681454658508,0.7628552584218975,0.9239687323570251,0.006621126551181,0.9701805114746094,0.9245004500450044,0.65,0.76,0.75,ridge_shuffle_1003
FOXL2_HOXB9,unseen_combo_fold3,8,0.0019777207635343,0.0444715730845928,0.983568549156189,0.9598606858207904,0.9195060729980468,0.7647841879748419,0.9216468930244446,0.012129851616919,0.97170090675354,0.9210801080108012,0.55,0.74,0.78,ridge_shuffle_1003
FOXL2_MEIS1,unseen_combo_fold3,8,0.0011501731351017,0.0339142009615898,0.9900984168052672,0.9668604664416036,0.9102075099945068,0.7223037126774231,0.9123526811599731,0.0080089308321475,0.959306299686432,0.8872007200720072,0.7,0.72,0.81,ridge_shuffle_1003
IGDCC3_MAPK1,unseen_combo_fold3,8,0.0021461427677422,0.0463264808058738,0.9816457033157348,0.9667961350280676,0.7877732515335083,0.6104755895880076,0.7888992428779602,0.014929823577404,0.873792827129364,0.8424242424242424,0.55,0.58,0.62,ridge_shuffle_1003
IGDCC3_PRTG,unseen_combo_fold2,8,0.0025041664484888,0.0500416457653045,0.9806340932846068,0.9415414624353394,0.920162558555603,0.661237882050514,0.9202055931091307,0.0200174339115619,0.9717391729354858,0.9402580258025802,0.55,0.78,0.7,ridge_shuffle_1003
IGDCC3_ZBTB25,unseen_combo_fold4,8,0.0028501476626843,0.0533867739140987,0.9760251045227052,0.9559552516266088,0.942416250705719,0.6860260439782778,0.942214012145996,0.0356319546699523,0.981099545955658,0.9296369636963696,0.85,0.76,0.77,ridge_shuffle_1003
IRF1_SET,unseen_combo_fold0,8,0.0033229656983166,0.057645171880722,0.9730179309844972,0.9673772089301635,0.9096335172653198,0.7866142600885099,0.9108694195747375,0.0460307225584983,0.940217673778534,0.8830963096309631,0.7,0.72,0.69,ridge_shuffle_1003
JUN_CEBPA,unseen_combo_fold1,8,0.0062924744561314,0.0793251171708107,0.9621400833129884,0.92614632455476,0.9262479543685912,0.7595668969169123,0.928704559803009,0.0484989508986473,0.9586355686187744,0.9132433243324332,0.7,0.74,0.79,ridge_shuffle_1003
JUN_CEBPB,unseen_combo_fold3,8,0.004430956672877,0.0665654316544532,0.9659847617149352,0.9370572396529786,0.8901658654212952,0.6944760559509168,0.8943271636962891,0.0320829898118972,0.9603666067123412,0.9195439543954396,0.65,0.76,0.69,ridge_shuffle_1003
KIF18B_KIF2C,unseen_combo_fold0,8,0.0014142078580334,0.0376059561967849,0.9878833889961244,0.9492741226513332,0.5268858075141907,0.2114878047411097,0.5299078822135925,0.0099732903763651,0.7675665020942688,0.7047104710471047,0.45,0.4,0.46,ridge_shuffle_1003
KLF1_BAK1,unseen_combo_fold2,8,0.0005098389228805,0.0225796122103929,0.9962451457977296,0.9584717302402218,0.9546498656272888,0.6076943271311466,0.95384019613266,0.0049376189708709,0.9815749526023864,0.9545874587458746,0.85,0.84,0.74,ridge_shuffle_1003
KLF1_CEBPA,unseen_combo_fold0,8,0.003966330550611,0.0629788115620613,0.9733899235725404,0.9573864364273784,0.915871262550354,0.7830153611108555,0.918135702610016,0.0250901486724615,0.9549965262413024,0.939045904590459,0.8,0.74,0.7,ridge_shuffle_1003
KLF1_CLDN6,unseen_combo_fold2,8,0.0021877768449485,0.0467736758291721,0.9844536781311036,0.9562974024160352,0.9287244081497192,0.6247118212740603,0.927094340324402,0.0265800263732671,0.9533636569976808,0.9448424842484248,0.9,0.74,0.72,ridge_shuffle_1003
KLF1_COL2A1,unseen_combo_fold1,8,0.003769027069211,0.0613924041390419,0.9703190922737122,0.9651357548073152,0.7599629163742065,0.629138345630878,0.7615474462509155,0.0469444282352924,0.8345254063606262,0.864962496249625,0.6,0.62,0.57,ridge_shuffle_1003
KLF1_FOXA1,unseen_combo_fold1,8,0.0017295251600444,0.0415875613689422,0.9869678020477296,0.9595168459639348,0.8524543046951294,0.5846859607363347,0.8538834452629089,0.0160935726016759,0.905960202217102,0.8578577857785779,0.65,0.72,0.65,ridge_shuffle_1003
KLF1_MAP2K6,unseen_combo_fold4,8,0.0013333407696336,0.036514937877655,0.9902218580245972,0.9381191833047487,0.8561403155326843,0.4462845547636417,0.856193482875824,0.0119416769593954,0.9372600317001344,0.8748874887488749,0.85,0.66,0.61,ridge_shuffle_1003
KLF1_TGFBR2,unseen_combo_fold1,8,0.000493096827995,0.0222057830542325,0.9965822100639344,0.9687176925326246,0.9640883207321168,0.5941605152479728,0.964149296283722,0.0035646120086312,0.9884939193725586,0.9568796879687969,0.8,0.88,0.75,ridge_shuffle_1003
LHX1_ELMSAN1,unseen_combo_fold2,8,0.0011490688193589,0.0338979177176952,0.989961564540863,0.9671371557205704,0.9094440937042236,0.6046175771912293,0.9100447297096252,0.0135587593540549,0.949057936668396,0.8964536453645364,0.7,0.72,0.69,ridge_shuffle_1003
LYL1_CEBPB,unseen_combo_fold4,8,0.002555958693847,0.0505564883351326,0.9779993295669556,0.9629361247265142,0.8149516582489014,0.7134212891203557,0.8198414444923401,0.0223044045269489,0.8784037828445435,0.8862286228622862,0.6,0.56,0.61,ridge_shuffle_1003
LYL1_IER5L,unseen_combo_fold2,8,0.0028341552242636,0.053236786276102,0.9753857254981996,0.9614420861870812,0.8675474524497986,0.6100429193214711,0.867822527885437,0.0354162603616714,0.9348346590995787,0.885952595259526,0.7,0.58,0.59,ridge_shuffle_1003
MAP2K3_ELMSAN1,unseen_combo_fold1,8,0.001302367192693,0.0360883250832557,0.9905090928077698,0.967956941406663,0.8673793077468872,0.6010193694129077,0.867240309715271,0.0164029672741889,0.9404958486557008,0.8836603660366037,0.5,0.64,0.71,ridge_shuffle_1003
MAP2K3_IKZF3,unseen_combo_fold0,8,0.0017059093806892,0.0413026548922061,0.9891010522842408,0.9684896655842844,0.9540090560913086,0.7319077377030652,0.9540786743164062,0.0229309108108282,0.9686147570610046,0.9394419441944194,0.75,0.72,0.76,ridge_shuffle_1003
MAP2K3_MAP2K6,unseen_combo_fold1,8,0.0005334141314961,0.0230957604944705,0.9957810640335084,0.9585978808462472,0.845930814743042,0.6130664490572146,0.8450212478637695,0.0033673944417387,0.920220136642456,0.8973057305730573,0.5,0.68,0.73,ridge_shuffle_1003
MAP2K3_SLC38A2,unseen_combo_fold1,8,0.0008551341015845,0.0292426757514476,0.992917776107788,0.9719357403645722,0.7034547328948975,0.4338375259110792,0.7037078738212585,0.0101065821945667,0.8576815128326416,0.8057605760576058,0.5,0.56,0.72,ridge_shuffle_1003
MAP2K6_ELMSAN1,unseen_combo_fold2,8,0.0003771214396692,0.0194196142256259,0.9969364404678344,0.961416557820744,0.9104309678077698,0.6412097525603695,0.9093608856201172,0.0027345523703843,0.966789960861206,0.9118031803180318,0.75,0.74,0.72,ridge_shuffle_1003
MAP2K6_IKZF3,unseen_combo_fold2,8,0.001497307093814,0.0386950522661209,0.9903594851493835,0.9392700970157308,0.9535534977912904,0.6674725989223094,0.9538782835006714,0.0094773657619953,0.9825260043144226,0.9376537653765376,0.8,0.74,0.74,ridge_shuffle_1003
MAP2K6_SPI1,unseen_combo_fold2,8,0.003175462828949,0.0563512444496154,0.9723448753356934,0.9508348320573689,0.7007157206535339,0.5047820700970148,0.6875989437103271,0.0187688693404197,0.8386020064353943,0.8157335733573358,0.45,0.46,0.5,ridge_shuffle_1003
MAPK1_IKZF3,unseen_combo_fold2,8,0.0010595257626846,0.0325503572821617,0.9924305081367492,0.9622313127422548,0.955245316028595,0.7885213762525356,0.9559839367866516,0.0072223953902721,0.9788946509361268,0.9451905190519052,0.85,0.82,0.83,ridge_shuffle_1003
MAPK1_PRTG,unseen_combo_fold1,8,0.0033367460127919,0.0577645748853683,0.971917450428009,0.945821430752129,0.7201279997825623,0.5529878385227448,0.7237427234649658,0.0330951325595378,0.7652533054351807,0.7901110111011102,0.5,0.58,0.56,ridge_shuffle_1003
MAPK1_TGFBR2,unseen_combo_fold3,8,0.000777338980697,0.0278807990252971,0.9935861229896544,0.9718748836946384,0.938346266746521,0.7002313798728023,0.938673973083496,0.007185561582446,0.9697800874710084,0.9591959195919592,0.9,0.9,0.75,ridge_shuffle_1003
PLK4_STIL,unseen_combo_fold1,8,0.0035552072804421,0.0596255585551261,0.9677618741989136,0.940701905816582,0.6344032287597656,0.4261428783886163,0.626640796661377,0.0379364863038063,0.8216899633407593,0.7842184218421843,0.4,0.38,0.44,ridge_shuffle_1003
POU3F2_CBFA2T3,unseen_combo_fold0,8,0.0016646835720166,0.0408005341887474,0.9852727651596068,0.9696462315648144,0.8566004037857056,0.7217741652737879,0.8603625297546387,0.0118893086910247,0.9352599382400512,0.8982298229822983,0.65,0.64,0.65,ridge_shuffle_1003
POU3F2_FOXL2,unseen_combo_fold0,8,0.0023461978416889,0.0484375655651092,0.9808196425437928,0.971107750724572,0.920643150806427,0.8040211676238056,0.9222999811172484,0.0274723749607801,0.9576808214187622,0.9265526552655264,0.75,0.78,0.81,ridge_shuffle_1003
PRDM1_CBFA2T3,unseen_combo_fold0,8,0.003333339234814,0.0577350780367851,0.9747175574302672,0.9380345330745428,0.8979548811912537,0.6944876748478785,0.8995758891105652,0.0190172120928764,0.965526819229126,0.9350135013501352,0.7,0.72,0.73,ridge_shuffle_1003
PTPN12_OSR2,unseen_combo_fold2,8,0.0016867289086803,0.0410698056221008,0.9851077795028688,0.9605291135584209,0.6636715531349182,0.4644555894730347,0.6747708320617676,0.0124118737876415,0.7608073949813843,0.7112031203120313,0.5,0.36,0.44,ridge_shuffle_1003
PTPN12_PTPN9,unseen_combo_fold1,8,0.0010247339960187,0.0320114679634571,0.99148690700531,0.9639616223576324,0.9556609988212584,0.716006977227879,0.955097198486328,0.0114426193758845,0.9861764907836914,0.9189078907890788,0.9,0.74,0.8,ridge_shuffle_1003
PTPN12_SNAI1,unseen_combo_fold2,8,0.0010683832224458,0.0326861329376697,0.9895069003105164,0.9623721577042528,0.8497551679611206,0.6728320347097054,0.8501139283180237,0.0047141667455434,0.9471505284309388,0.918151815181518,0.55,0.68,0.72,ridge_shuffle_1003
PTPN12_UBASH3A,unseen_combo_fold2,8,0.0022759342100471,0.0477067530155181,0.9823214411735536,0.9590128453540482,0.962766706943512,0.7072230002124986,0.9626455307006836,0.0351384915411472,0.9885796308517456,0.9443864386438644,0.85,0.82,0.8,ridge_shuffle_1003
PTPN12_ZBTB25,unseen_combo_fold4,8,0.001340938382782,0.0366188250482082,0.9898130893707277,0.9570958526240616,0.9669923782348632,0.7203551819032615,0.9664138555526732,0.0170035082846879,0.988270342350006,0.9307890789078908,0.95,0.8,0.84,ridge_shuffle_1003
RHOXF2_SET,unseen_combo_fold3,8,0.0023932587355375,0.0489209443330764,0.9831711053848268,0.9631779712115076,0.9036099314689636,0.7866290833665204,0.906303644180298,0.0259821787476539,0.940268337726593,0.9030783078307832,0.7,0.68,0.73,ridge_shuffle_1003
RHOXF2_ZBTB25,unseen_combo_fold3,8,0.0016365890624001,0.0404547788202762,0.9879278540611268,0.968037426537811,0.94851154088974,0.7563954580505602,0.9486722946166992,0.0170493274927139,0.985397458076477,0.9406900690069008,0.75,0.78,0.81,ridge_shuffle_1003
SAMD1_PTPN12,unseen_combo_fold0,8,0.0010751211084425,0.0327890403568744,0.9916475415229796,0.970768569889524,0.9728505611419678,0.7914277199837628,0.9727679491043092,0.012177562341094,0.9940440058708192,0.9272007200720072,0.9,0.76,0.84,ridge_shuffle_1003
SAMD1_TGFBR2,unseen_combo_fold0,8,0.0026085099671036,0.0510735735297203,0.9776317477226256,0.953104160103841,0.8656446933746338,0.5426169911396515,0.8662132620811462,0.0287284683436155,0.962055504322052,0.8785598559855986,0.75,0.62,0.62,ridge_shuffle_1003
SAMD1_UBASH3B,unseen_combo_fold4,8,0.0009434595122002,0.0307157859206199,0.9922462701797484,0.9681256521913276,0.9623998403549194,0.7587947410769085,0.9623671174049376,0.0088987750932574,0.9860057830810548,0.9394539453945394,0.9,0.76,0.77,ridge_shuffle_1003
SAMD1_ZBTB1,unseen_combo_fold3,8,0.0011249225353822,0.0335398651659488,0.991622805595398,0.9686650960642472,0.9564741253852844,0.7513014229251138,0.9569221138954164,0.0080253323540091,0.9831743240356444,0.9467266726672668,0.85,0.76,0.79,ridge_shuffle_1003
SET_CEBPE,unseen_combo_fold0,8,0.0030693239532411,0.0554014779627323,0.9739566445350648,0.963601404406337,0.8016986846923828,0.6599503027478648,0.8026221394538879,0.022582096979022,0.885536253452301,0.8929012901290129,0.55,0.58,0.54,ridge_shuffle_1003
SET_KLF1,unseen_combo_fold0,8,0.0018320600502192,0.0428025722503662,0.9868354201316832,0.9689434362888592,0.889846682548523,0.6840297799960572,0.8894820213317871,0.0213775988668203,0.9415813088417052,0.902946294629463,0.65,0.62,0.7,ridge_shuffle_1003
SGK1_S1PR2,unseen_combo_fold0,8,0.003520360449329,0.0593326240777969,0.971358358860016,0.9583269852224514,0.873071014881134,0.6489329118810411,0.8728044629096985,0.0454904697835445,0.9280376434326172,0.8854485448544854,0.8,0.66,0.65,ridge_shuffle_1003
SGK1_TBX2,unseen_combo_fold4,8,0.0017273380653932,0.0415612570941448,0.98586905002594,0.9707857303185552,0.9287453293800354,0.7539380461978953,0.928990602493286,0.0214930884540081,0.968449592590332,0.9393819381938194,0.7,0.74,0.78,ridge_shuffle_1003
SGK1_TBX3,unseen_combo_fold0,8,0.0020011947490274,0.0447347164154052,0.9831762313842772,0.971201490350868,0.9361943006515504,0.7053450478595878,0.9359126091003418,0.0286695286631584,0.9703034162521362,0.887020702070207,0.7,0.68,0.8,ridge_shuffle_1003
SNAI1_DLX2,unseen_combo_fold4,8,0.0022074948064982,0.0469839833676815,0.9775614142417908,0.9400086325750646,0.9110905528068542,0.6742670379503163,0.9108775854110718,0.0118721425533294,0.966352641582489,0.9175877587758776,0.85,0.74,0.78,ridge_shuffle_1003
SNAI1_UBASH3B,unseen_combo_fold4,8,0.0010370630770921,0.0322034619748592,0.9905176162719728,0.95942393430242,0.8696290850639343,0.68129305320563,0.8627557158470154,0.00494578294456,0.947236180305481,0.893033303330333,0.65,0.64,0.64,ridge_shuffle_1003
TBX3_TBX2,unseen_combo_fold0,8,0.0011157582048326,0.0334029681980609,0.9905604720115662,0.9801394256074176,0.9682709574699402,0.7537127970369739,0.9674168229103088,0.0165545903146266,0.9876235723495485,0.904122412241224,0.85,0.82,0.75,ridge_shuffle_1003
TGFBR2_C19orf26,unseen_combo_fold3,8,0.0019381549209356,0.0440244823694229,0.9842019081115724,0.9573065305852132,0.8022494316101074,0.4114343264611649,0.8028551936149597,0.0213279966264963,0.900144100189209,0.8631623162316232,0.6,0.6,0.6,ridge_shuffle_1003
TGFBR2_ETS2,unseen_combo_fold4,8,0.0013249374460428,0.0363996885716915,0.9885005354881288,0.9706051053738464,0.6952853202819824,0.4756379480172323,0.7006474137306213,0.0138264512643218,0.7710075974464417,0.8021122112211221,0.7,0.64,0.62,ridge_shuffle_1003
TGFBR2_IGDCC3,unseen_combo_fold3,8,0.0006020857836119,0.0245374366641044,0.9949969053268432,0.9640822821470124,0.9450045228004456,0.6661246577439373,0.9443749189376832,0.0035017591435462,0.983004868030548,0.9392499249924992,0.8,0.78,0.71,ridge_shuffle_1003
TGFBR2_PRTG,unseen_combo_fold2,8,0.0006460515432991,0.0254175439476966,0.9945563077926636,0.9667335281920412,0.9532244205474854,0.7045110111514292,0.9529464840888976,0.0036507698241621,0.9834409356117249,0.9466906690669068,0.75,0.84,0.79,ridge_shuffle_1003
TMSB4X_BAK1,unseen_combo_fold4,8,0.0009852522052824,0.0313887260854244,0.992565929889679,0.971624615191212,0.911681056022644,0.2500880019006187,0.9115036725997924,0.0152366645634174,0.9800128936767578,0.838055805580558,0.8,0.62,0.51,ridge_shuffle_1003
UBASH3B_CNN1,unseen_combo_fold2,8,0.0020976080559194,0.0457996502518653,0.9856938719749452,0.9649935186933282,0.977291464805603,0.795839850202831,0.9770951271057128,0.0329131782054901,0.9906920194625854,0.9404020402040204,0.75,0.88,0.86,ridge_shuffle_1003
UBASH3B_OSR2,unseen_combo_fold2,8,0.0020967011805623,0.045789748430252,0.9811635613441468,0.9684503169230184,0.6108758449554443,0.497172969677869,0.6266792416572571,0.014847588725388,0.7065902352333069,0.7131473147314732,0.5,0.44,0.38,ridge_shuffle_1003
UBASH3B_PTPN12,unseen_combo_fold1,8,0.0008216885617002,0.0286651104688644,0.9937878251075744,0.9485292034164032,0.9664560556411744,0.7295989601595692,0.9650890231132508,0.0060551278293132,0.9909093379974364,0.9297329732973296,0.85,0.76,0.82,ridge_shuffle_1003
UBASH3B_PTPN9,unseen_combo_fold4,8,0.0010513432789593,0.0324244238436222,0.9912114143371582,0.9653573552354088,0.9618140459060668,0.7446211891964409,0.9609363079071044,0.0121451988816261,0.9858200550079346,0.9236963696369636,0.75,0.78,0.79,ridge_shuffle_1003
UBASH3B_UBASH3A,unseen_combo_fold1,8,0.0010912378784269,0.0330338887870311,0.990438997745514,0.9711599942866774,0.9229333996772766,0.6625332391045466,0.9229146242141724,0.0111394496634602,0.9624338746070862,0.9131953195319532,0.75,0.76,0.71,ridge_shuffle_1003
UBASH3B_ZBTB25,unseen_combo_fold4,8,0.0013532600132748,0.0367866829037666,0.9888066649436952,0.9557082670131588,0.9536520838737488,0.6837143607549119,0.953031837940216,0.0173755940049886,0.980402410030365,0.9322052205220522,0.8,0.76,0.74,ridge_shuffle_1003
ZBTB10_DLX2,unseen_combo_fold3,8,0.0055497740395367,0.0744968056678772,0.9518176317214966,0.9411694502476092,0.8949447870254517,0.7523006228192214,0.8957537412643433,0.0593585483729839,0.9428685307502748,0.9031503150315032,0.75,0.64,0.73,ridge_shuffle_1003
ZBTB10_ELMSAN1,unseen_combo_fold2,8,0.0021504354663193,0.0463727861642837,0.9818060398101808,0.963613870270238,0.9215056896209716,0.7771652122720698,0.923466145992279,0.0204391796141862,0.974577009677887,0.9412661266126612,0.8,0.7,0.74,ridge_shuffle_1003
ZBTB10_PTPN12,unseen_combo_fold0,8,0.0021227574907243,0.0460733920335769,0.9821553230285645,0.9606443025370568,0.8818485140800476,0.7703967376904843,0.8832212686538696,0.0084466971457004,0.960103154182434,0.9108670867086708,0.6,0.7,0.71,ridge_shuffle_1003
ZBTB10_SNAI1,unseen_combo_fold2,8,0.0034386732149869,0.0586402006447315,0.9712417125701904,0.9473724353277888,0.9130057096481324,0.7830335894231708,0.9140264391899108,0.0275140050798654,0.9615645408630372,0.9372697269726972,0.75,0.7,0.73,ridge_shuffle_1003
ZC3HAV1_CEBPA,unseen_combo_fold1,8,0.0076297591440379,0.0873484909534454,0.945768177509308,0.9451261015537838,0.8981005549430847,0.7035846712932332,0.9018166661262512,0.1025162413716316,0.929226815700531,0.9069186918691868,0.7,0.74,0.77,ridge_shuffle_1003
ZC3HAV1_CEBPE,unseen_combo_fold3,8,0.0024767073336988,0.0497665293514728,0.9794727563858032,0.9584002827927622,0.7983282208442688,0.5442137498479598,0.7961020469665527,0.0172017235308885,0.8979711532592773,0.8559135913591359,0.6,0.64,0.63,ridge_shuffle_1003
ZC3HAV1_HOXC13,unseen_combo_fold3,8,0.0023354138247668,0.0483261197805404,0.9800528287887572,0.9588344248045126,0.6463384032249451,0.5491791311869993,0.6514300107955933,0.0263624805957078,0.7455719709396362,0.8085808580858086,0.35,0.54,0.47,ridge_shuffle_1003
ZNF318_FOXL2,unseen_combo_fold3,8,0.0012473409296944,0.0353177152574062,0.9887821674346924,0.964928853620218,0.8525419235229492,0.6270288585361263,0.8496797680854797,0.0109008718281984,0.9432144165039062,0.917023702370237,0.65,0.64,0.65,ridge_shuffle_1003
AHR_FEV,unseen_combo_fold0,8,0.0045457486994564,0.0674221664667129,0.9738203883171082,0.9588116371106772,0.9228101372718812,0.7487567172610364,0.9270252585411072,0.0608229860663414,0.9505886435508728,0.8856765676567657,0.7,0.76,0.7,mlp_shuffle_1003
AHR_KLF1,unseen_combo_fold2,8,0.0017899570520967,0.0423078835010528,0.9875661730766296,0.9604672331331509,0.8712208867073059,0.4188335934676394,0.8735624551773071,0.0141788162291049,0.9264529943466188,0.837923792379238,0.75,0.64,0.57,mlp_shuffle_1003
BCL2L11_BAK1,unseen_combo_fold0,8,0.0005615775589831,0.0236976277083158,0.9952055215835572,0.9652179598912564,0.338907390832901,0.1323364190232753,0.336540162563324,0.005829868838191,0.5011090636253357,0.477047704770477,0.25,0.28,0.33,mlp_shuffle_1003
BCL2L11_TGFBR2,unseen_combo_fold0,8,0.0004676041135098,0.0216241553425788,0.9960978031158448,0.9707727709960108,0.7900495529174805,0.3176830927243881,0.7893714308738708,0.0050768028013408,0.909351646900177,0.8511611161116112,0.75,0.62,0.52,mlp_shuffle_1003
BPGM_SAMD1,unseen_combo_fold0,8,0.0008834017789922,0.0297220759093761,0.9932056665420532,0.9675690312710984,0.956333577632904,0.7245428589568106,0.955657958984375,0.0061349500901997,0.985958218574524,0.9046024602460246,0.8,0.78,0.75,mlp_shuffle_1003
BPGM_ZBTB1,unseen_combo_fold1,8,0.0013296138495206,0.0364638715982437,0.990376353263855,0.9625133482210958,0.9520936608314514,0.7171418862934591,0.9522972702980042,0.0190534070134162,0.9777169823646544,0.9455745574557456,0.85,0.76,0.78,mlp_shuffle_1003
C3orf72_FOXL2,unseen_combo_fold4,8,0.0034003462642431,0.0583124868571758,0.9692834615707396,0.9304853696644376,0.7919047474861145,0.582883880148875,0.7923579812049866,0.0140946833416819,0.9237723350524902,0.8962736273627363,0.5,0.56,0.56,mlp_shuffle_1003
CBL_CNN1,unseen_combo_fold1,8,0.002042013220489,0.0451886393129825,0.9862868189811708,0.9592530942315822,0.9716048836708068,0.7750628359473875,0.9714950919151306,0.0280667804181575,0.9885292649269104,0.96004800480048,0.85,0.86,0.79,mlp_shuffle_1003
CBL_PTPN12,unseen_combo_fold1,8,0.0006643729284405,0.0257754325866699,0.9953030347824096,0.9622542798214636,0.9721118211746216,0.7401178838474474,0.9719772934913636,0.0052095931023359,0.9911835193634032,0.9316051605160516,0.85,0.76,0.82,mlp_shuffle_1003
CBL_PTPN9,unseen_combo_fold3,8,0.0007520441431552,0.0274234227836132,0.9941523671150208,0.956683859847998,0.9575745463371276,0.6957508664039969,0.956886351108551,0.0041376193985342,0.9862880706787108,0.9262286228622862,0.75,0.82,0.79,mlp_shuffle_1003
CBL_TGFBR2,unseen_combo_fold2,8,0.0011769236298277,0.0343063212931156,0.9899868369102478,0.9413731257854406,0.9096875190734864,0.569614908204039,0.9091602563858032,0.0072005726397037,0.965968668460846,0.9134233423342334,0.65,0.74,0.65,mlp_shuffle_1003
CBL_UBASH3A,unseen_combo_fold4,8,0.0029722019098699,0.0545179061591625,0.9768072962760924,0.9321851816168656,0.8669520616531372,0.5110696075226868,0.8670954704284668,0.0296696443110704,0.9528787732124328,0.8930813081308131,0.65,0.56,0.57,mlp_shuffle_1003
CBL_UBASH3B,unseen_combo_fold4,8,0.0033001711126416,0.0574471168220043,0.9751315712928772,0.954798645222324,0.9657207727432252,0.7431279590772599,0.9656643271446228,0.0515819154679775,0.9843215942382812,0.946006600660066,0.85,0.8,0.8,mlp_shuffle_1003
CDKN1B_CDKN1A,unseen_combo_fold0,8,0.0014271886320784,0.0377781502902507,0.9869101047515868,0.9564941946932288,0.933867335319519,0.6695439427017812,0.933790385723114,0.0131675340235233,0.9822046160697936,0.9171437143714372,0.9,0.82,0.81,mlp_shuffle_1003
CDKN1C_CDKN1A,unseen_combo_fold4,8,0.0013631872134283,0.0369213670492172,0.988430380821228,0.9479444171859356,0.9287001490592957,0.631994392712103,0.9287055134773254,0.0096552055329084,0.9787253737449646,0.9316411641164116,0.8,0.74,0.79,mlp_shuffle_1003
CDKN1C_CDKN1B,unseen_combo_fold3,8,0.0014131078496575,0.0375913269817829,0.9871124625205994,0.953244338190056,0.894747257232666,0.5854258428830408,0.8948934674263,0.008350484073162,0.963430643081665,0.9195439543954396,0.75,0.76,0.69,mlp_shuffle_1003
CEBPB_CEBPA,unseen_combo_fold3,8,0.0041033439338207,0.0640573501586914,0.9731609225273132,0.9446866950755798,0.9453669786453248,0.7900625650849575,0.947379231452942,0.0170345064252614,0.9825701713562012,0.9466186618661866,0.85,0.88,0.83,mlp_shuffle_1003
CEBPB_MAPK1,unseen_combo_fold2,8,0.0011129300110042,0.0333606041967868,0.990932822227478,0.9619713682687396,0.9583007097244264,0.7939262391580727,0.9592613577842712,0.0091689648106694,0.9818086624145508,0.9547434743474348,0.9,0.88,0.8,mlp_shuffle_1003
CEBPB_OSR2,unseen_combo_fold1,8,0.0019799459259957,0.0444965846836566,0.9839704632759094,0.9613690998270252,0.9407840371131896,0.8360127399507145,0.9431767463684082,0.0174315143376588,0.9609909653663636,0.9276567656765676,0.8,0.8,0.78,mlp_shuffle_1003
CEBPB_PTPN12,unseen_combo_fold4,8,0.0030315229669213,0.0550592690706253,0.973829746246338,0.94465170429087,0.7767887115478516,0.6429631850536295,0.7822646498680115,0.0243987441062927,0.8624546527862549,0.8521452145214522,0.4,0.5,0.68,mlp_shuffle_1003
CEBPE_CEBPA,unseen_combo_fold0,8,0.002273041754961,0.0476764291524887,0.9848596453666688,0.9660707465071776,0.9679492115974426,0.8614842690205959,0.9691982269287108,0.0177644677460193,0.9775894284248352,0.9588838883888388,0.85,0.82,0.88,mlp_shuffle_1003
CEBPE_CEBPB,unseen_combo_fold1,8,0.0031626997515559,0.0562378838658332,0.9752594828605652,0.9453285405324868,0.9302446842193604,0.7913279519253109,0.9315950870513916,0.0217187944799661,0.9629825949668884,0.924116411641164,0.85,0.74,0.79,mlp_shuffle_1003
CEBPE_CNN1,unseen_combo_fold4,8,0.0050592306070029,0.0711282715201377,0.9559089541435242,0.9390334732049892,0.8090888261795044,0.6394640298198012,0.8114358186721802,0.0401038415729999,0.889712929725647,0.883948394839484,0.6,0.62,0.62,mlp_shuffle_1003
CEBPE_KLF1,unseen_combo_fold3,8,0.0017975466325879,0.0423974841833114,0.9864177107810974,0.9562947260129036,0.8091659545898438,0.5637114813182533,0.8107215762138367,0.01271369215101,0.8879087567329407,0.8970417041704171,0.65,0.6,0.65,mlp_shuffle_1003
CEBPE_PTPN12,unseen_combo_fold0,8,0.0010958939092233,0.0331042893230915,0.9905370473861694,0.968118218538684,0.8925542235374451,0.6954001214851089,0.8929526209831238,0.0069541838020086,0.9527301788330078,0.9246804680468048,0.6,0.76,0.68,mlp_shuffle_1003
CEBPE_RUNX1T1,unseen_combo_fold0,8,0.0016265496378764,0.0403305068612098,0.9861387610435486,0.9743106989710404,0.9389467239379884,0.8164718962071486,0.9397593140602112,0.0159680396318435,0.96096670627594,0.914167416741674,0.8,0.78,0.8,mlp_shuffle_1003
CEBPE_SPI1,unseen_combo_fold1,8,0.0082761459052562,0.090973325073719,0.940353274345398,0.9428122557728348,0.9274143576622008,0.8039741768686571,0.928731083869934,0.1116276383399963,0.9482689499855042,0.9037503750375038,0.75,0.66,0.77,mlp_shuffle_1003
CNN1_MAPK1,unseen_combo_fold1,8,0.0009133130079135,0.0302210692316293,0.992294430732727,0.9650865246882334,0.904418647289276,0.6610744595568199,0.9031764268875122,0.0089162718504667,0.9402520060539246,0.8965856585658566,0.75,0.72,0.82,mlp_shuffle_1003
CNN1_UBASH3A,unseen_combo_fold1,8,0.0025665962602943,0.0506615862250328,0.9803354740142822,0.9468280245740311,0.937669575214386,0.6904158693143879,0.9375185370445251,0.0305615775287151,0.9627402424812316,0.8973897389738974,0.75,0.7,0.75,mlp_shuffle_1003
DUSP9_ETS2,unseen_combo_fold2,8,0.000542716239579,0.023296270519495,0.9956645965576172,0.9670476706470152,0.9571394324302672,0.7189886387756462,0.958134114742279,0.0042227245867252,0.9854102730751038,0.9437143714371438,0.85,0.86,0.75,mlp_shuffle_1003
DUSP9_IGDCC3,unseen_combo_fold3,8,0.0012766737490892,0.0357305705547332,0.9908905029296876,0.9580528979667858,0.9584019780158995,0.769979064320757,0.9584080576896667,0.013681273907423,0.9764407873153688,0.955883588358836,0.75,0.9,0.79,mlp_shuffle_1003
DUSP9_KLF1,unseen_combo_fold3,8,0.0027682508807629,0.0526141710579395,0.9833734035491944,0.956670284872241,0.9452367424964904,0.6728242335733869,0.9456014633178712,0.0405194908380508,0.9631693959236144,0.926036603660366,0.75,0.76,0.74,mlp_shuffle_1003
DUSP9_MAPK1,unseen_combo_fold3,8,0.0013423645868897,0.036638293415308,0.989357888698578,0.9615173614766844,0.7514223456382751,0.4744219638962622,0.7590790390968323,0.0104464832693338,0.8705946803092957,0.8691629162916291,0.75,0.56,0.56,mlp_shuffle_1003
DUSP9_PRTG,unseen_combo_fold0,8,0.0018600325565785,0.0431280955672264,0.9874760508537292,0.966601342019058,0.9601234793663024,0.7707892126512212,0.9601115584373474,0.0212379321455955,0.9815922379493712,0.953903390339034,0.75,0.84,0.8,mlp_shuffle_1003
DUSP9_SNAI1,unseen_combo_fold3,8,0.0087619284167885,0.093605175614357,0.9290784001350404,0.9358607642389783,0.7019705176353455,0.6482018112489055,0.7076029181480408,0.0794078111648559,0.8924540281295776,0.8785478547854786,0.45,0.52,0.56,mlp_shuffle_1003
ETS2_CEBPE,unseen_combo_fold4,8,0.0011733941501006,0.0342548415064811,0.9905485510826112,0.9667704289209592,0.9543659687042236,0.8010692357520466,0.955557644367218,0.0069658323191106,0.9811445474624634,0.936933693369337,0.85,0.82,0.78,mlp_shuffle_1003
ETS2_CNN1,unseen_combo_fold4,8,0.00080275448272,0.0283329226076602,0.9930163621902466,0.958470442721052,0.8735336661338806,0.6012524043127675,0.8740679621696472,0.0067559420131146,0.9316633343696594,0.907038703870387,0.7,0.6,0.69,mlp_shuffle_1003
ETS2_IGDCC3,unseen_combo_fold0,8,0.0011521483538672,0.0339433103799819,0.9902187585830688,0.9687319831402738,0.8427076935768127,0.6537719928485902,0.8448734283447266,0.0063398601487278,0.9452342987060548,0.9302610261026104,0.7,0.7,0.68,mlp_shuffle_1003
ETS2_IKZF3,unseen_combo_fold1,8,0.0007500374340452,0.0273868106305599,0.9955142140388488,0.961660650638093,0.97938734292984,0.8430518828075333,0.9794132709503174,0.0045684338547289,0.9938246607780457,0.9612841284128412,0.9,0.86,0.81,mlp_shuffle_1003
ETS2_MAP7D1,unseen_combo_fold2,8,0.0019919630140066,0.0446314141154289,0.982793152332306,0.9574765769704076,0.8853682279586792,0.5698598626231167,0.8865294456481934,0.0240426752716302,0.946560561656952,0.9245724572457246,0.7,0.8,0.75,mlp_shuffle_1003
ETS2_MAPK1,unseen_combo_fold2,8,0.002406642306596,0.0490575395524501,0.9824883341789246,0.961363099864921,0.958504557609558,0.7649665757245059,0.9590691924095154,0.0349283367395401,0.97368323802948,0.9452505250525052,0.85,0.9,0.78,mlp_shuffle_1003
ETS2_PRTG,unseen_combo_fold4,8,0.0009696916094981,0.0311398711055517,0.99187570810318,0.9686013122149636,0.8908876776695251,0.6961597629143157,0.892246425151825,0.0103857424110174,0.9197514057159424,0.8798559855985598,0.5,0.7,0.67,mlp_shuffle_1003
FEV_CBFA2T3,unseen_combo_fold2,8,0.009596649557352,0.0979624912142753,0.9391981363296508,0.9384406965122688,0.846369743347168,0.7080223999949479,0.8536102771759033,0.1364433467388153,0.8995522856712341,0.8151095109510951,0.55,0.68,0.7,mlp_shuffle_1003
FEV_ISL2,unseen_combo_fold3,8,0.0051940372213721,0.0720696672797203,0.9685482382774352,0.952098259084884,0.9215878844261168,0.699660171150811,0.925075888633728,0.0744518414139747,0.9679399728775024,0.9307890789078908,0.85,0.8,0.75,mlp_shuffle_1003
FEV_MAP7D1,unseen_combo_fold3,8,0.0015343510312959,0.0391707941889762,0.989333987236023,0.9517423113398408,0.9329150915145874,0.6996023703058367,0.9345288872718812,0.0125016132369637,0.9768857955932616,0.9265406540654064,0.85,0.8,0.76,mlp_shuffle_1003
FOSB_CEBPB,unseen_combo_fold1,8,0.0036771616432815,0.0606396049261093,0.9709346890449524,0.9489835211964835,0.9164013862609864,0.7683856185699596,0.9185635447502136,0.0336534902453422,0.9488131403923036,0.9072307230723072,0.75,0.72,0.78,mlp_shuffle_1003
FOSB_CEBPE,unseen_combo_fold1,8,0.0028033996932208,0.0529471412301063,0.9790560603141784,0.9595398326921336,0.9385471940040588,0.8102203399537181,0.9401206374168396,0.0232306141406297,0.9686914682388306,0.9347854785478548,0.8,0.8,0.8,mlp_shuffle_1003
FOSB_IKZF3,unseen_combo_fold4,8,0.0022587073035538,0.0475258603692054,0.984695851802826,0.957188004707482,0.9339098930358888,0.7303191343882682,0.9348835945129396,0.0228002984076738,0.961924135684967,0.9115511551155115,0.65,0.68,0.72,mlp_shuffle_1003
FOSB_OSR2,unseen_combo_fold3,8,0.002850036136806,0.0533857308328151,0.9795884490013124,0.9619614752600256,0.929980456829071,0.771129325371449,0.933395266532898,0.0379806123673915,0.9524899125099182,0.9111791179117912,0.8,0.86,0.8,mlp_shuffle_1003
FOSB_PTPN12,unseen_combo_fold4,8,0.0015940838493406,0.0399259813129901,0.986728310585022,0.9479262055023188,0.7253298163414001,0.4643394719947537,0.7236126661300659,0.0087706465274095,0.9002521634101868,0.8682868286828683,0.6,0.46,0.46,mlp_shuffle_1003
FOSB_UBASH3B,unseen_combo_fold1,8,0.0006059886654838,0.0246168375015258,0.994548201560974,0.9674435002480696,0.841518223285675,0.568078946973436,0.8429651856422424,0.0037067627999931,0.9320481419563292,0.894005400540054,0.6,0.62,0.76,mlp_shuffle_1003
FOXA1_FOXF1,unseen_combo_fold0,8,0.0011532040080055,0.0339588560163974,0.9894046187400818,0.9650923698205884,0.9006550312042236,0.7373148048376503,0.9028705358505248,0.0063439230434596,0.9623619318008424,0.9157035703570358,0.65,0.7,0.77,mlp_shuffle_1003
FOXA1_FOXL2,unseen_combo_fold2,8,0.0014092859346419,0.0375404581427574,0.9870411157608032,0.9617784912191636,0.905928075313568,0.7521279250038141,0.908167004585266,0.0112271262332797,0.9546343088150024,0.9290609060906092,0.65,0.8,0.76,mlp_shuffle_1003
FOXA1_HOXB9,unseen_combo_fold4,8,0.0020256030838936,0.0450066998600959,0.9831759929656982,0.9624022513659064,0.9296272993087769,0.7930660993866258,0.9319489598274232,0.0219628810882568,0.964926302433014,0.933837383738374,0.7,0.78,0.79,mlp_shuffle_1003
FOXA3_FOXA1,unseen_combo_fold4,8,0.0018922174349427,0.0434996262192726,0.982614040374756,0.962107889494099,0.9225220680236816,0.7841686028822326,0.923859179019928,0.0208382457494735,0.9633709788322448,0.9329012901290128,0.7,0.76,0.69,mlp_shuffle_1003
FOXA3_FOXF1,unseen_combo_fold2,8,0.0015671990113332,0.0395878627896308,0.9849854111671448,0.9557785876209663,0.8849498629570007,0.7156953373599886,0.8880077004432678,0.0073236660100519,0.955794632434845,0.895025502550255,0.55,0.74,0.75,mlp_shuffle_1003
FOXA3_FOXL2,unseen_combo_fold0,8,0.0054405159316957,0.0737598538398742,0.9550592303276062,0.9521953408416796,0.9083139300346376,0.781899020801151,0.9085292816162108,0.0595472678542137,0.9562842845916748,0.8944134413441344,0.7,0.68,0.72,mlp_shuffle_1003
FOXA3_HOXB9,unseen_combo_fold3,8,0.0016633319901302,0.0407839678227901,0.9865074157714844,0.9653699495793528,0.9444999098777772,0.8438687437315134,0.946039080619812,0.0170509591698646,0.9740909934043884,0.9073747374737474,0.65,0.78,0.82,mlp_shuffle_1003
FOXF1_FOXL2,unseen_combo_fold4,8,0.0020862917881458,0.0456759445369243,0.9819992184638976,0.9594289356047974,0.9479042887687684,0.8097351316866241,0.9487860798835754,0.0217791534960269,0.979889750480652,0.948082808280828,0.65,0.82,0.83,mlp_shuffle_1003
FOXF1_HOXB9,unseen_combo_fold1,8,0.0010417175944894,0.0322756506502628,0.9906147122383118,0.9648911668660388,0.9296756386756896,0.7798120685738168,0.9314885139465332,0.0052369479089975,0.9739413857460022,0.9266726672667268,0.65,0.72,0.8,mlp_shuffle_1003
FOXL2_HOXB9,unseen_combo_fold3,8,0.0032013521995395,0.0565804913640022,0.9738472104072572,0.9519638822474098,0.9087955355644226,0.7453156475255152,0.9111334085464478,0.0340113975107669,0.9693645238876344,0.9146474647464746,0.45,0.7,0.77,mlp_shuffle_1003
FOXL2_MEIS1,unseen_combo_fold3,8,0.0018367681186646,0.0428575314581394,0.984275221824646,0.9619898644167167,0.914328157901764,0.7245891238439612,0.9163944125175476,0.0218516495078802,0.966075599193573,0.8888928892889288,0.6,0.74,0.81,mlp_shuffle_1003
IGDCC3_MAPK1,unseen_combo_fold3,8,0.0018847994506359,0.0434142760932445,0.9839644432067872,0.9588701664711472,0.7575876116752625,0.559550238841231,0.75754714012146,0.0163200069218873,0.8522395491600037,0.8238463846384638,0.55,0.58,0.59,mlp_shuffle_1003
IGDCC3_PRTG,unseen_combo_fold2,8,0.001520562916994,0.0389943942427635,0.98726224899292,0.9586067901044026,0.9039104580879213,0.6383776311722008,0.904521346092224,0.0125720091164112,0.9641286730766296,0.9250645064506452,0.6,0.74,0.77,mlp_shuffle_1003
IGDCC3_ZBTB25,unseen_combo_fold4,8,0.0022849135566502,0.0478007681667804,0.9808145761489868,0.9480545564574429,0.9474531412124634,0.6827512804274131,0.9468063116073608,0.0259348154067993,0.9888372421264648,0.9476507650765076,0.85,0.78,0.8,mlp_shuffle_1003
IRF1_SET,unseen_combo_fold0,8,0.003652550978586,0.060436338186264,0.969748556613922,0.9473955606720446,0.8637879490852356,0.7019657687549025,0.8662281036376953,0.0404031723737716,0.9111189246177672,0.8650945094509451,0.7,0.7,0.62,mlp_shuffle_1003
JUN_CEBPA,unseen_combo_fold1,8,0.0079256203025579,0.0890259519219398,0.9554519653320312,0.9341825985723178,0.944124400615692,0.7635623405876216,0.9461163282394408,0.084709845483303,0.9709052443504332,0.92015601560156,0.8,0.8,0.83,mlp_shuffle_1003
JUN_CEBPB,unseen_combo_fold3,8,0.0059699593111872,0.0772655084729194,0.9557233452796936,0.9341250134011198,0.8929306268692017,0.6935786291392213,0.8956166505813599,0.0628488957881927,0.9604628682136536,0.9270567056705672,0.8,0.76,0.66,mlp_shuffle_1003
KIF18B_KIF2C,unseen_combo_fold0,8,0.0012983492342755,0.0360326133668422,0.9886223077774048,0.9531197226046004,0.5702263712882996,0.2613308755698483,0.5728241205215454,0.0096964770928025,0.7846104502677917,0.7981038103810381,0.35,0.44,0.45,mlp_shuffle_1003
KLF1_BAK1,unseen_combo_fold2,8,0.000547481526155,0.0233983229845762,0.9958274364471436,0.96558555406893,0.9443091154098512,0.5791787025085879,0.9444231390953064,0.0054469220340251,0.967525064945221,0.9344734473447344,0.85,0.78,0.74,mlp_shuffle_1003
KLF1_CEBPA,unseen_combo_fold0,8,0.0020414453465491,0.045182354748249,0.9860655069351196,0.9636778955410732,0.9636391401290894,0.8450324586595885,0.9643300175666808,0.010628611780703,0.9817333221435548,0.9586078607860786,0.9,0.82,0.88,mlp_shuffle_1003
KLF1_CLDN6,unseen_combo_fold2,8,0.0024514021351933,0.0495116375386714,0.9821473956108092,0.9499240201174398,0.9124096632003784,0.6371020037878969,0.9125674962997437,0.0321187674999237,0.9337963461875916,0.9434503450345034,0.8,0.72,0.71,mlp_shuffle_1003
KLF1_COL2A1,unseen_combo_fold1,8,0.0059490920975804,0.0771303549408912,0.954702079296112,0.9528475324913418,0.6225125789642334,0.5726786985107672,0.6258588433265686,0.0735117942094802,0.6713728308677673,0.8204980498049805,0.6,0.54,0.53,mlp_shuffle_1003
KLF1_FOXA1,unseen_combo_fold1,8,0.0032525048591196,0.0570307374000549,0.9766008853912354,0.9597854084530568,0.7046353816986084,0.5218456994627704,0.7101910710334778,0.0442135967314243,0.7920758724212646,0.6948454845484549,0.35,0.5,0.56,mlp_shuffle_1003
KLF1_MAP2K6,unseen_combo_fold4,8,0.0026895876508206,0.0518612340092659,0.9808566570281982,0.9496401672899912,0.6947287321090698,0.419018205273616,0.6941030621528625,0.0414050333201885,0.7933114767074585,0.804992499249925,0.8,0.52,0.49,mlp_shuffle_1003
KLF1_TGFBR2,unseen_combo_fold1,8,0.0007315122056752,0.0270464830100536,0.994668424129486,0.9570468127292616,0.9442983269691468,0.5473552663254634,0.944488286972046,0.0049958005547523,0.9773576259613036,0.9415301530153016,0.8,0.84,0.71,mlp_shuffle_1003
LHX1_ELMSAN1,unseen_combo_fold2,8,0.0014168892521411,0.0376415885984897,0.98752760887146,0.9625147985656034,0.8808572888374329,0.5994999212779499,0.8815329670906067,0.0184294059872627,0.9254518747329712,0.8519291929192919,0.65,0.64,0.66,mlp_shuffle_1003
LYL1_CEBPB,unseen_combo_fold4,8,0.0044299489818513,0.0665578618645668,0.9627540707588196,0.9417853626851092,0.789368748664856,0.6951654105202334,0.7950530648231506,0.0379854477941989,0.8412933349609375,0.8703030303030304,0.65,0.58,0.64,mlp_shuffle_1003
LYL1_IER5L,unseen_combo_fold2,8,0.0019333426607772,0.0439697913825511,0.983346164226532,0.9520672814768554,0.8689818978309631,0.6724931333984084,0.8679490089416504,0.0203559380024671,0.9201155304908752,0.9033783378337834,0.75,0.68,0.69,mlp_shuffle_1003
MAP2K3_ELMSAN1,unseen_combo_fold1,8,0.0010017809690907,0.031650923192501,0.9924830198287964,0.95322548825853,0.8719033598899841,0.621671787046547,0.8714152574539185,0.0108326720073819,0.9342907667160034,0.8986138613861386,0.5,0.66,0.75,mlp_shuffle_1003
MAP2K3_IKZF3,unseen_combo_fold0,8,0.0021554147824645,0.0464264452457428,0.9864369034767152,0.9674884698655606,0.943752944469452,0.7130320235515698,0.9436532258987428,0.0233600456267595,0.9635702967643738,0.9127392739273928,0.75,0.72,0.74,mlp_shuffle_1003
MAP2K3_MAP2K6,unseen_combo_fold1,8,0.0003560664190445,0.0188697222620248,0.997037708759308,0.9663184773250484,0.8504127264022827,0.5516079143848569,0.8501046299934387,0.003361159004271,0.9242091774940492,0.8849204920492049,0.65,0.7,0.76,mlp_shuffle_1003
MAP2K3_SLC38A2,unseen_combo_fold1,8,0.000536486855708,0.0231621861457824,0.9955382347106934,0.9573238582783344,0.8218564391136169,0.498646399390775,0.8217865824699402,0.0046724309213459,0.9256176948547364,0.9056225622562256,0.65,0.66,0.74,mlp_shuffle_1003
MAP2K6_ELMSAN1,unseen_combo_fold2,8,0.0006322975386865,0.0251455269753932,0.9950962662696838,0.9675491389925576,0.8886979818344116,0.5675755872181084,0.8885980844497681,0.0077268122695386,0.9615389704704284,0.9188358835883588,0.75,0.68,0.75,mlp_shuffle_1003
MAP2K6_IKZF3,unseen_combo_fold2,8,0.0037100687623023,0.0609103329479694,0.97664076089859,0.9500121480111348,0.9188504815101624,0.5900928896563388,0.9190014004707336,0.0571965016424655,0.967743754386902,0.8934053405340534,0.8,0.64,0.64,mlp_shuffle_1003
MAP2K6_SPI1,unseen_combo_fold2,8,0.0017416558694094,0.0417331494390964,0.9839765429496764,0.9506628614711832,0.713826060295105,0.4637240980977136,0.7078264951705933,0.0160305574536323,0.8838149309158325,0.8603060306030603,0.45,0.5,0.56,mlp_shuffle_1003
MAPK1_IKZF3,unseen_combo_fold2,8,0.0014959917170926,0.038678053766489,0.9894978404045104,0.9460709671927768,0.9371070265769958,0.7423089866744651,0.9383439421653748,0.0125529952347278,0.97370582818985,0.9415301530153016,0.85,0.82,0.78,mlp_shuffle_1003
MAPK1_PRTG,unseen_combo_fold1,8,0.0021482924930751,0.046349674463272,0.9822490215301514,0.9573582803232676,0.7511972784996033,0.5578631520130097,0.7535961866378784,0.0198566075414419,0.8281342387199402,0.8238223822382238,0.45,0.56,0.53,mlp_shuffle_1003
MAPK1_TGFBR2,unseen_combo_fold3,8,0.0008309297845698,0.0288258530199527,0.993201494216919,0.964279303784024,0.9312086701393129,0.6926260207043077,0.930984616279602,0.0076315044425427,0.9633363485336304,0.9464626462646264,0.8,0.86,0.71,mlp_shuffle_1003
PLK4_STIL,unseen_combo_fold1,8,0.0034043106716126,0.0583464726805686,0.9688634872436525,0.9427231924307552,0.7339310646057129,0.5190105018729672,0.7317742705345154,0.0393296144902706,0.905508816242218,0.8584578457845785,0.5,0.48,0.5,mlp_shuffle_1003
POU3F2_CBFA2T3,unseen_combo_fold0,8,0.0016716449754312,0.040885753929615,0.9852200746536256,0.9615540137662596,0.8609579205513,0.6994333097011645,0.8647814989089966,0.014228249900043,0.9342825412750244,0.8934533453345335,0.6,0.66,0.68,mlp_shuffle_1003
POU3F2_FOXL2,unseen_combo_fold0,8,0.002345933811739,0.048434842377901,0.9808567762374878,0.9653093549901144,0.9153593182563782,0.7969382069594059,0.9168491363525392,0.0262404158711433,0.9560678601264954,0.9416741674167416,0.7,0.8,0.78,mlp_shuffle_1003
PRDM1_CBFA2T3,unseen_combo_fold0,8,0.0046963477507233,0.0685299038887023,0.9654197096824646,0.9316944301413392,0.8568654656410217,0.6618373042935047,0.8592871427536011,0.0393954813480377,0.9556544423103333,0.9102310231023102,0.6,0.62,0.66,mlp_shuffle_1003
PTPN12_OSR2,unseen_combo_fold2,8,0.0011989383492618,0.0346256904304027,0.9895436763763428,0.9587639510739469,0.6183273196220398,0.4337509117221761,0.6315240859985352,0.0114791365340352,0.6816750168800354,0.6149294929492949,0.5,0.44,0.45,mlp_shuffle_1003
PTPN12_PTPN9,unseen_combo_fold1,8,0.0005616313428618,0.0236987620592117,0.9953365325927734,0.9649909178446344,0.9721678495407104,0.7545049512926726,0.9721731543540956,0.0047009191475808,0.9930357336997986,0.9375337533753376,0.85,0.8,0.83,mlp_shuffle_1003
PTPN12_SNAI1,unseen_combo_fold2,8,0.0008081010309979,0.028427118435502,0.9921026229858398,0.9600594659114146,0.8635063171386719,0.6654657239501948,0.8639503121376038,0.004780740942806,0.9509091973304749,0.9157995799579958,0.55,0.66,0.7,mlp_shuffle_1003
PTPN12_UBASH3A,unseen_combo_fold2,8,0.0009921749588102,0.0314988084137439,0.9924063086509703,0.9635887488854668,0.9745651483535768,0.755445430372326,0.9745723009109496,0.0124493828043341,0.992925465106964,0.9495469546954696,0.8,0.86,0.85,mlp_shuffle_1003
PTPN12_ZBTB25,unseen_combo_fold4,8,0.0005904720164835,0.0242996308952569,0.9954273104667664,0.9527258040614004,0.975084125995636,0.7323833763130374,0.9750815629959106,0.0044004116207361,0.9917293190956116,0.9507950795079508,0.95,0.82,0.84,mlp_shuffle_1003
RHOXF2_SET,unseen_combo_fold3,8,0.0025701303966343,0.0506964549422264,0.9811018705368042,0.95292812067872,0.879170298576355,0.7535022250667823,0.8826346397399902,0.02815299667418,0.9015045166015624,0.8525772577257725,0.6,0.68,0.71,mlp_shuffle_1003
RHOXF2_ZBTB25,unseen_combo_fold3,8,0.0013036939781159,0.036106701940298,0.9902009963989258,0.9653654963850762,0.950724482536316,0.742404909146564,0.9499093294143676,0.0086729237809777,0.9871222972869872,0.9374737473747374,0.8,0.76,0.79,mlp_shuffle_1003
SAMD1_PTPN12,unseen_combo_fold0,8,0.000748416990973,0.0273572113364934,0.9941903352737428,0.9715351069447448,0.971205234527588,0.7866094589389535,0.9709765911102296,0.0061274822801351,0.991184949874878,0.9235883588358836,0.9,0.78,0.81,mlp_shuffle_1003
SAMD1_TGFBR2,unseen_combo_fold0,8,0.0020224142353981,0.0449712611734867,0.9826963543891908,0.9493691677050162,0.8743952512741089,0.5509373337883718,0.8749783635139465,0.0165865700691938,0.96547269821167,0.8963696369636963,0.75,0.58,0.63,mlp_shuffle_1003
SAMD1_UBASH3B,unseen_combo_fold4,8,0.0011523358989506,0.0339460745453834,0.9904934763908386,0.9547213242730708,0.9523668885231018,0.72260261610928,0.952478051185608,0.0109365032985806,0.984038770198822,0.9336453645364536,0.9,0.8,0.75,mlp_shuffle_1003
SAMD1_ZBTB1,unseen_combo_fold3,8,0.0018583363853394,0.0431084260344505,0.9861968755722046,0.9620002933440776,0.9443759322166444,0.7171909698754048,0.9450151324272156,0.0190319940447807,0.9784939885139464,0.9395259525952596,0.9,0.74,0.77,mlp_shuffle_1003
SET_CEBPE,unseen_combo_fold0,8,0.0065846568904817,0.0811458975076675,0.9446720480918884,0.94637051132431,0.711556077003479,0.577395876630977,0.7148840427398682,0.0477629154920578,0.8164025545120239,0.8425442544254426,0.45,0.48,0.45,mlp_shuffle_1003
SET_KLF1,unseen_combo_fold0,8,0.0015579345636069,0.0394706800580024,0.9888365864753724,0.9556131003647172,0.9021850228309632,0.5826944371715059,0.9023624658584596,0.0123532060533761,0.9528144001960754,0.8980858085808581,0.65,0.66,0.7,mlp_shuffle_1003
SGK1_S1PR2,unseen_combo_fold0,8,0.0030311879236251,0.0550562255084514,0.9754059910774232,0.9588112363975168,0.8904790878295898,0.7339964726551126,0.8920170068740845,0.041356224566698,0.916573405265808,0.8928892889288929,0.75,0.64,0.73,mlp_shuffle_1003
SGK1_TBX2,unseen_combo_fold4,8,0.0020366420503705,0.0451291725039482,0.9829403758049012,0.9463141583384852,0.9100937247276306,0.6790442980364054,0.9103360176086426,0.0261573456227779,0.9473996162414552,0.9209000900090007,0.7,0.72,0.76,mlp_shuffle_1003
SGK1_TBX3,unseen_combo_fold0,8,0.0031998769845813,0.0565674565732479,0.9727307558059692,0.9544084943620048,0.8842321634292603,0.651773013233108,0.8841686248779297,0.0509511232376098,0.9288175106048584,0.8755355535553555,0.6,0.7,0.73,mlp_shuffle_1003
SNAI1_DLX2,unseen_combo_fold4,8,0.0028208452276885,0.0531116314232349,0.9707431793212892,0.9347978410925128,0.8888087868690491,0.6493933526147345,0.8876699805259705,0.0245482511818408,0.9506582021713256,0.9387098709870988,0.85,0.78,0.75,mlp_shuffle_1003
SNAI1_UBASH3B,unseen_combo_fold4,8,0.0010928848059847,0.0330588072538375,0.9891528487205504,0.9482169105234312,0.836364209651947,0.6480803572471774,0.8363515138626099,0.0083422875031828,0.917816162109375,0.8589018901890189,0.7,0.68,0.68,mlp_shuffle_1003
TBX3_TBX2,unseen_combo_fold0,8,0.0013070821296423,0.0361535921692848,0.9889659881591796,0.961842309118771,0.9383759498596193,0.6957518314674094,0.9372739791870116,0.0152727803215384,0.978187620639801,0.8967416741674168,0.8,0.74,0.73,mlp_shuffle_1003
TGFBR2_C19orf26,unseen_combo_fold3,8,0.001717003295198,0.0414367392659187,0.9856157898902892,0.9624818110003924,0.8597294092178345,0.5586207945482801,0.8601207137107849,0.0218925662338733,0.9192959666252136,0.8866606660666067,0.6,0.6,0.63,mlp_shuffle_1003
TGFBR2_ETS2,unseen_combo_fold4,8,0.0012583973584696,0.0354738980531692,0.9890732169151306,0.9570782511465906,0.7164607644081116,0.4483334872874749,0.7207835912704468,0.0123106129467487,0.7996259331703186,0.8182778277827782,0.75,0.66,0.66,mlp_shuffle_1003
TGFBR2_IGDCC3,unseen_combo_fold3,8,0.0006053402321413,0.0246036630123853,0.9949115514755248,0.965003640051497,0.9443386197090148,0.6762694550618852,0.9443324208259584,0.0037429162766784,0.978750467300415,0.939009900990099,0.85,0.76,0.7,mlp_shuffle_1003
TGFBR2_PRTG,unseen_combo_fold2,8,0.0006242586532607,0.0249851681292057,0.9946765303611756,0.9680148618535392,0.9563733339309692,0.7233124478410426,0.956575334072113,0.0046596699394285,0.9846513271331788,0.9399699969997,0.75,0.84,0.77,mlp_shuffle_1003
TMSB4X_BAK1,unseen_combo_fold4,8,0.0010626213625073,0.0325978733599185,0.991719663143158,0.9476018016740608,0.8569924235343933,0.198208244191518,0.8568024635314941,0.0153375659137964,0.943189799785614,0.7837623762376238,0.55,0.48,0.47,mlp_shuffle_1003
UBASH3B_CNN1,unseen_combo_fold2,8,0.001384807866998,0.0372130051255226,0.9906373620033264,0.9589112951434886,0.9815481901168824,0.7878299917198226,0.981474220752716,0.0199591238051652,0.9927679896354676,0.9557515751575156,0.9,0.9,0.89,mlp_shuffle_1003
UBASH3B_OSR2,unseen_combo_fold2,8,0.0012647496769204,0.0355633199214935,0.9886680841445924,0.9643706439577616,0.6420798897743225,0.4857583369927516,0.6569517850875854,0.0089989742264151,0.7560138702392578,0.722052205220522,0.55,0.5,0.45,mlp_shuffle_1003
UBASH3B_PTPN12,unseen_combo_fold1,8,0.0008281687041744,0.0287779197096824,0.993739664554596,0.958514858394269,0.9726434350013732,0.7402625942040996,0.972454845905304,0.0084686605259776,0.9933948516845704,0.9544554455445544,0.85,0.82,0.87,mlp_shuffle_1003
UBASH3B_PTPN9,unseen_combo_fold4,8,0.0011377698974683,0.0337308458983898,0.9904370307922364,0.9564709312862756,0.963779866695404,0.7379776116559583,0.9636287689208984,0.0145341670140624,0.9866925477981568,0.9482268226822682,0.7,0.78,0.83,mlp_shuffle_1003
UBASH3B_UBASH3A,unseen_combo_fold1,8,0.0012465099571272,0.0353059470653533,0.988823175430298,0.9599215992075892,0.91063791513443,0.657572690340266,0.9106090664863586,0.012032700702548,0.9541166424751282,0.911959195919592,0.7,0.72,0.69,mlp_shuffle_1003
UBASH3B_ZBTB25,unseen_combo_fold4,8,0.0009885972831398,0.03144196793437,0.9918091893196106,0.955756086845854,0.9588413238525392,0.6838635470895524,0.95881849527359,0.0110853342339396,0.98293536901474,0.9325292529252924,0.85,0.74,0.76,mlp_shuffle_1003
ZBTB10_DLX2,unseen_combo_fold3,8,0.0111171109601855,0.1054377108812332,0.9014192819595336,0.916964145260963,0.8344526290893555,0.671867614149333,0.8354577422142029,0.1438668668270111,0.8903244137763977,0.9053585358535854,0.6,0.62,0.69,mlp_shuffle_1003
ZBTB10_ELMSAN1,unseen_combo_fold2,8,0.0017232542159035,0.0415120981633663,0.9853905439376832,0.9559726304060964,0.9236458539962769,0.7847859256812683,0.9254321455955504,0.0141788283362984,0.9730018973350524,0.9338013801380138,0.75,0.7,0.74,mlp_shuffle_1003
ZBTB10_PTPN12,unseen_combo_fold0,8,0.0017796013271436,0.0421853214502334,0.9845549464225768,0.954395318379348,0.8841787576675415,0.7615803489784092,0.8857916593551636,0.0096720112487673,0.9552389979362488,0.9043264326432644,0.5,0.68,0.71,mlp_shuffle_1003
ZBTB10_SNAI1,unseen_combo_fold2,8,0.004634044598788,0.0680738165974617,0.9611222743988036,0.9476500169554672,0.9143835306167604,0.7769623652413927,0.9162777662277222,0.0482700504362583,0.970927357673645,0.930945094509451,0.75,0.72,0.75,mlp_shuffle_1003
ZC3HAV1_CEBPA,unseen_combo_fold1,8,0.0058423369191586,0.0764351785182952,0.9587717056274414,0.9491390838394772,0.9268421530723572,0.7421413843792026,0.929505467414856,0.0760543942451477,0.9580538868904114,0.9284488448844884,0.8,0.76,0.82,mlp_shuffle_1003
ZC3HAV1_CEBPE,unseen_combo_fold3,8,0.0010386150097474,0.032227549701929,0.991091012954712,0.960916096701706,0.8137003779411316,0.5284665714911768,0.8138071894645691,0.0080853179097175,0.907052993774414,0.8650825082508251,0.7,0.7,0.66,mlp_shuffle_1003
ZC3HAV1_HOXC13,unseen_combo_fold3,8,0.0025427471846342,0.0504256598651409,0.9784639477729796,0.9564308578235616,0.6131348013877869,0.4127096082361831,0.6093700528144836,0.0356362946331501,0.7102577686309814,0.7793939393939394,0.45,0.52,0.5,mlp_shuffle_1003
ZNF318_FOXL2,unseen_combo_fold3,8,0.0016744571039453,0.0409201309084892,0.984552800655365,0.9587899442729284,0.8478884696960449,0.6199690128779233,0.8478019833564758,0.0201852656900882,0.9487205147743224,0.8951935193519351,0.65,0.58,0.68,mlp_shuffle_1003
AHR_FEV,unseen_combo_fold0,8,0.0041252090595662,0.0681428983807563,0.9735129475593568,0.9708171959346856,0.9229780236879984,0.8107568758889323,0.9284808039665222,0.0627786964178085,0.9547311663627625,0.8581938193819382,0.65,0.72,0.6966666666666667,ridge_shuffle_mean
AHR_KLF1,unseen_combo_fold2,8,0.0016590835293754335,0.0411026626825332,0.988074004650116,0.9605605642965152,0.8925020694732666,0.5024732019435793,0.8940596580505371,0.0106880059465765,0.9461658000946044,0.8688988898889889,0.7666666666666666,0.68,0.6333333333333333,ridge_shuffle_mean
BCL2L11_BAK1,unseen_combo_fold0,8,0.0005647779131928333,0.023774866014719,0.9951484203338624,0.972449867497629,0.38367533683776855,0.1266889972396667,0.3546790480613708,0.0057472442276775,0.5221102237701416,0.5465706570657066,0.3666666666666667,0.22,0.2833333333333333,ridge_shuffle_mean
BCL2L11_TGFBR2,unseen_combo_fold0,8,0.0005134981571851333,0.0226244330406188,0.9957714080810548,0.979992221326182,0.7695936560630798,0.2959075601295301,0.7668936252593994,0.0055741197429597,0.9210236668586732,0.8137773777377738,0.7166666666666667,0.44,0.43,ridge_shuffle_mean
BPGM_SAMD1,unseen_combo_fold0,8,0.0013257907315467332,0.0352634079754352,0.9905807971954346,0.975844857386993,0.951768696308136,0.7449071673556349,0.9580898284912108,0.015316798351705,0.988353431224823,0.9157035703570358,0.8833333333333333,0.76,0.7600000000000001,ridge_shuffle_mean
BPGM_ZBTB1,unseen_combo_fold1,8,0.0010051511344499333,0.0275227036327123,0.9945327043533324,0.9541107792872564,0.9697834451993307,0.6913832836529089,0.9632263779640198,0.0037338198162615,0.989670991897583,0.9454905490549056,0.9499999999999998,0.76,0.8133333333333334,ridge_shuffle_mean
C3orf72_FOXL2,unseen_combo_fold4,8,0.005506935684631234,0.0768094807863235,0.9494953751564026,0.9205442147865468,0.7869752049446106,0.5871304069963955,0.7942942380905151,0.0342177748680114,0.9157435297966005,0.8951695169516952,0.48333333333333334,0.6,0.5733333333333334,ridge_shuffle_mean
CBL_CNN1,unseen_combo_fold1,8,0.0025546819282074,0.0421000570058822,0.9876399636268616,0.957114028213186,0.965303639570872,0.7648322245860003,0.9648297429084778,0.0216873958706855,0.9823204278945924,0.9354335433543356,0.8000000000000002,0.86,0.7766666666666667,ridge_shuffle_mean
CBL_PTPN12,unseen_combo_fold1,8,0.0009686220437287665,0.0287666656076908,0.9938278794288636,0.9476698609774932,0.9623776276906332,0.7063987026904798,0.9634471535682678,0.0058280830271542,0.9868128299713136,0.9311371137113712,0.7333333333333334,0.76,0.7733333333333334,ridge_shuffle_mean
CBL_PTPN9,unseen_combo_fold3,8,0.0006420546366522,0.0261827912181615,0.9947966933250428,0.969126071303828,0.9645983775456747,0.7070606463503942,0.9645070433616638,0.0035053864121437,0.9914856553077698,0.9316531653165316,0.8333333333333334,0.8,0.8066666666666666,ridge_shuffle_mean
CBL_TGFBR2,unseen_combo_fold2,8,0.0007588046331268333,0.0274053085595369,0.9935916662216188,0.9645839818110497,0.9335220058759054,0.6025697825244792,0.9361216425895692,0.0038565990980714,0.9815945029258728,0.9113351335133514,0.5,0.7,0.7266666666666666,ridge_shuffle_mean
CBL_UBASH3A,unseen_combo_fold4,8,0.0025398755290855666,0.0492876730859279,0.9808036684989928,0.9373448271524564,0.8677013317743937,0.5188364337644685,0.8711140155792236,0.0153714045882225,0.9500482678413392,0.8982898289828983,0.65,0.64,0.5866666666666666,ridge_shuffle_mean
CBL_UBASH3B,unseen_combo_fold4,8,0.0025451368807504334,0.0451435521245002,0.9846709370613098,0.9536742476048502,0.9484338760375977,0.7531343718027536,0.9630974531173706,0.0276157949119806,0.9826000332832336,0.9247284728472848,0.75,0.74,0.7366666666666667,ridge_shuffle_mean
CDKN1B_CDKN1A,unseen_combo_fold0,8,0.0012498289579525332,0.0381182394921779,0.986686110496521,0.9672603971477064,0.9456887443860372,0.6951550780288938,0.9512310028076172,0.0151732908561825,0.9891099333763124,0.9436783678367836,0.8666666666666667,0.88,0.82,ridge_shuffle_mean
CDKN1C_CDKN1A,unseen_combo_fold4,8,0.0015111813554539667,0.042063869535923,0.9846768975257874,0.9546410354960524,0.938707689444224,0.6438426976207693,0.9390047788619996,0.0120330546051263,0.9830382466316224,0.9368136813681368,0.8666666666666667,0.76,0.7833333333333333,ridge_shuffle_mean
CDKN1C_CDKN1B,unseen_combo_fold3,8,0.0014154486513385668,0.0378153175115585,0.9871007204055786,0.9587825391572332,0.9073460300763448,0.6067967909960684,0.9116133451461792,0.0061320937238633,0.975296437740326,0.9332133213321332,0.75,0.78,0.7233333333333333,ridge_shuffle_mean
CEBPB_CEBPA,unseen_combo_fold3,8,0.0063739536950985,0.0812147036194801,0.9612827301025392,0.9379373832707304,0.9388216733932495,0.7844490581916194,0.9420151710510254,0.0419171676039695,0.979142725467682,0.9461986198619862,0.9,0.84,0.8066666666666666,ridge_shuffle_mean
CEBPB_MAPK1,unseen_combo_fold2,8,0.0013669293839484,0.0383284278213977,0.9880412817001344,0.9614655695944064,0.9501723051071167,0.816902138211404,0.9485164284706116,0.0100151309743523,0.976433038711548,0.9732973297329732,0.8000000000000002,0.82,0.79,ridge_shuffle_mean
CEBPB_OSR2,unseen_combo_fold1,8,0.0022932478847602668,0.047003973275423,0.9827202558517456,0.9638463660819266,0.9336158235867819,0.8288064914769004,0.9343470335006714,0.0175739862024784,0.9557484984397888,0.9283528352835284,0.75,0.8,0.7433333333333333,ridge_shuffle_mean
CEBPB_PTPN12,unseen_combo_fold4,8,0.0023037310068805337,0.0498559735715389,0.9786104559898376,0.9551702792695144,0.8206971287727356,0.6573186772742025,0.8195662498474121,0.0169820412993431,0.9067102074623108,0.8505370537053706,0.46666666666666673,0.6,0.6733333333333333,ridge_shuffle_mean
CEBPE_CEBPA,unseen_combo_fold0,8,0.0037028216756880006,0.0457157529890537,0.98602956533432,0.9678875722103352,0.9651528596878052,0.8687624131602999,0.9703476428985596,0.01643050275743,0.9787687659263612,0.95984398439844,0.8833333333333333,0.84,0.83,ridge_shuffle_mean
CEBPE_CEBPB,unseen_combo_fold1,8,0.0051731268564859335,0.0646600127220153,0.9669289588928224,0.9530377768538792,0.9091653227806091,0.7900119821424949,0.9140971899032592,0.038033403456211,0.9476978778839112,0.9027182718271828,0.7666666666666666,0.72,0.7833333333333333,ridge_shuffle_mean
CEBPE_CNN1,unseen_combo_fold4,8,0.002827550439784867,0.0538070909678936,0.9744434356689452,0.9673815858776016,0.8249892592430115,0.6513078281909542,0.8212062120437622,0.0254393648356199,0.8893029093742371,0.8301110111011101,0.5833333333333334,0.62,0.6966666666666667,ridge_shuffle_mean
CEBPE_KLF1,unseen_combo_fold3,8,0.0028521052251258665,0.052889384329319,0.9788564443588256,0.9619220663249358,0.7788802186648051,0.5708930181519445,0.7981305718421936,0.0213833339512348,0.865676999092102,0.8772757275727573,0.5166666666666667,0.58,0.6333333333333333,ridge_shuffle_mean
CEBPE_PTPN12,unseen_combo_fold0,8,0.0012504904298111335,0.0338102020323276,0.9901297092437744,0.9717260616539912,0.8817024230957031,0.6850999113356747,0.8800047039985657,0.0067682238295674,0.9487571716308594,0.9357335733573358,0.6166666666666667,0.72,0.68,ridge_shuffle_mean
CEBPE_RUNX1T1,unseen_combo_fold0,8,0.0005735643305039333,0.0222795773297548,0.9956236481666564,0.98628422342268,0.9576103091239929,0.8496901875898454,0.9574072360992432,0.0039783529937267,0.9760838747024536,0.9228082808280827,0.8000000000000002,0.84,0.8233333333333334,ridge_shuffle_mean
CEBPE_SPI1,unseen_combo_fold1,8,0.0106294595946868,0.0946520715951919,0.9367199540138244,0.9478840546826416,0.9146126906077067,0.8102436331904291,0.9133716821670532,0.1145713925361633,0.9354789853096008,0.8802520252025202,0.7000000000000001,0.68,0.7133333333333333,ridge_shuffle_mean
CNN1_MAPK1,unseen_combo_fold1,8,0.0008787031595905334,0.0351197980344295,0.9893669486045836,0.969340916139216,0.8937418063481649,0.6451139157500224,0.8571472764015198,0.0074146087281405,0.9439072012901306,0.9068226822682268,0.8000000000000002,0.68,0.81,ridge_shuffle_mean
CNN1_UBASH3A,unseen_combo_fold1,8,0.004518749425187633,0.0549073331058025,0.976938784122467,0.955542389325765,0.9410611987113953,0.6961725703932222,0.9455773234367372,0.0403855331242084,0.9711381196975708,0.9043504350435044,0.8166666666666668,0.72,0.7233333333333333,ridge_shuffle_mean
DUSP9_ETS2,unseen_combo_fold2,8,0.0016117934913684334,0.0400781668722629,0.9873327612876892,0.9755168767758124,0.8597942590713501,0.671070762667463,0.8647652268409729,0.0159585308283567,0.9148996472358704,0.8913771377137714,0.6666666666666666,0.76,0.7366666666666667,ridge_shuffle_mean
DUSP9_IGDCC3,unseen_combo_fold3,8,0.0008792626710297666,0.0291570667177438,0.994116187095642,0.9611199537737314,0.9709007143974304,0.8114002512747054,0.972025454044342,0.0056724334135651,0.9885369539260864,0.9675487548754876,0.7999999999999999,0.86,0.8066666666666666,ridge_shuffle_mean
DUSP9_KLF1,unseen_combo_fold3,8,0.0019727344624697334,0.0411189757287502,0.9895168542861938,0.9634752048583446,0.9549794793128967,0.7249670715436578,0.9557979702949524,0.0219056699424982,0.9673894047737122,0.931821182118212,0.7333333333333334,0.8,0.8133333333333334,ridge_shuffle_mean
DUSP9_MAPK1,unseen_combo_fold3,8,0.0016327471239491666,0.0414200946688652,0.9865208268165588,0.9658696617464464,0.8320241371790568,0.5651317865899298,0.8509135842323303,0.0088421562686562,0.9467681646347046,0.884008400840084,0.65,0.64,0.6233333333333334,ridge_shuffle_mean
DUSP9_PRTG,unseen_combo_fold0,8,0.0012642320555945,0.0366791859269142,0.9906011819839478,0.9701036969387568,0.9630510608355204,0.7986723764130914,0.9658861756324768,0.0125218937173485,0.9864336252212524,0.9574557455745576,0.6333333333333333,0.88,0.8066666666666666,ridge_shuffle_mean
DUSP9_SNAI1,unseen_combo_fold3,8,0.0056639208147923,0.075593464076519,0.9530422687530518,0.9576728573211216,0.8308175404866537,0.746661811663341,0.8231778144836426,0.0453439392149448,0.9354974627494812,0.8971497149714972,0.5833333333333334,0.64,0.6533333333333333,ridge_shuffle_mean
ETS2_CEBPE,unseen_combo_fold4,8,0.0012437547169004335,0.0350331887602806,0.9901228547096252,0.975630020416228,0.9556881785392761,0.8187254910522557,0.9557307362556458,0.0122304512187838,0.9763066172599792,0.941062106210621,0.8833333333333333,0.84,0.8000000000000002,ridge_shuffle_mean
ETS2_CNN1,unseen_combo_fold4,8,0.0018301897604638667,0.0439855754375457,0.9838149547576904,0.973134662143476,0.8706656495730082,0.6729857193658899,0.8772498965263367,0.0203519705682992,0.9271091222763062,0.9171197119711972,0.7166666666666667,0.66,0.6933333333333334,ridge_shuffle_mean
ETS2_IGDCC3,unseen_combo_fold0,8,0.0009560329684366333,0.0291112847626209,0.9928792715072632,0.9782736145574732,0.8646106123924255,0.6844207051248848,0.8794053196907043,0.0045684720389544,0.9655745625495912,0.918079807980798,0.65,0.66,0.6766666666666667,ridge_shuffle_mean
ETS2_IKZF3,unseen_combo_fold1,8,0.0011315931721279334,0.0306109823286533,0.9949821829795836,0.9776471938341476,0.9728565017382304,0.8718116917333978,0.9801153540611268,0.0110749937593936,0.990882396697998,0.97020102010201,0.7666666666666666,0.86,0.83,ridge_shuffle_mean
ETS2_MAP7D1,unseen_combo_fold2,8,0.0019992222466195335,0.0399418249726295,0.9862781763076782,0.9664745323858108,0.8735775550206503,0.6329875297618296,0.9053878784179688,0.0189637467265129,0.9510837197303772,0.9422382238223822,0.6333333333333333,0.8,0.7233333333333333,ridge_shuffle_mean
ETS2_MAPK1,unseen_combo_fold2,8,0.003509113021815767,0.0564615428447723,0.97654128074646,0.95045479163609,0.8994024197260538,0.7089869445492392,0.902522623538971,0.035521987825632,0.934607982635498,0.9287968796879688,0.7833333333333333,0.84,0.65,ridge_shuffle_mean
ETS2_PRTG,unseen_combo_fold4,8,0.0008401263233584333,0.0305627696216106,0.9922814965248108,0.974535890655846,0.9068212707837423,0.7150307182712389,0.901680588722229,0.0038260207511484,0.971582531929016,0.9267566756675668,0.65,0.72,0.6999999999999998,ridge_shuffle_mean
FEV_CBFA2T3,unseen_combo_fold2,8,0.0058017002108196,0.0658516436815261,0.9722877144813538,0.9587475966429312,0.9063693284988403,0.775410051969464,0.9217588305473328,0.0514313168823719,0.9389342665672302,0.9010621062106212,0.6666666666666666,0.74,0.7633333333333333,ridge_shuffle_mean
FEV_ISL2,unseen_combo_fold3,8,0.002807755954563567,0.0382955633103847,0.9904500246047974,0.9669659155256288,0.9412837425867716,0.7854503299055847,0.9583498239517212,0.0126148462295532,0.9812945127487184,0.96001200120012,0.7333333333333334,0.86,0.8099999999999999,ridge_shuffle_mean
FEV_MAP7D1,unseen_combo_fold3,8,0.0017394464230164667,0.0397314168512821,0.9892434477806092,0.9676119456263412,0.92964768409729,0.7543420309188451,0.9315019249916076,0.011697837151587,0.9615647196769714,0.9205160516051604,0.7833333333333333,0.8,0.7966666666666667,ridge_shuffle_mean
FOSB_CEBPB,unseen_combo_fold1,8,0.005577302848299266,0.0694248899817466,0.961860418319702,0.943305388797348,0.8916806976000468,0.7367677284291143,0.8986511826515198,0.0497451908886432,0.9351213574409484,0.8881728172817281,0.7333333333333334,0.68,0.7633333333333333,ridge_shuffle_mean
FOSB_CEBPE,unseen_combo_fold1,8,0.005330102673421234,0.0696880742907524,0.9638713598251344,0.9603779289431912,0.9118444720904032,0.7853749728553499,0.9087209701538086,0.05094925314188,0.9515894651412964,0.9147194719471948,0.8166666666666668,0.72,0.7433333333333333,ridge_shuffle_mean
FOSB_IKZF3,unseen_combo_fold4,8,0.004030145859966633,0.0551594644784927,0.9808330535888672,0.9557338809435786,0.9192650318145752,0.7648424781443692,0.935737371444702,0.0272224806249141,0.9634287357330322,0.9075787578757876,0.65,0.7,0.7166666666666667,ridge_shuffle_mean
FOSB_OSR2,unseen_combo_fold3,8,0.0037732889565328005,0.0480077117681503,0.98330819606781,0.9709937760637602,0.8834086259206136,0.7998734812972256,0.9273471832275392,0.0258508250117301,0.9492521286010742,0.918163816381638,0.75,0.78,0.7466666666666667,ridge_shuffle_mean
FOSB_PTPN12,unseen_combo_fold4,8,0.001996704765285,0.0494313165545463,0.9796385169029236,0.9454504661639392,0.720308522383372,0.4962075237708087,0.7098106145858765,0.0108690075576305,0.8858324885368347,0.866078607860786,0.46666666666666673,0.5,0.5,ridge_shuffle_mean
FOSB_UBASH3B,unseen_combo_fold1,8,0.0013055903643059,0.0343262143433094,0.9893828630447388,0.9724799403709368,0.7564374407132467,0.5590746882879147,0.7927272915840149,0.0083082728087902,0.8897126317024231,0.8698829882988299,0.6,0.54,0.6533333333333333,ridge_shuffle_mean
FOXA1_FOXF1,unseen_combo_fold0,8,0.0012463489353346001,0.0253216251730918,0.994157075881958,0.9789799754880104,0.905990203221639,0.8077723326450968,0.9540767073631288,0.0043604495003819,0.9865673184394836,0.9583558355835584,0.6333333333333333,0.86,0.7733333333333334,ridge_shuffle_mean
FOXA1_FOXL2,unseen_combo_fold2,8,0.0009473029640502999,0.0287555679678916,0.992372989654541,0.9708210698269816,0.9395872950553894,0.8017632992521754,0.9507812857627868,0.0034892093390226,0.9850059747695924,0.9522112211221122,0.6833333333333332,0.84,0.7666666666666666,ridge_shuffle_mean
FOXA1_HOXB9,unseen_combo_fold4,8,0.0012489499446625002,0.0290769394487142,0.9927826523780824,0.973748459744636,0.9348296721776327,0.8352441637234962,0.957854986190796,0.0054272469133138,0.9812117218971252,0.956087608760876,0.6333333333333333,0.8,0.7833333333333332,ridge_shuffle_mean
FOXA3_FOXA1,unseen_combo_fold4,8,0.0016074107261374,0.034405555576086,0.9895470142364502,0.9672385073886212,0.9123748739560446,0.8083204888632325,0.939858376979828,0.0065995184704661,0.973667323589325,0.9304890489048904,0.6166666666666667,0.74,0.71,ridge_shuffle_mean
FOXA3_FOXF1,unseen_combo_fold2,8,0.0014333750586956,0.0336585119366645,0.989029049873352,0.9681985973577898,0.9069506923357645,0.764951955762194,0.9216118454933168,0.0041110087186098,0.9761781692504884,0.9364176417641764,0.75,0.76,0.7433333333333333,ridge_shuffle_mean
FOXA3_FOXL2,unseen_combo_fold0,8,0.0029822000457594665,0.0584390275180339,0.9717743396759032,0.9630525757601576,0.9291717012723287,0.8158480618799875,0.9307947754859924,0.0334954783320426,0.971628963947296,0.916999699969997,0.7833333333333333,0.74,0.75,ridge_shuffle_mean
FOXA3_HOXB9,unseen_combo_fold3,8,0.0014487276008973,0.029687812551856,0.9926791191101074,0.9749063772819776,0.9505487084388733,0.8740235215662117,0.9663744568824768,0.005652645137161,0.9880794882774352,0.9377737773777378,0.7166666666666667,0.8,0.8866666666666667,ridge_shuffle_mean
FOXF1_FOXL2,unseen_combo_fold4,8,0.0016927777323871333,0.0365479886531829,0.9884993433952332,0.9651885902038756,0.9315169056256613,0.8116214419972254,0.9473187327384948,0.0098545337095856,0.977344810962677,0.9400900090009,0.7000000000000001,0.78,0.8099999999999999,ridge_shuffle_mean
FOXF1_HOXB9,unseen_combo_fold1,8,0.0010449277663913334,0.0301958620548248,0.9917508363723756,0.9690958469201376,0.9291167457898458,0.781234453182173,0.9400464296340942,0.0042782621458172,0.9785569310188292,0.943030303030303,0.7000000000000001,0.78,0.75,ridge_shuffle_mean
FOXL2_HOXB9,unseen_combo_fold3,8,0.0035889348170409334,0.0434712618589401,0.9842669367790222,0.9611366630845916,0.8815886775652567,0.7679989389013389,0.9251572489738464,0.0097957588732242,0.974004864692688,0.9191839183918392,0.5333333333333333,0.74,0.7300000000000001,ridge_shuffle_mean
FOXL2_MEIS1,unseen_combo_fold3,8,0.0012800731540967333,0.0325345583260059,0.9908758401870728,0.9683159782232276,0.910394291083018,0.7292792444489732,0.9216965436935424,0.007422549650073,0.9699341654777528,0.9057905790579058,0.7333333333333334,0.74,0.7966666666666667,ridge_shuffle_mean
IGDCC3_MAPK1,unseen_combo_fold3,8,0.0015221211748817998,0.0350712798535823,0.9894388318061828,0.966394633429186,0.8436033924420675,0.6633513442776546,0.8756027817726135,0.0092888204380869,0.9272165894508362,0.8793639363936394,0.5833333333333334,0.72,0.6766666666666666,ridge_shuffle_mean
IGDCC3_PRTG,unseen_combo_fold2,8,0.0023171852420394,0.05368098244071,0.9780972599983216,0.9390710875762062,0.9205692013104757,0.6676625221417556,0.9166167974472046,0.0262824017554521,0.9667508006095886,0.928028802880288,0.55,0.72,0.6999999999999998,ridge_shuffle_mean
IGDCC3_ZBTB25,unseen_combo_fold4,8,0.002507224058111467,0.0450405068695545,0.9830438494682312,0.9477987492810288,0.9336955746014913,0.6714851699066566,0.9349756836891174,0.0180529206991195,0.9817623496055604,0.921908190819082,0.7999999999999999,0.72,0.7566666666666667,ridge_shuffle_mean
IRF1_SET,unseen_combo_fold0,8,0.0032166576323409,0.0650806576013565,0.9650822281837464,0.9697155583989054,0.9071802695592245,0.8031856739619561,0.9151344895362854,0.0634718164801597,0.9423974752426147,0.8910651065106511,0.7333333333333334,0.72,0.69,ridge_shuffle_mean
JUN_CEBPA,unseen_combo_fold1,8,0.0065218927338718995,0.0816759839653968,0.9596543312072754,0.9286122531114592,0.9276655316352844,0.7597547358104468,0.9245253205299376,0.0539705976843833,0.9527324438095092,0.906054605460546,0.6833333333333332,0.7,0.8099999999999999,ridge_shuffle_mean
JUN_CEBPB,unseen_combo_fold3,8,0.004439114282528501,0.0654413178563118,0.9669445753097534,0.9351001139926184,0.8850502173105875,0.6880232090479825,0.8914900422096252,0.0261278841644525,0.9578794240951538,0.916999699969997,0.6666666666666666,0.74,0.6933333333333334,ridge_shuffle_mean
KIF18B_KIF2C,unseen_combo_fold0,8,0.0014314336003735,0.0354534983634948,0.98893940448761,0.9573088168098142,0.5250177184740702,0.2849200005539483,0.597930908203125,0.010195585899055,0.8165943622589111,0.7986198619861986,0.36666666666666664,0.5,0.41333333333333333,ridge_shuffle_mean
KLF1_BAK1,unseen_combo_fold2,8,0.000504588271724,0.0212661102414131,0.9966739416122437,0.9605649111773984,0.9560037652651469,0.5938337714559541,0.9575156569480896,0.0034760651178658,0.9874387383461,0.9615961596159616,0.85,0.82,0.7366666666666667,ridge_shuffle_mean
KLF1_CEBPA,unseen_combo_fold0,8,0.0036458310205489,0.0672743394970893,0.9667580127716064,0.9722875951876055,0.9226363698641459,0.814139260111619,0.9082952737808228,0.046786580234766,0.939441442489624,0.9313891389138914,0.8666666666666667,0.74,0.7233333333333333,ridge_shuffle_mean
KLF1_CLDN6,unseen_combo_fold2,8,0.002283917623572,0.0437119491398334,0.9865711331367492,0.952210235661304,0.9279993375142416,0.6424714010943571,0.9287216067314148,0.0194788854569196,0.956617832183838,0.937041704170417,0.8333333333333334,0.74,0.7233333333333333,ridge_shuffle_mean
KLF1_COL2A1,unseen_combo_fold1,8,0.0033885212615132,0.0470520555973053,0.982635259628296,0.957791181144378,0.792013943195343,0.6701130990767846,0.8706114292144775,0.0204581208527088,0.9206973910331726,0.8812721272127213,0.6333333333333333,0.7,0.5833333333333334,ridge_shuffle_mean
KLF1_FOXA1,unseen_combo_fold1,8,0.0014801227565233333,0.037729188799858,0.9890962839126588,0.966593702474101,0.8757090171178182,0.6692790126400758,0.8830978870391846,0.0151868378743529,0.9040032625198364,0.8889048904890489,0.7166666666666667,0.78,0.7266666666666667,ridge_shuffle_mean
KLF1_MAP2K6,unseen_combo_fold4,8,0.0011327526687333334,0.0303881969302892,0.9934350252151488,0.9285431571997762,0.8824870586395264,0.5503705639773614,0.9047154784202576,0.006061912048608,0.964256763458252,0.9118391839183918,0.7999999999999999,0.64,0.6133333333333333,ridge_shuffle_mean
KLF1_TGFBR2,unseen_combo_fold1,8,0.0006049019672597,0.0218520164489746,0.9966909885406494,0.965701378041348,0.9595361550649008,0.5920113296722309,0.9658606052398682,0.0036348637659102,0.9885419011116028,0.9618001800180018,0.7833333333333333,0.9,0.7433333333333333,ridge_shuffle_mean
LHX1_ELMSAN1,unseen_combo_fold2,8,0.0015166947462905665,0.03357445448637,0.9904797077178956,0.9680059324711098,0.8762859106063843,0.5602011274515571,0.8992025852203369,0.0105870207771658,0.9490057826042176,0.9154395439543954,0.7166666666666668,0.72,0.66,ridge_shuffle_mean
LYL1_CEBPB,unseen_combo_fold4,8,0.002453776231656433,0.0512360148131847,0.9773262143135072,0.95658282545227,0.8254206577936808,0.6760445760074595,0.830864429473877,0.018939234316349,0.9006096124649048,0.8961056105610561,0.6333333333333333,0.56,0.6066666666666666,ridge_shuffle_mean
LYL1_IER5L,unseen_combo_fold2,8,0.0022505979674557336,0.0454746931791305,0.9827407002449036,0.9482703306910288,0.8681806723276774,0.5816058833777833,0.8531532287597656,0.0167133752256631,0.92863929271698,0.8852925292529253,0.6999999999999998,0.58,0.62,ridge_shuffle_mean
MAP2K3_ELMSAN1,unseen_combo_fold1,8,0.0012116352639471,0.0271552205085754,0.9943627119064332,0.9542791452087112,0.8606753547986349,0.6686311545302275,0.8998729586601257,0.0053510828875005,0.9670614004135132,0.918043804380438,0.5499999999999999,0.72,0.6999999999999998,ridge_shuffle_mean
MAP2K3_IKZF3,unseen_combo_fold0,8,0.0041744819221396666,0.0493679083883762,0.984882652759552,0.973645826246742,0.8704976836840311,0.7322525414570884,0.956862211227417,0.039249263703823,0.9706847667694092,0.934965496549655,0.6833333333333332,0.72,0.6766666666666667,ridge_shuffle_mean
MAP2K3_MAP2K6,unseen_combo_fold1,8,0.0006284663589515667,0.0314516685903072,0.9925113320350648,0.9481130815148608,0.8332049051920573,0.5869278479536799,0.8228479027748108,0.0063413954339921,0.9193243384361268,0.8918811881188119,0.5166666666666667,0.68,0.7200000000000001,ridge_shuffle_mean
MAP2K3_SLC38A2,unseen_combo_fold1,8,0.0007073558711756667,0.0279381871223449,0.9937408566474916,0.9473382618345798,0.7763341267903646,0.5007891588992032,0.8055659532546997,0.0032724663615226,0.9315459728240968,0.8803840384038404,0.5666666666666668,0.68,0.6966666666666667,ridge_shuffle_mean
MAP2K6_ELMSAN1,unseen_combo_fold2,8,0.00041246982679386666,0.0195214450359344,0.9969335198402404,0.9645071495305207,0.9057508905728658,0.6474152696790625,0.9195823073387146,0.0019793401006609,0.9700934886932372,0.9171437143714372,0.7000000000000001,0.74,0.75,ridge_shuffle_mean
MAP2K6_IKZF3,unseen_combo_fold2,8,0.0010831974601993334,0.0286376997828483,0.9945303201675416,0.9627419168240178,0.9654811422030131,0.7449789919458818,0.9734051823616028,0.0063533093780279,0.9879246354103088,0.9453345334533452,0.85,0.78,0.7699999999999999,ridge_shuffle_mean
MAP2K6_SPI1,unseen_combo_fold2,8,0.0044225562208641996,0.0690086409449577,0.9566158652305604,0.9473112617736228,0.7481452624003092,0.5801285088501206,0.7682209610939026,0.0349510870873928,0.8759348392486572,0.8641104110411041,0.5333333333333333,0.56,0.57,ridge_shuffle_mean
MAPK1_IKZF3,unseen_combo_fold2,8,0.0013180912161866332,0.0309417638927698,0.9931946992874146,0.96565110702222,0.9476607839266459,0.799039472221275,0.9594760537147522,0.00648795068264,0.9807310104370116,0.9576717671767176,0.85,0.84,0.79,ridge_shuffle_mean
MAPK1_PRTG,unseen_combo_fold1,8,0.0019740421169747334,0.0354343503713607,0.9895046949386596,0.9703280810453394,0.8095616499582926,0.6966672580231459,0.8723554015159607,0.010796669870615,0.9086652994155884,0.878019801980198,0.6,0.64,0.6233333333333334,ridge_shuffle_mean
MAPK1_TGFBR2,unseen_combo_fold3,8,0.0007614237062322,0.0269903801381587,0.9939997792243958,0.9707802415257948,0.9422613779703776,0.6951305280755955,0.9459542632102966,0.0060713510029017,0.9796963930130004,0.9645484548454846,0.9500000000000001,0.9,0.7633333333333333,ridge_shuffle_mean
PLK4_STIL,unseen_combo_fold1,8,0.0036251662143816,0.0603368692100048,0.9669045805931092,0.9317096969448676,0.6401836474736532,0.3758090413598682,0.599353015422821,0.0329696722328662,0.8478712439537048,0.8383318331833184,0.4166666666666667,0.38,0.43333333333333335,ridge_shuffle_mean
POU3F2_CBFA2T3,unseen_combo_fold0,8,0.001540639786981,0.0403187945485115,0.9857529401779176,0.9731475091711984,0.8708012104034424,0.7400024697040473,0.8952213525772095,0.0156495906412601,0.9573861956596376,0.9025382538253826,0.6833333333333332,0.7,0.6566666666666667,ridge_shuffle_mean
POU3F2_FOXL2,unseen_combo_fold0,8,0.0024682659034927002,0.0459600761532783,0.9828882217407228,0.9745381640146576,0.8992458979288737,0.8271945267597373,0.9427189826965332,0.0247327871620655,0.9751847982406616,0.9451185118511852,0.65,0.82,0.7866666666666667,ridge_shuffle_mean
PRDM1_CBFA2T3,unseen_combo_fold0,8,0.004869211853171333,0.0778521746397018,0.9538823962211608,0.948444891589608,0.8695409695307413,0.7122611242104895,0.8932700753211975,0.073663406074047,0.949349582195282,0.9273447344734472,0.6166666666666666,0.74,0.6966666666666667,ridge_shuffle_mean
PTPN12_OSR2,unseen_combo_fold2,8,0.0017158661503344,0.0432040728628635,0.9837837815284728,0.9568115127223158,0.6701173782348633,0.4666886071980145,0.6820883750915527,0.0138731803745031,0.7623221278190613,0.7255445544554455,0.5,0.36,0.44,ridge_shuffle_mean
PTPN12_PTPN9,unseen_combo_fold1,8,0.0011318166895458665,0.0300306696444749,0.9925388693809508,0.9566058409123032,0.9523208936055502,0.7065045904798389,0.949302852153778,0.0074439817108213,0.9833816289901732,0.9064986498649864,0.9,0.74,0.8066666666666666,ridge_shuffle_mean
PTPN12_SNAI1,unseen_combo_fold2,8,0.0017420578127105666,0.0348198488354682,0.9880963563919068,0.957348831656552,0.7790815035502116,0.6685993674738957,0.8455410003662109,0.0052820569835603,0.9439862370491028,0.9167836783678368,0.43333333333333335,0.7,0.6599999999999999,ridge_shuffle_mean
PTPN12_UBASH3A,unseen_combo_fold2,8,0.0020289406335602,0.0437243692576885,0.9850735068321228,0.9542450704229768,0.9527481993039449,0.6912797901431504,0.9559868574142456,0.0272150803357362,0.985932230949402,0.9374017401740176,0.8333333333333334,0.8,0.7933333333333333,ridge_shuffle_mean
PTPN12_ZBTB25,unseen_combo_fold4,8,0.0011819125308344,0.0308190491050481,0.9929203391075134,0.9416436414214592,0.9574539661407471,0.6928926958885089,0.955450713634491,0.0062658474780619,0.984703540802002,0.9084308430843084,0.9,0.76,0.8133333333333334,ridge_shuffle_mean
RHOXF2_SET,unseen_combo_fold3,8,0.0025687287561595,0.0447113141417503,0.9852498173713684,0.9567200140628436,0.8857281804084778,0.798881062996515,0.9092778563499452,0.0175968576222658,0.9344067573547364,0.9052625262526252,0.6333333333333333,0.74,0.7166666666666667,ridge_shuffle_mean
RHOXF2_ZBTB25,unseen_combo_fold3,8,0.0015013948626194666,0.0331581011414527,0.9918521046638488,0.96765371519309,0.9491903980573019,0.766695080059028,0.9562729001045228,0.0046329628676176,0.9885681867599488,0.9375697569756976,0.75,0.74,0.8233333333333333,ridge_shuffle_mean
SAMD1_PTPN12,unseen_combo_fold0,8,0.0008455676919159333,0.0299954209476709,0.9929940104484558,0.9708765009361044,0.9692493875821432,0.7927286327648472,0.9735130667686462,0.0089860428124666,0.9943371415138244,0.9304770477047704,0.9166666666666666,0.78,0.82,ridge_shuffle_mean
SAMD1_TGFBR2,unseen_combo_fold0,8,0.0021782364541043336,0.0441018603742122,0.983373999595642,0.9560660090563756,0.8641208608945211,0.57120492573713,0.8832330107688904,0.015961904078722,0.9722001552581788,0.8965616561656166,0.7666666666666666,0.62,0.6033333333333334,ridge_shuffle_mean
SAMD1_UBASH3B,unseen_combo_fold4,8,0.000944033342724,0.0278398655354976,0.9936273694038392,0.9650154709111134,0.9557877779006958,0.756390568555874,0.9613563418388368,0.0053485305979847,0.9871137738227844,0.9351215121512152,0.8833333333333333,0.74,0.7466666666666667,ridge_shuffle_mean
SAMD1_ZBTB1,unseen_combo_fold3,8,0.0012700666169015,0.0313292033970356,0.9926837682724,0.96879983169644,0.9566230376561483,0.7567621425192288,0.9615069031715392,0.005085458047688,0.9897075295448304,0.9561596159615962,0.8833333333333333,0.82,0.8066666666666666,ridge_shuffle_mean
SET_CEBPE,unseen_combo_fold0,8,0.0026775953204681,0.0515946894884109,0.9773933291435242,0.9671987773722968,0.8340655565261841,0.6710554545714982,0.8119508028030396,0.0199277456849813,0.8934366703033447,0.8941374137413741,0.6166666666666667,0.58,0.6066666666666667,ridge_shuffle_mean
SET_KLF1,unseen_combo_fold0,8,0.0023039136237153666,0.0430972054600715,0.98684424161911,0.9753362665154632,0.8528928955396017,0.684047400553238,0.88736891746521,0.0215707570314407,0.942202627658844,0.8971017101710171,0.5499999999999999,0.6,0.6900000000000001,ridge_shuffle_mean
SGK1_S1PR2,unseen_combo_fold0,8,0.0039685649486879,0.0616121888160705,0.968886137008667,0.9710297241808052,0.8627863128980001,0.7708066830667409,0.8885121941566467,0.0567903742194175,0.9209102392196656,0.891029102910291,0.6833333333333332,0.68,0.6499999999999999,ridge_shuffle_mean
SGK1_TBX2,unseen_combo_fold4,8,0.0017935040911348334,0.0279527902603149,0.9934974312782288,0.96900212138082,0.9146841764450073,0.7683420159607801,0.9593012928962708,0.0046793548390269,0.9853646159172058,0.9572757275727573,0.7166666666666667,0.78,0.7366666666666667,ridge_shuffle_mean
SGK1_TBX3,unseen_combo_fold0,8,0.0018927309041221335,0.0570291727781295,0.9723084568977356,0.976270187277915,0.9338212807973226,0.7348635798120348,0.9405945539474488,0.056051205843687,0.9673642516136168,0.9011221122112212,0.6833333333333332,0.68,0.7766666666666667,ridge_shuffle_mean
SNAI1_DLX2,unseen_combo_fold4,8,0.0025547729649890998,0.0508292652666568,0.9744975566864014,0.9402495549260892,0.9029220342636108,0.7004362195892435,0.911487638950348,0.020849710330367,0.9543434977531432,0.9135313531353136,0.7833333333333333,0.74,0.7399999999999999,ridge_shuffle_mean
SNAI1_UBASH3B,unseen_combo_fold4,8,0.0014416855992748668,0.0355409495532512,0.9882147312164308,0.9543937384577136,0.85260937611262,0.664808272953078,0.848268449306488,0.0063115148805081,0.9307443499565125,0.8805160516051606,0.6166666666666667,0.62,0.6266666666666666,ridge_shuffle_mean
TBX3_TBX2,unseen_combo_fold0,8,0.0008157482176707999,0.0391875877976417,0.9868234992027284,0.9841960978386992,0.9665343960126241,0.7958341135162935,0.9704621434211732,0.0266384817659854,0.987010419368744,0.9292529252925292,0.85,0.84,0.7399999999999999,ridge_shuffle_mean
TGFBR2_C19orf26,unseen_combo_fold3,8,0.0016864254139363332,0.0406599342823028,0.9861357808113098,0.9663857383507126,0.8407724698384603,0.4944619563301977,0.8550123572349548,0.018533706665039,0.9345069527626038,0.8857485748574857,0.6833333333333332,0.66,0.6433333333333334,ridge_shuffle_mean
TGFBR2_ETS2,unseen_combo_fold4,8,0.0011775155629341,0.0328586436808109,0.990647315979004,0.970335831225012,0.743196705977122,0.4987776917210995,0.7688915729522705,0.0101635241881012,0.8412618637084961,0.8402280228022803,0.6833333333333332,0.68,0.6233333333333334,ridge_shuffle_mean
TGFBR2_IGDCC3,unseen_combo_fold3,8,0.0005857640256484,0.0234766025096178,0.9953939914703368,0.9668837108019666,0.9486819704373678,0.6770180152533912,0.9489102363586426,0.0027944177854806,0.984916090965271,0.9423582358235824,0.7833333333333333,0.8,0.7133333333333333,ridge_shuffle_mean
TGFBR2_PRTG,unseen_combo_fold2,8,0.0006871649529784666,0.0265840888023376,0.9941099286079408,0.9658631810163172,0.9536503752072653,0.7170568330681826,0.950847864151001,0.004047283437103,0.9825425148010254,0.936069606960696,0.75,0.86,0.7766666666666667,ridge_shuffle_mean
TMSB4X_BAK1,unseen_combo_fold4,8,0.0006713816546834667,0.0224663317203521,0.9961607456207277,0.9644297653016316,0.914885421593984,0.2218341906594099,0.9194628596305848,0.0032504720147699,0.9741646647453308,0.8424122412241224,0.7666666666666666,0.62,0.5066666666666667,ridge_shuffle_mean
UBASH3B_CNN1,unseen_combo_fold2,8,0.0019055375208456998,0.0397840365767478,0.9890923500061036,0.959528430435934,0.9756876627604166,0.7831714993068186,0.9753382205963136,0.0222181677818298,0.9900701642036438,0.9338733873387338,0.7833333333333333,0.84,0.86,ridge_shuffle_mean
UBASH3B_OSR2,unseen_combo_fold2,8,0.0019301844295113665,0.0460162684321403,0.9811108708381652,0.9672646060221204,0.6418053905169169,0.5164313549535337,0.6605061292648315,0.0151758575811982,0.7368287444114685,0.7281968196819681,0.5333333333333333,0.48,0.4166666666666667,ridge_shuffle_mean
UBASH3B_PTPN12,unseen_combo_fold1,8,0.0012064930439615667,0.0314228907227516,0.992564618587494,0.9390703753752272,0.9512474338213602,0.7016326698166152,0.9546879529953004,0.0064013600349426,0.9870944619178772,0.9184878487848784,0.7999999999999999,0.72,0.7833333333333333,ridge_shuffle_mean
UBASH3B_PTPN9,unseen_combo_fold4,8,0.0010000739130190666,0.0291167050600051,0.9929710626602172,0.962517058711758,0.9559366504351298,0.7383536523038119,0.9598242044448853,0.0081416582688689,0.987665057182312,0.9228802880288028,0.7333333333333334,0.76,0.7833333333333333,ridge_shuffle_mean
UBASH3B_UBASH3A,unseen_combo_fold1,8,0.0010093048525352665,0.0374245233833789,0.987764060497284,0.9679438703359534,0.9085015058517456,0.6404965810993659,0.9156765937805176,0.0141334664076566,0.960261046886444,0.9064746474647464,0.7333333333333334,0.72,0.6833333333333332,ridge_shuffle_mean
UBASH3B_ZBTB25,unseen_combo_fold4,8,0.0013223511244480335,0.0326478481292724,0.9914339780807496,0.9371061002129348,0.9370179772377014,0.6503428186085726,0.9381940960884094,0.0083383210003376,0.976832628250122,0.914011401140114,0.7833333333333333,0.72,0.68,ridge_shuffle_mean
ZBTB10_DLX2,unseen_combo_fold3,8,0.0057165268808603,0.0696666985750198,0.9579339027404784,0.9423584888610718,0.8972315390904745,0.7565954056594042,0.9030588865280152,0.0483033657073974,0.9517861008644104,0.9123792379237924,0.75,0.68,0.7399999999999999,ridge_shuffle_mean
ZBTB10_ELMSAN1,unseen_combo_fold2,8,0.002757116453722067,0.0457783490419387,0.9818965792655944,0.958599502653433,0.8900888959566752,0.7506603341161968,0.904474914073944,0.0156392566859722,0.9658694267272948,0.9312571257125712,0.75,0.66,0.6633333333333333,ridge_shuffle_mean
ZBTB10_PTPN12,unseen_combo_fold0,8,0.002141443779692,0.044525146484375,0.9828671813011168,0.9637055698404302,0.8691420753796896,0.7651132597162459,0.8751440048217773,0.008937451057136,0.959733247756958,0.9097509750975098,0.6166666666666667,0.68,0.7000000000000001,ridge_shuffle_mean
ZBTB10_SNAI1,unseen_combo_fold2,8,0.003653692003960367,0.0591783858835697,0.9701714515686036,0.9409650157279712,0.9124313394228617,0.7821549745534719,0.914038360118866,0.0248485561460256,0.9619168043136596,0.938001800180018,0.7333333333333334,0.72,0.7266666666666666,ridge_shuffle_mean
ZC3HAV1_CEBPA,unseen_combo_fold1,8,0.0046604198869317,0.0536693148314952,0.9798411130905152,0.9548484481400484,0.9261155724525452,0.7770384298573064,0.9456821084022522,0.0231259576976299,0.966504693031311,0.9398019801980196,0.7833333333333332,0.84,0.8033333333333333,ridge_shuffle_mean
ZC3HAV1_CEBPE,unseen_combo_fold3,8,0.0020247428910806333,0.043209321796894,0.9842825531959534,0.9593015080310252,0.8552695115407308,0.6071392838435883,0.8781702518463135,0.0148853315040469,0.9519331455230712,0.9127272727272728,0.65,0.8,0.6466666666666666,ridge_shuffle_mean
ZC3HAV1_HOXC13,unseen_combo_fold3,8,0.0017460125964134335,0.0353406071662902,0.989307165145874,0.9546088627488272,0.7547008395195007,0.6305741202204026,0.856113612651825,0.00857815425843,0.924000918865204,0.909042904290429,0.4666666666666666,0.72,0.59,ridge_shuffle_mean
ZNF318_FOXL2,unseen_combo_fold3,8,0.0013252403975153332,0.0377945378422737,0.9870612025260924,0.965294343433965,0.8444359501202902,0.667059991129462,0.835629940032959,0.0081828171387314,0.9348533153533936,0.92008400840084,0.65,0.62,0.63,ridge_shuffle_mean
AHR_FEV,unseen_combo_fold0,8,0.004699362441897333,0.0644734278321266,0.9754344820976256,0.9508799237520166,0.9219066898028055,0.7516285209349328,0.9130019545555116,0.0497127994894981,0.946010172367096,0.825046504650465,0.6666666666666666,0.66,0.7033333333333333,mlp_shuffle_mean
AHR_KLF1,unseen_combo_fold2,8,0.0017908494919538001,0.0357227623462677,0.9913853406906128,0.9530448909411028,0.8653251727422079,0.4609262516772434,0.9051117300987244,0.0083673568442463,0.9617947936058044,0.8772757275727573,0.7833333333333333,0.68,0.5933333333333333,mlp_shuffle_mean
BCL2L11_BAK1,unseen_combo_fold0,8,0.0005406080163083667,0.0238785650581121,0.995084583759308,0.956246085915082,0.35832005739212036,0.1544121742366325,0.3381108343601227,0.0054304534569382,0.5455000996589661,0.5315691569156916,0.2833333333333333,0.22,0.3333333333333333,mlp_shuffle_mean
BCL2L11_TGFBR2,unseen_combo_fold0,8,0.0005059625934032667,0.0221177581697702,0.9958762526512146,0.9678370440284888,0.7663378914197286,0.291108643548107,0.7827228307723999,0.0056009120307862,0.9047642350196838,0.846924692469247,0.6666666666666666,0.54,0.48,mlp_shuffle_mean
BPGM_SAMD1,unseen_combo_fold0,8,0.0012665195972658334,0.0320195816457271,0.9920213222503662,0.9601287726193904,0.9438466628392538,0.692133981784539,0.9524356722831726,0.00897819083184,0.9826972484588624,0.9254245424542454,0.8000000000000002,0.78,0.7566666666666667,mlp_shuffle_mean
BPGM_ZBTB1,unseen_combo_fold1,8,0.0009419542814914668,0.0304657090455293,0.993105173110962,0.9548293797470973,0.9578119516372681,0.6759158251499059,0.9512705206871032,0.0091374879702925,0.9766333103179932,0.9413621362136214,0.8666666666666667,0.74,0.7666666666666666,mlp_shuffle_mean
C3orf72_FOXL2,unseen_combo_fold4,8,0.0032736673019826,0.0592213608324527,0.968305766582489,0.9279322159977929,0.780021607875824,0.5717767405233338,0.7980957627296448,0.0144614158198237,0.928807258605957,0.8953135313531353,0.5,0.58,0.5533333333333333,mlp_shuffle_mean
CBL_CNN1,unseen_combo_fold1,8,0.0022577606917669,0.0441307909786701,0.9868295192718506,0.9507335149311174,0.9674500823020935,0.7579698414671858,0.9701699018478394,0.0262167304754257,0.9861953854560852,0.9533633363336332,0.8333333333333334,0.88,0.7866666666666667,mlp_shuffle_mean
CBL_PTPN12,unseen_combo_fold1,8,0.0009339322374822668,0.0330487489700317,0.9924666285514832,0.9594669083738976,0.9713567694028219,0.7192706372615686,0.9672477841377258,0.0138565357774496,0.9903330206871032,0.921896189618962,0.8166666666666668,0.78,0.8133333333333334,mlp_shuffle_mean
CBL_PTPN9,unseen_combo_fold3,8,0.0007876591989770333,0.0294560063630342,0.9929115176200868,0.9497767080405304,0.9539873401323954,0.6443867309072965,0.946760594844818,0.0045923818834125,0.9837815165519714,0.8866966696669667,0.7166666666666667,0.8,0.7966666666666667,mlp_shuffle_mean
CBL_TGFBR2,unseen_combo_fold2,8,0.0009717470190176667,0.0284853801131248,0.993112564086914,0.9490535375514532,0.9236432115236918,0.5369353686299085,0.9265918731689452,0.0059366934001445,0.9782316088676452,0.9157275727572756,0.5833333333333334,0.78,0.6966666666666667,mlp_shuffle_mean
CBL_UBASH3A,unseen_combo_fold4,8,0.003337064369892033,0.0519633144140243,0.978889524936676,0.931896741193202,0.8559140761693319,0.5231051516893656,0.869216799736023,0.0241020061075687,0.952042281627655,0.8894449444944494,0.65,0.6,0.5566666666666666,mlp_shuffle_mean
CBL_UBASH3B,unseen_combo_fold4,8,0.0031060681988794667,0.048565998673439,0.982591450214386,0.9564120218761892,0.9516535997390747,0.7711494534655592,0.9704573750495912,0.035848569124937,0.9862488508224488,0.95011101110111,0.7999999999999999,0.82,0.7866666666666667,mlp_shuffle_mean
CDKN1B_CDKN1A,unseen_combo_fold0,8,0.0012446553834403,0.0406192578375339,0.9848546385765076,0.9597201519629968,0.9364135265350342,0.6619789905154132,0.9326243996620178,0.0180100426077842,0.9762943387031556,0.931977197719772,0.85,0.88,0.8166666666666668,mlp_shuffle_mean
CDKN1C_CDKN1A,unseen_combo_fold4,8,0.0013344661953548333,0.035317838191986,0.9891982078552246,0.9490703975701466,0.9297518730163574,0.6211780343759354,0.9325242638587952,0.0066176229156553,0.9808592796325684,0.9383738373837384,0.7833333333333333,0.78,0.7833333333333333,mlp_shuffle_mean
CDKN1C_CDKN1B,unseen_combo_fold3,8,0.001429417830271,0.0378519669175148,0.9870297312736512,0.9529975552595862,0.8984430233637491,0.6018229537899519,0.9032523036003112,0.0075673894025385,0.965347409248352,0.9224842484248424,0.75,0.76,0.7066666666666667,mlp_shuffle_mean
CEBPB_CEBPA,unseen_combo_fold3,8,0.0038946119602769336,0.0641234070062637,0.972697615623474,0.9407138712969364,0.943838894367218,0.7741569626575401,0.9431613683700562,0.0140164550393819,0.9825425148010254,0.9471227122712272,0.8666666666666667,0.84,0.8166666666666668,mlp_shuffle_mean
CEBPB_MAPK1,unseen_combo_fold2,8,0.0012046996659288666,0.0312983468174934,0.992048442363739,0.9530332835567796,0.9555136958758036,0.8025449017528298,0.9637784957885742,0.0057426863349974,0.9871403574943542,0.9722052205220522,0.7999999999999999,0.84,0.7866666666666667,mlp_shuffle_mean
CEBPB_OSR2,unseen_combo_fold1,8,0.0018269605934619667,0.0383182950317859,0.9881161451339722,0.9650471060460774,0.9451645016670227,0.8463330491009572,0.9568833708763124,0.0110494140535593,0.9733685851097108,0.944026402640264,0.7333333333333334,0.88,0.7799999999999999,mlp_shuffle_mean
CEBPB_PTPN12,unseen_combo_fold4,8,0.0024761773335436666,0.0470861792564392,0.98098224401474,0.9513402190736164,0.7950306932131449,0.6669213807640645,0.8222299218177795,0.0170601643621921,0.8997093439102173,0.8613021302130213,0.4666666666666666,0.6,0.6866666666666666,mlp_shuffle_mean
CEBPE_CEBPA,unseen_combo_fold0,8,0.0025376589037477667,0.0516604706645011,0.9823756814002992,0.9586374235820588,0.9670964082082113,0.8575097835335649,0.9690860509872437,0.018800102174282,0.9817676544189452,0.963864386438644,0.8833333333333333,0.86,0.88,mlp_shuffle_mean
CEBPE_CEBPB,unseen_combo_fold1,8,0.003850846551358667,0.0528753735125064,0.978079080581665,0.9515859002703454,0.9178711175918579,0.8038589972057387,0.939602553844452,0.0185090322047472,0.9675426483154296,0.9233243324332432,0.8166666666666668,0.76,0.7666666666666666,mlp_shuffle_mean
CEBPE_CNN1,unseen_combo_fold4,8,0.0035702294359603996,0.0684724897146225,0.9596532583236694,0.9435110883622576,0.8204697370529175,0.6257017884276211,0.819344162940979,0.0360040105879306,0.9029873609542848,0.8670507050705071,0.6166666666666667,0.62,0.64,mlp_shuffle_mean
CEBPE_KLF1,unseen_combo_fold3,8,0.0030530773413677665,0.0714531391859054,0.9606629014015198,0.9542973842599114,0.7354406515757242,0.4871793700280392,0.6420546174049377,0.03914725035429,0.7205494046211243,0.7988718871887188,0.4833333333333334,0.46,0.6033333333333334,mlp_shuffle_mean
CEBPE_PTPN12,unseen_combo_fold0,8,0.0011093466697881,0.0275511369109153,0.9933319687843324,0.9691616578792076,0.8760777314503988,0.6919603763304357,0.9036186337471008,0.00444539450109,0.96062034368515,0.937953795379538,0.65,0.8,0.6933333333333334,mlp_shuffle_mean
CEBPE_RUNX1T1,unseen_combo_fold0,8,0.0013214291539042668,0.0224353037774562,0.9956350922584534,0.9756803160150088,0.9490853746732076,0.8183713176187317,0.9596591591835022,0.0036434817593544,0.9791606068611144,0.9414101410141014,0.8333333333333334,0.86,0.8233333333333333,mlp_shuffle_mean
CEBPE_SPI1,unseen_combo_fold1,8,0.0071126770538588,0.0775276720523834,0.9574292302131652,0.9425992491766756,0.9357032179832458,0.8156868688045184,0.9409652352333068,0.0728596895933151,0.9625107645988464,0.9146474647464746,0.7999999999999999,0.72,0.7866666666666666,mlp_shuffle_mean
CNN1_MAPK1,unseen_combo_fold1,8,0.0007205918664112333,0.0244740564376115,0.994867742061615,0.9635598888337468,0.9199523131052653,0.6462326921444475,0.9265553951263428,0.003783700056374,0.978807806968689,0.9282928292829284,0.8333333333333334,0.72,0.83,mlp_shuffle_mean
CNN1_UBASH3A,unseen_combo_fold1,8,0.004996810729304933,0.0661974772810936,0.9666405916213988,0.9385868985964771,0.9293848872184753,0.6659698865853438,0.9248364567756652,0.061748381704092,0.961970031261444,0.8845724572457245,0.75,0.66,0.73,mlp_shuffle_mean
DUSP9_ETS2,unseen_combo_fold2,8,0.0013684982550330332,0.0307924784719944,0.9924527406692504,0.9623742244528436,0.884546677271525,0.6704433898929422,0.9236238598823548,0.0086886044591665,0.9691907167434692,0.9201800180018002,0.75,0.78,0.7266666666666667,mlp_shuffle_mean
DUSP9_IGDCC3,unseen_combo_fold3,8,0.0011538652470334668,0.0338953919708728,0.991857886314392,0.9594663886261487,0.9619871973991394,0.7385343088476294,0.9592220187187196,0.009735913015902,0.9778549671173096,0.9644884488448844,0.7999999999999999,0.8,0.7866666666666667,mlp_shuffle_mean
DUSP9_KLF1,unseen_combo_fold3,8,0.0024741807331641,0.042594239115715,0.9892823696136476,0.9580116002028854,0.9484918316205343,0.709532332813666,0.9557889103889464,0.0241011306643486,0.9713927507400512,0.9316771677167716,0.75,0.78,0.7666666666666666,mlp_shuffle_mean
DUSP9_MAPK1,unseen_combo_fold3,8,0.00126098569793,0.0339386276900768,0.9908312559127808,0.9642709703526244,0.7899977763493856,0.5452331258955944,0.8321370482444763,0.008706378750503,0.8991695046424866,0.87997599759976,0.7000000000000001,0.7,0.5866666666666667,mlp_shuffle_mean
DUSP9_PRTG,unseen_combo_fold0,8,0.0014800779754295668,0.037538107484579,0.9902206063270568,0.9584482654346717,0.9628026882807413,0.7631652946178389,0.9676939249038696,0.0137609494850039,0.987758994102478,0.9642964296429642,0.7166666666666667,0.86,0.8300000000000001,mlp_shuffle_mean
DUSP9_SNAI1,unseen_combo_fold3,8,0.007592216134071299,0.0883370116353035,0.9367611408233644,0.9385447318827004,0.7574920654296875,0.6863606005335702,0.7370550036430359,0.0582534745335578,0.901378571987152,0.8822442244224422,0.5166666666666667,0.52,0.6166666666666667,mlp_shuffle_mean
ETS2_CEBPE,unseen_combo_fold4,8,0.0010458913748152,0.033310554921627,0.9911134839057922,0.9644580780564432,0.9597436388333639,0.8216049602682051,0.96121746301651,0.0059628407470881,0.9836944937705994,0.9471947194719472,0.9166666666666666,0.84,0.8000000000000002,mlp_shuffle_mean
ETS2_CNN1,unseen_combo_fold4,8,0.0014214858335132002,0.028520667925477,0.9929794073104858,0.950528482040355,0.7871968547503153,0.6411143070088465,0.8876839876174927,0.0050613754428923,0.9532088041305542,0.9112391239123911,0.5833333333333333,0.64,0.6366666666666667,mlp_shuffle_mean
ETS2_IGDCC3,unseen_combo_fold0,8,0.0007947501726448333,0.023101856932044,0.9956058859825134,0.9693306391566628,0.8882138729095459,0.6806499958333361,0.9246811270713806,0.0027178006712347,0.9778644442558287,0.9306930693069309,0.6999999999999998,0.78,0.7533333333333334,mlp_shuffle_mean
ETS2_IKZF3,unseen_combo_fold1,8,0.0011971908582684334,0.0359824113547802,0.9932419061660768,0.960758728635858,0.9675283829371134,0.8235805526816427,0.9794169068336488,0.0154826054349541,0.9947126507759094,0.9735133513351336,0.8333333333333334,0.86,0.7833333333333333,mlp_shuffle_mean
ETS2_MAP7D1,unseen_combo_fold2,8,0.0023326817899942003,0.0445046350359916,0.9828278422355652,0.9527893311651724,0.8379406929016113,0.5983373969079665,0.8831973075866699,0.0257140081375837,0.931759774684906,0.8967056705670567,0.6333333333333333,0.72,0.6833333333333332,mlp_shuffle_mean
ETS2_MAPK1,unseen_combo_fold2,8,0.0036398530937731,0.0398312918841838,0.988278031349182,0.9554501903126428,0.9193308353424072,0.7760116140035744,0.9581454396247864,0.019596641883254,0.9734384417533876,0.9492469246924692,0.8166666666666668,0.88,0.7399999999999999,mlp_shuffle_mean
ETS2_PRTG,unseen_combo_fold4,8,0.0009757673251442333,0.0266317687928676,0.9940510988235474,0.963933768627496,0.8923347989718119,0.7048890311722658,0.920191526412964,0.0055972123518586,0.9589250683784484,0.9233723372337234,0.5499999999999999,0.78,0.68,mlp_shuffle_mean
FEV_CBFA2T3,unseen_combo_fold2,8,0.008819675538688834,0.0755592361092567,0.9619688987731934,0.9302220728295524,0.8505741953849792,0.6898108575813842,0.8766589164733887,0.0632745921611785,0.9075058102607728,0.8588658865886588,0.6,0.7,0.7233333333333333,mlp_shuffle_mean
FEV_ISL2,unseen_combo_fold3,8,0.0052157846900323665,0.0592316389083862,0.9789372086524964,0.9488214561797652,0.9132383465766907,0.7330354301773588,0.9394908547401428,0.0455296598374843,0.9711585640907288,0.9244044404440444,0.7999999999999999,0.78,0.7466666666666667,mlp_shuffle_mean
FEV_MAP7D1,unseen_combo_fold3,8,0.003549289928438733,0.0407623276114463,0.9884192943572998,0.9454342253109924,0.8725651105244955,0.6737342212706444,0.9266219735145568,0.0133869815617799,0.96681547164917,0.9355775577557756,0.7666666666666666,0.82,0.7066666666666667,mlp_shuffle_mean
FOSB_CEBPB,unseen_combo_fold1,8,0.0041950724553316,0.0620610304176807,0.9695231318473816,0.9462285624996808,0.911679188410441,0.7545836926825913,0.9129723906517028,0.0363514795899391,0.9418856501579284,0.8924692469246924,0.7333333333333334,0.7,0.7866666666666667,mlp_shuffle_mean
FOSB_CEBPE,unseen_combo_fold1,8,0.0035665701919545003,0.0520496591925621,0.980272114276886,0.9582455556678314,0.9363212784131368,0.808606792081091,0.9470321536064148,0.0251118000596761,0.9740968346595764,0.9427662766276628,0.8333333333333334,0.78,0.7866666666666667,mlp_shuffle_mean
FOSB_IKZF3,unseen_combo_fold4,8,0.0018370949352780337,0.0360180102288723,0.9910908341407776,0.9595228942984576,0.9384060502052307,0.7448922098333567,0.9532623291015624,0.0094310911372303,0.9780881404876708,0.9245484548454844,0.65,0.72,0.7366666666666667,mlp_shuffle_mean
FOSB_OSR2,unseen_combo_fold3,8,0.0036773059982806006,0.0517228618264198,0.9807559251785278,0.9590235633177,0.9087562759717306,0.7728734360131616,0.9366453886032104,0.0360895507037639,0.9533079862594604,0.9061626162616262,0.7333333333333334,0.84,0.7600000000000001,mlp_shuffle_mean
FOSB_PTPN12,unseen_combo_fold4,8,0.0015892089965442002,0.0348543301224708,0.9897183179855348,0.9487216891790766,0.699290951093038,0.4794237140194228,0.7602993845939636,0.0093773892149329,0.8979938626289368,0.8563456345634564,0.5333333333333333,0.5,0.51,mlp_shuffle_mean
FOSB_UBASH3B,unseen_combo_fold1,8,0.0006068729368658666,0.0258487742394208,0.994003176689148,0.9634337783944866,0.8473778963088989,0.5798776624250807,0.8433457612991333,0.0043579661287367,0.9227613806724548,0.8796159615961596,0.6333333333333333,0.64,0.73,mlp_shuffle_mean
FOXA1_FOXF1,unseen_combo_fold0,8,0.0012598443233097334,0.0303762648254632,0.991670787334442,0.9676589969540308,0.906268835067749,0.7697343899503105,0.935491383075714,0.0076865078881382,0.9737226963043212,0.9395859585958596,0.6499999999999999,0.78,0.7333333333333334,mlp_shuffle_mean
FOXA1_FOXL2,unseen_combo_fold2,8,0.0011701647890731,0.0295514985918998,0.9919403791427612,0.9593682998310924,0.9256996711095175,0.7746330146271059,0.943742036819458,0.0032662760931998,0.9851247072219848,0.9571317131713172,0.7000000000000001,0.82,0.7600000000000001,mlp_shuffle_mean
FOXA1_HOXB9,unseen_combo_fold4,8,0.0020379918084169,0.0367302522063255,0.9889900088310242,0.9650475686027382,0.9262883067131042,0.8329415685096344,0.9590821266174316,0.012649699114263,0.9893096089363098,0.9524632463246324,0.6999999999999998,0.78,0.7999999999999999,mlp_shuffle_mean
FOXA3_FOXA1,unseen_combo_fold4,8,0.0018072182623048334,0.035199798643589,0.9886009097099304,0.9606811091515974,0.9308895468711853,0.7957004708275256,0.9405681490898132,0.0106903696432709,0.9758629202842712,0.9407260726072608,0.6999999999999998,0.8,0.7133333333333333,mlp_shuffle_mean
FOXA3_FOXF1,unseen_combo_fold2,8,0.0013852067446956332,0.0306319762021303,0.9909588098526,0.9625945887382752,0.9005523125330607,0.750949547332317,0.9241785407066344,0.0036975834518671,0.9799264073371888,0.9353855385538554,0.6333333333333334,0.78,0.75,mlp_shuffle_mean
FOXA3_FOXL2,unseen_combo_fold0,8,0.004198501429830966,0.0597047358751297,0.9704843759536744,0.9496848619041124,0.9136608441670736,0.7800178159438174,0.9089584350585938,0.0323949716985225,0.9619306921958924,0.9031983198319832,0.7666666666666666,0.7,0.7233333333333333,mlp_shuffle_mean
FOXA3_HOXB9,unseen_combo_fold3,8,0.0016329836410780335,0.0440700501203537,0.9836409687995912,0.9570937126740356,0.9399847388267517,0.8058914126487271,0.9357394576072692,0.0193079337477684,0.9702648520469666,0.8873687368736873,0.6333333333333333,0.7,0.8333333333333334,mlp_shuffle_mean
FOXF1_FOXL2,unseen_combo_fold4,8,0.0022098138773192335,0.0436080433428287,0.9834858775138856,0.9558409386677924,0.9430737495422363,0.7931241810611549,0.9437578916549684,0.0176893658936023,0.9798707365989684,0.9493309330933092,0.6833333333333332,0.8,0.8266666666666667,mlp_shuffle_mean
FOXF1_HOXB9,unseen_combo_fold1,8,0.0011308356964339333,0.0321362875401973,0.990628719329834,0.9615995935170976,0.9287190238634745,0.7709731337840263,0.9316860437393188,0.0052969055250287,0.9749836325645448,0.931881188118812,0.7000000000000001,0.76,0.7866666666666667,mlp_shuffle_mean
FOXL2_HOXB9,unseen_combo_fold3,8,0.0027798759595801,0.0469706244766712,0.981587529182434,0.9518670237413775,0.9050788680712382,0.7475706483929153,0.9146745204925536,0.0168182924389839,0.9640830159187316,0.9078187818781878,0.5166666666666667,0.7,0.7466666666666667,mlp_shuffle_mean
FOXL2_MEIS1,unseen_combo_fold3,8,0.0021039235095182667,0.0392363965511322,0.9867963790893556,0.9585735059949252,0.8798882365226746,0.728048040200754,0.9168298840522766,0.0171290878206491,0.968942403793335,0.9032223222322232,0.6000000000000001,0.72,0.7266666666666667,mlp_shuffle_mean
IGDCC3_MAPK1,unseen_combo_fold3,8,0.0012554894977559333,0.0287494901567697,0.9929778575897216,0.9641547018840058,0.8408938844998678,0.6665065285792311,0.8943167328834534,0.0062883468344807,0.9471166729927064,0.916027602760276,0.6166666666666667,0.76,0.6866666666666666,mlp_shuffle_mean
IGDCC3_PRTG,unseen_combo_fold2,8,0.0014760924580817002,0.0352892577648162,0.989465057849884,0.9552292378120872,0.9205703735351562,0.6544444289134945,0.9248510003089904,0.0075368355028331,0.9714601635932922,0.9366816681668166,0.6166666666666667,0.82,0.7433333333333333,mlp_shuffle_mean
IGDCC3_ZBTB25,unseen_combo_fold4,8,0.0028755669482051667,0.0552009306848049,0.9743931293487548,0.944520051534836,0.9442682067553202,0.6512462380393889,0.9282490611076356,0.0361037105321884,0.9763208627700806,0.9215241524152415,0.8333333333333334,0.72,0.8000000000000002,mlp_shuffle_mean
IRF1_SET,unseen_combo_fold0,8,0.004697219546263366,0.0581773668527603,0.9719105362892152,0.9405711019698382,0.8293422857920328,0.7211642724130568,0.8740674257278442,0.036625899374485,0.9159858226776124,0.8663426342634264,0.6166666666666666,0.68,0.61,mlp_shuffle_mean
JUN_CEBPA,unseen_combo_fold1,8,0.006846044367800101,0.0792303308844566,0.9628733396530152,0.9274880237683324,0.9422606031099955,0.7525502097005659,0.9348000288009644,0.0539155229926109,0.9622267484664916,0.901914191419142,0.7833333333333333,0.78,0.82,mlp_shuffle_mean
JUN_CEBPB,unseen_combo_fold3,8,0.005369561724364699,0.0727489441633224,0.9595926403999328,0.9311855583409664,0.8942385315895081,0.6861319158732073,0.8775529861450195,0.048049334436655,0.9464780688285828,0.9106630663066306,0.7666666666666666,0.78,0.6733333333333333,mlp_shuffle_mean
KIF18B_KIF2C,unseen_combo_fold0,8,0.0013127065030857667,0.0370264463126659,0.9879918694496156,0.948201764559768,0.563151995340983,0.2150794060982548,0.5393036603927612,0.0114181200042366,0.7785317897796631,0.8046564656465647,0.3666666666666667,0.42,0.4566666666666666,mlp_shuffle_mean
KLF1_BAK1,unseen_combo_fold2,8,0.0005987354670650667,0.0279705058783292,0.9941535592079164,0.9609279788226046,0.9413153131802877,0.5161078333739423,0.9312835335731506,0.0092746764421463,0.9636857509613036,0.9266966696669668,0.8666666666666667,0.74,0.7366666666666667,mlp_shuffle_mean
KLF1_CEBPA,unseen_combo_fold0,8,0.0016660393448546002,0.066282995045185,0.9688715934753418,0.9585202939312232,0.967629631360372,0.7971923286302776,0.9061174392700196,0.0421946048736572,0.9221526384353638,0.8918091809180918,0.9166666666666666,0.78,0.8633333333333333,mlp_shuffle_mean
KLF1_CLDN6,unseen_combo_fold2,8,0.0026370966030904996,0.0526343695819377,0.9799678921699524,0.9436728602780812,0.9048699935277303,0.6068310949319544,0.8954706192016602,0.0371672436594963,0.9214168787002563,0.921860186018602,0.8166666666666668,0.68,0.7000000000000001,mlp_shuffle_mean
KLF1_COL2A1,unseen_combo_fold1,8,0.005201007549961367,0.0578731261193752,0.9737367630004884,0.9455351616660704,0.6702087720235189,0.6108122017603389,0.791659414768219,0.0379373058676719,0.8523896336555481,0.870963096309631,0.6000000000000001,0.62,0.53,mlp_shuffle_mean
KLF1_FOXA1,unseen_combo_fold1,8,0.0024755699560045667,0.0435259453952312,0.9855570793151855,0.956109365100674,0.8097418745358785,0.5923855755232685,0.83882075548172,0.0227547604590654,0.8585774898529053,0.8736033603360336,0.6,0.72,0.6699999999999999,mlp_shuffle_mean
KLF1_MAP2K6,unseen_combo_fold4,8,0.0014062230669272334,0.0272469893097877,0.99468731880188,0.9511000754824036,0.8490389585494995,0.5719705401996482,0.935766339302063,0.0081255855038762,0.9782567620277404,0.9365016501650164,0.85,0.7,0.62,mlp_shuffle_mean
KLF1_TGFBR2,unseen_combo_fold1,8,0.0007012226463605334,0.0236642379313707,0.9959958791732788,0.9635957187971376,0.9531786243120829,0.5893076179305319,0.9636308550834656,0.0053963270038366,0.9861909747123718,0.9536633663366336,0.7666666666666666,0.84,0.75,mlp_shuffle_mean
LHX1_ELMSAN1,unseen_combo_fold2,8,0.0021956067454690334,0.0442714802920818,0.9829993844032288,0.9404064451909832,0.8265481193860372,0.4963105228528065,0.8307665586471558,0.024108912795782,0.9087217450141908,0.8884608460846085,0.6166666666666667,0.58,0.6266666666666666,mlp_shuffle_mean
LYL1_CEBPB,unseen_combo_fold4,8,0.0036436563047269332,0.0526780746877193,0.9760850071907043,0.9461330738663712,0.8004836638768514,0.6856173255610333,0.8142591714859009,0.0243550892919302,0.8731403946876526,0.8840804080408041,0.6166666666666667,0.6,0.6133333333333333,mlp_shuffle_mean
LYL1_IER5L,unseen_combo_fold2,8,0.002386721200309633,0.0429643355309963,0.9838228821754456,0.9546389727295926,0.8565374612808228,0.706867262491857,0.8768013119697571,0.0218740366399288,0.921241044998169,0.9165796579657964,0.65,0.66,0.68,mlp_shuffle_mean
MAP2K3_ELMSAN1,unseen_combo_fold1,8,0.0011730837868526,0.0341978780925273,0.9910561442375184,0.9426014512068732,0.8643112778663635,0.5830322896858249,0.8388329744338989,0.0120745720341801,0.9104207754135132,0.8745754575457546,0.5,0.6,0.7399999999999999,mlp_shuffle_mean
MAP2K3_IKZF3,unseen_combo_fold0,8,0.0040991715310762,0.0461560785770416,0.9870337247848512,0.9649861485366148,0.9000204006830851,0.706151038585628,0.9549108743667604,0.0327017493546009,0.9700626134872437,0.9194359435943594,0.7000000000000001,0.7,0.6966666666666667,mlp_shuffle_mean
MAP2K3_MAP2K6,unseen_combo_fold1,8,0.0004361553195242667,0.0273923967033624,0.9938786625862122,0.9516879963664432,0.8173847794532776,0.5105852155530206,0.7292881011962891,0.0079187955707311,0.7757638692855835,0.8403360336033603,0.6333333333333333,0.72,0.7033333333333335,mlp_shuffle_mean
MAP2K3_SLC38A2,unseen_combo_fold1,8,0.0006078006699681,0.0265158005058765,0.9941943287849426,0.9527660468414,0.8010216355323792,0.4635415599888515,0.7575093507766724,0.0068942797370254,0.8999027013778687,0.8929372937293729,0.65,0.6,0.7033333333333335,mlp_shuffle_mean
MAP2K6_ELMSAN1,unseen_combo_fold2,8,0.0006367633662496333,0.0223894473165273,0.9959286451339722,0.9533464690377204,0.8619910677274069,0.5989359787940709,0.8795861005783081,0.0046482230536639,0.9434158802032472,0.8823762376237624,0.7000000000000001,0.72,0.7000000000000001,mlp_shuffle_mean
MAP2K6_IKZF3,unseen_combo_fold2,8,0.0018929669943947667,0.0324692912399768,0.9930616021156312,0.9550336638774296,0.9518054326375326,0.6875462674252482,0.9677724838256836,0.0090378290042281,0.9887199401855468,0.9355175517551756,0.85,0.72,0.75,mlp_shuffle_mean
MAP2K6_SPI1,unseen_combo_fold2,8,0.0018474468573306336,0.0377257578074932,0.9866641759872437,0.9435550058573744,0.7669195532798767,0.5499077293459309,0.7988206744194031,0.009252505376935,0.91183203458786,0.8903570357035704,0.5166666666666667,0.6,0.6066666666666667,mlp_shuffle_mean
MAPK1_IKZF3,unseen_combo_fold2,8,0.0017759340892855666,0.0319838523864746,0.992701530456543,0.9509500234481632,0.9303569396336874,0.7568785751799286,0.9570627808570862,0.0067460048012435,0.9805917143821716,0.9511671167116712,0.7333333333333334,0.84,0.77,mlp_shuffle_mean
MAPK1_PRTG,unseen_combo_fold1,8,0.001488132169470133,0.0285373162478208,0.9931910634040833,0.9643000605111842,0.8270403941472372,0.702541772642266,0.9044156670570374,0.0075824242085218,0.9404523372650146,0.8993579357935794,0.6,0.7,0.6266666666666667,mlp_shuffle_mean
MAPK1_TGFBR2,unseen_combo_fold3,8,0.0006384641552964333,0.0297453235834836,0.9927219152450562,0.9673062369118168,0.9492225448290507,0.7044039172658793,0.9393305778503418,0.010104184038937,0.9685162305831908,0.9544674467446744,0.8833333333333334,0.88,0.7733333333333334,mlp_shuffle_mean
PLK4_STIL,unseen_combo_fold1,8,0.0031218302901833664,0.0566775575280189,0.9707522392272948,0.9347928143651124,0.7470976909001669,0.470704345746995,0.7330250144004822,0.0338203348219394,0.9179141521453856,0.8840804080408041,0.5499999999999999,0.52,0.5166666666666667,mlp_shuffle_mean
POU3F2_CBFA2T3,unseen_combo_fold0,8,0.002082743487941667,0.0381279066205024,0.9871641993522644,0.9575286398549157,0.8339067101478577,0.7109472143964459,0.8795098662376404,0.0097214337438344,0.9500032067298888,0.9073627362736274,0.5666666666666668,0.68,0.64,mlp_shuffle_mean
POU3F2_FOXL2,unseen_combo_fold0,8,0.0028382662373284003,0.0396125465631485,0.9875028133392334,0.9553650467720368,0.8860509792963663,0.7768649297637396,0.9315165281295776,0.0145093854516744,0.9714913964271544,0.9197119711971196,0.6,0.78,0.7533333333333333,mlp_shuffle_mean
PRDM1_CBFA2T3,unseen_combo_fold0,8,0.007366959936916767,0.0650268569588661,0.967869222164154,0.9319530601921252,0.750709056854248,0.6755077210367674,0.8915871977806091,0.0385940372943878,0.955791175365448,0.9166036603660366,0.5333333333333333,0.68,0.6366666666666667,mlp_shuffle_mean
PTPN12_OSR2,unseen_combo_fold2,8,0.0014582580964391,0.032971940934658,0.990306317806244,0.9556329458794158,0.5758399367332458,0.4539565863847774,0.6732591390609741,0.0082422327250242,0.783389687538147,0.7221602160216022,0.43333333333333335,0.4,0.4266666666666667,mlp_shuffle_mean
PTPN12_PTPN9,unseen_combo_fold1,8,0.0005983639275655,0.0322357825934886,0.9913949966430664,0.9599154699523726,0.9713830947875977,0.730687851720866,0.9652907848358154,0.0132413376122713,0.9887126088142396,0.9298049804980498,0.8333333333333334,0.76,0.84,mlp_shuffle_mean
PTPN12_SNAI1,unseen_combo_fold2,8,0.0016540484890962,0.0309115555137395,0.9906449317932128,0.9542282728804246,0.7916436394055685,0.6414224867841337,0.8360795378684998,0.0066460305824875,0.9296719431877136,0.8857005700570058,0.4000000000000001,0.64,0.6666666666666666,mlp_shuffle_mean
PTPN12_UBASH3A,unseen_combo_fold2,8,0.0014131719556947332,0.0478904172778129,0.9821195006370544,0.9494698825221358,0.9598289330800375,0.7082515423428345,0.9588826894760132,0.0349940955638885,0.9877364039421082,0.9352535253525353,0.7833333333333332,0.82,0.81,mlp_shuffle_mean
PTPN12_ZBTB25,unseen_combo_fold4,8,0.001049093902111,0.03116250410676,0.9926050305366516,0.950319974714591,0.9699123104413351,0.7068325436595287,0.9678428173065186,0.0102427778765559,0.9882255792617798,0.9147674767476748,0.9,0.78,0.8366666666666666,mlp_shuffle_mean
RHOXF2_SET,unseen_combo_fold3,8,0.0029644652580221,0.0506517551839351,0.9813361763954164,0.9461766859725284,0.861651877562205,0.7369161844782546,0.8839020729064941,0.0241354256868362,0.9323548078536988,0.877983798379838,0.6333333333333333,0.64,0.6933333333333334,mlp_shuffle_mean
RHOXF2_ZBTB25,unseen_combo_fold3,8,0.0016965943699081335,0.0388206839561462,0.988537073135376,0.95061777960555,0.9401383201281232,0.7198399219954014,0.9402868747711182,0.0098735466599464,0.9843118786811828,0.9345454545454546,0.7666666666666666,0.72,0.7933333333333333,mlp_shuffle_mean
SAMD1_PTPN12,unseen_combo_fold0,8,0.0011688331918169332,0.0287416912615299,0.993575930595398,0.9590531283471608,0.9596929550170898,0.7507893267542614,0.96499502658844,0.0058524506166577,0.990096926689148,0.9116951695169516,0.8666666666666667,0.78,0.7666666666666666,mlp_shuffle_mean
SAMD1_TGFBR2,unseen_combo_fold0,8,0.0020969569450243666,0.0425779372453689,0.9845468401908876,0.9502938615780662,0.8616456588109335,0.562043033994034,0.8837525844573975,0.0135090555995702,0.9659950733184814,0.891965196519652,0.7333333333333334,0.64,0.61,mlp_shuffle_mean
SAMD1_UBASH3B,unseen_combo_fold4,8,0.0013384196596840333,0.0340545065701007,0.9904719591140748,0.9562753675704488,0.9536005854606628,0.719581157123449,0.9566651582717896,0.0124232051894068,0.9850531816482544,0.9315451545154516,0.8833333333333333,0.8,0.7633333333333333,mlp_shuffle_mean
SAMD1_ZBTB1,unseen_combo_fold3,8,0.0018345236312597333,0.0351108387112617,0.9909924268722534,0.9594051159463388,0.9439357320467631,0.7342503511972833,0.9524415135383606,0.0098513737320899,0.9814515709877014,0.9452145214521452,0.9,0.82,0.7866666666666666,mlp_shuffle_mean
SET_CEBPE,unseen_combo_fold0,8,0.005025708659862433,0.0729649290442466,0.9546642899513244,0.9432317629347472,0.7744521498680115,0.6412808055813856,0.7854496836662292,0.0344534404575824,0.8790207505226135,0.893921392139214,0.55,0.6,0.55,mlp_shuffle_mean
SET_KLF1,unseen_combo_fold0,8,0.0024726327974348666,0.0449141710996627,0.9854090213775636,0.9421594412107652,0.838479479153951,0.6741507316963601,0.8725298643112183,0.0183375291526317,0.9326951503753662,0.9108670867086708,0.5499999999999999,0.68,0.64,mlp_shuffle_mean
SGK1_S1PR2,unseen_combo_fold0,8,0.003399674547836133,0.0512982681393623,0.9786196947097778,0.944634544168136,0.8592202464739481,0.7034400862519525,0.8952792882919312,0.0318403579294681,0.936790406703949,0.9065226522652264,0.5666666666666668,0.7,0.6833333333333332,mlp_shuffle_mean
SGK1_TBX2,unseen_combo_fold4,8,0.0018313807280112664,0.0333286821842193,0.9909865260124208,0.942187684509707,0.9162527521451315,0.7415603047204191,0.9412473440170288,0.0079175187274813,0.9771503806114196,0.9318091809180918,0.7333333333333334,0.74,0.73,mlp_shuffle_mean
SGK1_TBX3,unseen_combo_fold0,8,0.003512434700193466,0.0414820946753025,0.9854453802108764,0.942757311058264,0.8567112684249878,0.6708504954056149,0.9264079332351683,0.0141104040667414,0.9710610508918762,0.905826582658266,0.6166666666666667,0.72,0.6699999999999999,mlp_shuffle_mean
SNAI1_DLX2,unseen_combo_fold4,8,0.004219425376504634,0.0505131408572196,0.9742026329040528,0.9332925471759804,0.859989603360494,0.6796773524904627,0.8931761384010315,0.0201864670962095,0.9474036693572998,0.8975817581758175,0.7166666666666667,0.66,0.71,mlp_shuffle_mean
SNAI1_UBASH3B,unseen_combo_fold4,8,0.0010924326100696666,0.0322590619325637,0.990243911743164,0.9484734092394336,0.8474615414937338,0.6517743892595809,0.8461180925369263,0.0072091561742126,0.9347810745239258,0.8918211821182118,0.65,0.66,0.6466666666666666,mlp_shuffle_mean
TBX3_TBX2,unseen_combo_fold0,8,0.0014523550247152,0.0305531490594148,0.992096781730652,0.9513502228927616,0.9290582338968912,0.6824578392368427,0.952691376209259,0.0081210108473896,0.9871170520782472,0.9117431743174318,0.75,0.74,0.7399999999999999,mlp_shuffle_mean
TGFBR2_C19orf26,unseen_combo_fold3,8,0.0018363623724629002,0.0399549677968025,0.9864489436149596,0.9624603171747592,0.8675436774889628,0.6122893383386475,0.8839718699455261,0.0214056111872196,0.9348573088645936,0.8962376237623763,0.5833333333333334,0.68,0.6433333333333334,mlp_shuffle_mean
TGFBR2_ETS2,unseen_combo_fold4,8,0.0010533090292786,0.0241969246417284,0.9949352741241456,0.9609761374646958,0.7722101410230001,0.5282150609499845,0.8670904636383057,0.003734478726983,0.9454947710037231,0.918175817581758,0.7166666666666667,0.76,0.6533333333333333,mlp_shuffle_mean
TGFBR2_IGDCC3,unseen_combo_fold3,8,0.0006362245379326,0.0238588638603687,0.995212197303772,0.9655866343477406,0.9416505694389343,0.689341840490105,0.9491952061653136,0.0027994757983833,0.9840859174728394,0.9483588358835884,0.7833333333333333,0.8,0.6966666666666667,mlp_shuffle_mean
TGFBR2_PRTG,unseen_combo_fold2,8,0.0007484561259237001,0.0253646969795227,0.9945318102836608,0.9594326056877344,0.9470250010490417,0.6984306188886847,0.9525119662284852,0.003930564969778,0.982671856880188,0.9389018901890188,0.7166666666666667,0.82,0.75,mlp_shuffle_mean
TMSB4X_BAK1,unseen_combo_fold4,8,0.0009279254785117333,0.0318212546408176,0.9921241402626038,0.9494337918628114,0.8646558125813802,0.2330854514297398,0.8411741256713867,0.0126923630014061,0.9425222277641296,0.8696549654965496,0.6,0.52,0.4266666666666667,mlp_shuffle_mean
UBASH3B_CNN1,unseen_combo_fold2,8,0.0016970802486563335,0.0453326776623725,0.9866304993629456,0.9467953614627546,0.9764278133710226,0.7404994411874066,0.9699351191520692,0.0314055681228637,0.9880428314208984,0.9332853285328532,0.8333333333333334,0.88,0.88,mlp_shuffle_mean
UBASH3B_OSR2,unseen_combo_fold2,8,0.0012162019653866334,0.0300399959087371,0.9918994307518004,0.9612915743856004,0.6383721629778544,0.5125463045395641,0.7195821404457092,0.0066231256350874,0.8135097026824951,0.7868346834683468,0.5333333333333333,0.52,0.48333333333333334,mlp_shuffle_mean
UBASH3B_PTPN12,unseen_combo_fold1,8,0.0008936939217770667,0.0348085463047027,0.9911527037620544,0.9576728975984728,0.9638015627861023,0.7365908612635547,0.9657724499702454,0.0159016754478216,0.9914770126342772,0.9276927692769276,0.85,0.78,0.8366666666666668,mlp_shuffle_mean
UBASH3B_PTPN9,unseen_combo_fold4,8,0.0010189634049310667,0.0357761271297931,0.9894026517868042,0.9572007456763908,0.9625166257222494,0.7300545154530718,0.9573014378547668,0.0163789838552474,0.9870203137397766,0.9465106510651063,0.7166666666666667,0.8,0.8133333333333334,mlp_shuffle_mean
UBASH3B_UBASH3A,unseen_combo_fold1,8,0.0011895179826144668,0.0275901816785335,0.993187665939331,0.9579676765502022,0.9137254556020101,0.6712986168640583,0.9234736561775208,0.0053986017592251,0.968068301677704,0.922160216021602,0.7666666666666666,0.78,0.7066666666666667,mlp_shuffle_mean
UBASH3B_ZBTB25,unseen_combo_fold4,8,0.001083482018051,0.0343867503106594,0.9902666807174684,0.9493125253984426,0.9584447145462036,0.6881413380838763,0.9565522074699402,0.0143814980983734,0.9841662049293518,0.9325292529252924,0.8500000000000001,0.72,0.7600000000000001,mlp_shuffle_mean
ZBTB10_DLX2,unseen_combo_fold3,8,0.010512235263983366,0.0816942229866981,0.9416830539703368,0.9277382518913544,0.8385319511095682,0.7143522198694856,0.8709477782249451,0.0758072733879089,0.9230748414993286,0.8887368736873688,0.6833333333333332,0.62,0.6866666666666666,mlp_shuffle_mean
ZBTB10_ELMSAN1,unseen_combo_fold2,8,0.004222927653851567,0.0620410032570362,0.9667145609855652,0.9359454628400302,0.8421827753384908,0.6588329393279164,0.8686553239822388,0.0419550687074661,0.9449777603149414,0.9145274527452746,0.75,0.64,0.64,mlp_shuffle_mean
ZBTB10_PTPN12,unseen_combo_fold0,8,0.0025945472298189664,0.0493759997189044,0.9790746569633484,0.9552653889552004,0.8298731247584025,0.742841200100133,0.8546549081802368,0.0099704377353191,0.9541861414909364,0.8968856885688569,0.5333333333333333,0.64,0.6966666666666667,mlp_shuffle_mean
ZBTB10_SNAI1,unseen_combo_fold2,8,0.004942866352697166,0.0576999932527542,0.9715701937675476,0.9353659970009258,0.9075676004091898,0.7730738783282105,0.9163856506347656,0.0210153553634881,0.9677192568778992,0.93009300930093,0.7333333333333334,0.72,0.7366666666666667,mlp_shuffle_mean
ZC3HAV1_CEBPA,unseen_combo_fold1,8,0.0056847645901143,0.0596387684345245,0.9763019680976868,0.949586769296264,0.9194886485735575,0.7777168278737755,0.946912407875061,0.0385589972138404,0.971650004386902,0.9501830183018302,0.7666666666666666,0.78,0.7833333333333332,mlp_shuffle_mean
ZC3HAV1_CEBPE,unseen_combo_fold3,8,0.0009818423422984,0.0582115091383457,0.9708205461502076,0.9528819019679512,0.8377519647280375,0.5524389360090074,0.8191114068031311,0.0279729273170232,0.909501612186432,0.8883648364836484,0.7333333333333334,0.7,0.67,mlp_shuffle_mean
ZC3HAV1_HOXC13,unseen_combo_fold3,8,0.002042296070915933,0.0341424345970153,0.9904628992080688,0.9517953103686132,0.7133273879686991,0.6189922801533617,0.8339287638664246,0.0108746076002717,0.9132471680641174,0.9021542154215422,0.5,0.64,0.5733333333333334,mlp_shuffle_mean
ZNF318_FOXL2,unseen_combo_fold3,8,0.0016968882797906667,0.0424085855484008,0.9833446145057678,0.953124307552338,0.8267393708229065,0.6356328807049895,0.7709800601005554,0.0163749922066926,0.8742376565933228,0.9008820882088208,0.6499999999999999,0.56,0.64,mlp_shuffle_mean
